Order_ID,Date,Region,Salesperson,Category,Product,Channel,Units,Unit_Price,Revenue,Cost,Profit
ORD-100336,46023,West,Rachel Green,Sports,Yoga Mat,Online,1,36.45,36.45,17.99,18.46
ORD-100364,46023,North,James Wilson,Electronics,Headphones,Online,4,98.46,393.84,237.79,156.05
ORD-100671,46023,East,David Lee,Clothing,Hoodie,Online,6,62.02,372.12,184.57,187.55
ORD-100998,46023,West,Jordan Smith,Sports,Running Shoes,Store,2,120.42,240.84,143.56,97.28
ORD-101335,46023,North,James Wilson,Electronics,Webcam,Marketplace,1,103.41,103.41,62.69,40.72
ORD-101416,46023,South,Chris Brown,Clothing,Jeans,Marketplace,2,64.51,129.02,67.81,61.21
ORD-101446,46023,West,Tom Nguyen,Home,Coffee Maker,Online,3,109.77,329.31,206.11,123.2
ORD-101453,46023,West,Rachel Green,Sports,Dumbbells,Marketplace,5,69.7,348.5,212.65,135.85
ORD-102199,46023,East,Sarah Kim,Clothing,Jacket,Store,1,90.36,90.36,51.11,39.25
ORD-102409,46023,West,Rachel Green,Electronics,Webcam,Store,5,118.54,592.7,343.94,248.76
ORD-102441,46023,North,Nina Patel,Home,Air Fryer,Marketplace,6,146.25,877.5,587.37,290.13
ORD-102452,46023,West,Jordan Smith,Clothing,Jeans,Store,5,68.98,344.9,173,171.9
ORD-102502,46023,West,Rachel Green,Electronics,Webcam,Online,5,111.97,559.85,331.81,228.04
ORD-102590,46023,South,Mike Davis,Home,Air Fryer,Online,2,164.39,328.78,220.94,107.84
ORD-102846,46023,East,Marcus Reed,Sports,Running Shoes,Marketplace,1,114.34,114.34,69.47,44.87
ORD-102947,46023,South,Ana Lopez,Home,Air Fryer,Online,1,164.21,164.21,112.19,52.02
ORD-103068,46023,North,Emily Chen,Clothing,Sneakers,Online,6,112.21,673.26,392.44,280.82
ORD-103217,46023,West,Tom Nguyen,Home,Vacuum,Store,2,188.83,377.66,255.67,121.99
ORD-103299,46023,South,Chris Brown,Clothing,Jacket,Store,2,93.22,186.44,98.93,87.51
ORD-103382,46023,South,Chris Brown,Electronics,Keyboard,Online,2,67.64,135.28,81.42,53.86
ORD-103505,46023,West,Tom Nguyen,Clothing,Jacket,Store,3,103.24,309.72,171.89,137.83
ORD-103577,46023,North,Nina Patel,Electronics,Keyboard,Store,5,69.68,348.4,197.36,151.04
ORD-103960,46023,East,Marcus Reed,Clothing,Sneakers,Store,6,99.66,597.96,361.78,236.18
ORD-103978,46023,West,Rachel Green,Sports,Fitness Tracker,Marketplace,4,136.82,547.28,373.98,173.3
ORD-104228,46023,West,Rachel Green,Home,Coffee Maker,Marketplace,5,115.19,575.95,372.21,203.74
ORD-104563,46023,South,Ana Lopez,Clothing,Hoodie,Marketplace,5,64.37,321.85,158.66,163.19
ORD-104591,46023,North,Emily Chen,Electronics,Webcam,Online,1,113.65,113.65,68.81,44.84
ORD-104934,46023,East,Sarah Kim,Sports,Dumbbells,Online,6,77.82,466.92,295.06,171.86
ORD-104970,46023,North,Nina Patel,Clothing,Jacket,Store,4,88.38,353.52,195.61,157.91
ORD-100042,46024,South,Ana Lopez,Electronics,Headphones,Online,6,97.65,585.9,351.61,234.29
ORD-100130,46024,West,Tom Nguyen,Clothing,Jeans,Online,3,66.53,199.59,102.08,97.51
ORD-100267,46024,South,Chris Brown,Clothing,Jeans,Marketplace,6,65.85,395.1,205.92,189.18
ORD-100296,46024,South,Chris Brown,Sports,Fitness Tracker,Store,2,150.07,300.14,197.27,102.87
ORD-100643,46024,North,Emily Chen,Home,Blender,Marketplace,3,89.6,268.8,175.75,93.05
ORD-100926,46024,West,Rachel Green,Home,Coffee Maker,Online,2,126.18,252.36,161.06,91.3
ORD-101207,46024,North,Emily Chen,Sports,Fitness Tracker,Online,1,145.04,145.04,92.74,52.3
ORD-101260,46024,West,Jordan Smith,Home,Air Fryer,Store,6,158.27,949.62,656.42,293.2
ORD-101321,46024,South,Mike Davis,Electronics,Webcam,Online,2,112.06,224.12,134.16,89.96
ORD-101368,46024,East,David Lee,Clothing,Sneakers,Store,3,100.15,300.45,181.06,119.39
ORD-101518,46024,North,Nina Patel,Home,Air Fryer,Store,6,149.9,899.4,611.41,287.99
ORD-101682,46024,East,Marcus Reed,Electronics,Keyboard,Store,3,62.94,188.82,110.82,78
ORD-101760,46024,South,Ana Lopez,Home,Blender,Store,6,84.45,506.7,354.44,152.26
ORD-101767,46024,South,Mike Davis,Sports,Yoga Mat,Marketplace,6,37.71,226.26,108.97,117.29
ORD-102074,46024,South,Chris Brown,Clothing,Hoodie,Store,4,61.35,245.4,118.21,127.19
ORD-102576,46024,South,Chris Brown,Electronics,Keyboard,Store,4,62.04,248.16,149.38,98.78
ORD-102692,46024,East,David Lee,Home,Blender,Online,5,83.59,417.95,275.63,142.32
ORD-102930,46024,West,Jordan Smith,Clothing,Jeans,Store,1,74.77,74.77,38.35,36.42
ORD-103127,46024,West,Jordan Smith,Home,Vacuum,Marketplace,2,194.59,389.18,267.68,121.5
ORD-103338,46024,North,James Wilson,Sports,Dumbbells,Marketplace,5,78.51,392.55,245.76,146.79
ORD-103760,46024,North,Emily Chen,Clothing,Jeans,Online,5,64.48,322.4,163.43,158.97
ORD-104009,46024,South,Mike Davis,Clothing,Sneakers,Store,1,111.36,111.36,64.41,46.95
ORD-104126,46024,South,Ana Lopez,Home,Vacuum,Store,6,184.86,1109.16,778.73,330.43
ORD-104333,46024,East,Sarah Kim,Clothing,Hoodie,Online,4,63.39,253.56,124.93,128.63
ORD-104684,46024,West,Rachel Green,Sports,Running Shoes,Store,4,121.4,485.6,286.55,199.05
ORD-104775,46024,South,Mike Davis,Sports,Dumbbells,Online,3,81.85,245.55,147.8,97.75
ORD-104874,46024,East,David Lee,Clothing,Hoodie,Online,6,56.55,339.3,163.02,176.28
ORD-100081,46025,East,Sarah Kim,Sports,Fitness Tracker,Store,4,144.77,579.08,390.23,188.85
ORD-100658,46025,South,Ana Lopez,Sports,Running Shoes,Store,6,130,780,453.64,326.36
ORD-100729,46025,South,Chris Brown,Sports,Fitness Tracker,Store,6,134.25,805.5,511.33,294.17
ORD-101083,46025,West,Rachel Green,Sports,Running Shoes,Online,1,121.67,121.67,70.4,51.27
ORD-101204,46025,South,Chris Brown,Sports,Yoga Mat,Store,3,42.32,126.96,59.64,67.32
ORD-101235,46025,East,David Lee,Electronics,Keyboard,Online,6,62.65,375.9,214.91,160.99
ORD-101277,46025,West,Rachel Green,Sports,Dumbbells,Online,6,67.77,406.62,246.79,159.83
ORD-101293,46025,East,Sarah Kim,Electronics,Headphones,Marketplace,3,88.07,264.21,158.43,105.78
ORD-101336,46025,North,James Wilson,Sports,Fitness Tracker,Online,5,147.75,738.75,487.85,250.9
ORD-101408,46025,East,Sarah Kim,Clothing,Jeans,Online,3,64.48,193.44,97.33,96.11
ORD-101451,46025,West,Tom Nguyen,Electronics,Headphones,Online,3,87.12,261.36,161.88,99.48
ORD-101497,46025,West,Jordan Smith,Home,Vacuum,Store,1,187.48,187.48,126.23,61.25
ORD-101640,46025,East,Sarah Kim,Electronics,Webcam,Marketplace,1,116.56,116.56,71.87,44.69
ORD-101735,46025,West,Jordan Smith,Home,Air Fryer,Marketplace,4,139.55,558.2,370.65,187.55
ORD-101844,46025,West,Jordan Smith,Sports,Fitness Tracker,Marketplace,1,147.42,147.42,98.87,48.55
ORD-101993,46025,West,Rachel Green,Sports,Running Shoes,Marketplace,1,123.65,123.65,75.32,48.33
ORD-102458,46025,West,Jordan Smith,Electronics,Headphones,Online,4,84.8,339.2,216.43,122.77
ORD-102482,46025,South,Mike Davis,Electronics,Monitor,Online,3,262.44,787.32,550.98,236.34
ORD-102615,46025,East,Marcus Reed,Clothing,Jeans,Online,1,70.01,70.01,37.12,32.89
ORD-102766,46025,East,Sarah Kim,Electronics,Webcam,Store,5,117.67,588.35,366.07,222.28
ORD-102781,46025,West,Rachel Green,Home,Coffee Maker,Online,1,131.21,131.21,82.25,48.96
ORD-102916,46025,South,Chris Brown,Clothing,Hoodie,Online,5,54.17,270.85,131.17,139.68
ORD-103748,46025,East,Marcus Reed,Electronics,Webcam,Marketplace,4,104.88,419.52,249.87,169.65
ORD-103984,46025,East,David Lee,Electronics,Keyboard,Store,5,65.45,327.25,183.46,143.79
ORD-104447,46025,East,Sarah Kim,Clothing,Sneakers,Online,3,120.71,362.13,211.87,150.26
ORD-104528,46025,North,Nina Patel,Sports,Yoga Mat,Online,4,43.6,174.4,83.76,90.64
ORD-104650,46025,South,Ana Lopez,Sports,Yoga Mat,Marketplace,1,40.13,40.13,19.91,20.22
ORD-100156,46026,West,Jordan Smith,Clothing,Jacket,Store,3,90.06,270.18,150.32,119.86
ORD-100295,46026,East,Sarah Kim,Sports,Fitness Tracker,Store,2,128.54,257.08,168.64,88.44
ORD-100649,46026,West,Tom Nguyen,Electronics,Headphones,Online,3,81.53,244.59,157.59,87
ORD-100849,46026,North,Emily Chen,Clothing,Hoodie,Store,6,61.13,366.78,178.22,188.56
ORD-100915,46026,West,Tom Nguyen,Electronics,Monitor,Online,2,251.23,502.46,343.13,159.33
ORD-100973,46026,West,Jordan Smith,Home,Blender,Online,6,89.9,539.4,357.05,182.35
ORD-101059,46026,South,Chris Brown,Clothing,Jeans,Store,2,73.32,146.64,73.78,72.86
ORD-101114,46026,East,David Lee,Home,Vacuum,Store,4,180.24,720.96,512.43,208.53
ORD-101326,46026,West,Rachel Green,Electronics,Monitor,Marketplace,2,272.49,544.98,396.5,148.48
ORD-101360,46026,East,Marcus Reed,Sports,Fitness Tracker,Online,6,134.54,807.24,517.33,289.91
ORD-101429,46026,East,Sarah Kim,Home,Coffee Maker,Store,3,125.07,375.21,234.42,140.79
ORD-101460,46026,South,Ana Lopez,Clothing,Jacket,Online,5,86.63,433.15,242.01,191.14
ORD-101869,46026,West,Tom Nguyen,Clothing,Hoodie,Online,6,59.13,354.78,174.29,180.49
ORD-102355,46026,North,Nina Patel,Sports,Yoga Mat,Store,5,37.75,188.75,94.01,94.74
ORD-102374,46026,East,David Lee,Clothing,Hoodie,Store,3,61.57,184.71,95.16,89.55
ORD-102636,46026,South,Mike Davis,Electronics,Monitor,Online,3,231.86,695.58,503.7,191.88
ORD-102724,46026,North,Nina Patel,Sports,Yoga Mat,Store,3,40.39,121.17,59.38,61.79
ORD-102999,46026,East,Marcus Reed,Home,Vacuum,Online,1,204.51,204.51,137.1,67.41
ORD-103021,46026,West,Tom Nguyen,Sports,Running Shoes,Store,3,114.74,344.22,196.31,147.91
ORD-103167,46026,South,Mike Davis,Electronics,Headphones,Store,2,97.9,195.8,126.17,69.63
ORD-103326,46026,West,Rachel Green,Clothing,Jacket,Online,5,96.03,480.15,262.31,217.84
ORD-103378,46026,East,Marcus Reed,Sports,Fitness Tracker,Online,6,139.99,839.94,549.99,289.95
ORD-103453,46026,East,David Lee,Sports,Fitness Tracker,Online,5,140.86,704.3,460.8,243.5
ORD-103494,46026,North,Nina Patel,Electronics,Webcam,Marketplace,5,117.11,585.55,355.37,230.18
ORD-103807,46026,North,Emily Chen,Sports,Yoga Mat,Online,5,42.04,210.2,102.25,107.95
ORD-103923,46026,West,Jordan Smith,Home,Coffee Maker,Store,6,120.65,723.9,467.4,256.5
ORD-103985,46026,North,Emily Chen,Home,Vacuum,Store,3,198.87,596.61,416.13,180.48
ORD-104140,46026,East,Sarah Kim,Clothing,Jacket,Online,6,91.7,550.2,296.16,254.04
ORD-104249,46026,East,Marcus Reed,Home,Blender,Store,3,86.9,260.7,179.07,81.63
ORD-104290,46026,East,Marcus Reed,Sports,Fitness Tracker,Store,5,135.51,677.55,460.34,217.21
ORD-104466,46026,South,Mike Davis,Clothing,Hoodie,Store,3,58.31,174.93,86.58,88.35
ORD-104527,46026,East,Sarah Kim,Home,Blender,Marketplace,4,91.29,365.16,252.58,112.58
ORD-104624,46026,South,Chris Brown,Sports,Fitness Tracker,Online,3,149.21,447.63,283.91,163.72
ORD-104777,46026,North,James Wilson,Electronics,Webcam,Marketplace,4,101.68,406.72,246.85,159.87
ORD-104802,46026,West,Tom Nguyen,Electronics,Webcam,Online,5,113.71,568.55,353.2,215.35
ORD-104850,46026,South,Ana Lopez,Sports,Dumbbells,Online,5,70.64,353.2,221.83,131.37
ORD-100387,46027,West,Tom Nguyen,Clothing,Jacket,Marketplace,3,89.87,269.61,144.38,125.23
ORD-100480,46027,South,Mike Davis,Home,Air Fryer,Store,4,155.34,621.36,421.87,199.49
ORD-100768,46027,East,Sarah Kim,Sports,Fitness Tracker,Store,1,144.21,144.21,96.56,47.65
ORD-101218,46027,South,Mike Davis,Home,Air Fryer,Online,6,139.09,834.54,574.08,260.46
ORD-101928,46027,East,Marcus Reed,Clothing,Jeans,Online,5,71.67,358.35,185.33,173.02
ORD-102133,46027,South,Mike Davis,Home,Vacuum,Store,5,186.76,933.8,633.95,299.85
ORD-102265,46027,West,Jordan Smith,Home,Vacuum,Store,2,187.06,374.12,267.8,106.32
ORD-102343,46027,North,Emily Chen,Home,Coffee Maker,Store,4,121.63,486.52,321.24,165.28
ORD-102349,46027,West,Tom Nguyen,Home,Air Fryer,Online,3,162.11,486.33,318.7,167.63
ORD-102462,46027,West,Tom Nguyen,Sports,Dumbbells,Marketplace,2,80.17,160.34,99.73,60.61
ORD-102634,46027,South,Ana Lopez,Clothing,Hoodie,Store,6,56.35,338.1,174.65,163.45
ORD-102772,46027,West,Rachel Green,Home,Air Fryer,Marketplace,4,158.02,632.08,424.81,207.27
ORD-102965,46027,West,Jordan Smith,Home,Air Fryer,Online,6,153.62,921.72,622.81,298.91
ORD-102995,46027,West,Tom Nguyen,Home,Blender,Store,2,78.41,156.82,108.61,48.21
ORD-103118,46027,East,Marcus Reed,Home,Coffee Maker,Online,2,111.55,223.1,139.29,83.81
ORD-103350,46027,East,Sarah Kim,Home,Coffee Maker,Online,2,122.97,245.94,158.7,87.24
ORD-103783,46027,South,Ana Lopez,Clothing,Sneakers,Store,5,118.98,594.9,356.08,238.82
ORD-103935,46027,East,David Lee,Sports,Fitness Tracker,Store,2,143.06,286.12,182.13,103.99
ORD-103936,46027,North,Nina Patel,Electronics,Monitor,Store,3,225.15,675.45,465.26,210.19
ORD-103993,46027,West,Rachel Green,Clothing,Jacket,Store,3,90.33,270.99,147.9,123.09
ORD-104050,46027,East,Marcus Reed,Electronics,Headphones,Online,1,87.2,87.2,53.52,33.68
ORD-104280,46027,West,Jordan Smith,Home,Coffee Maker,Store,3,108.54,325.62,215.05,110.57
ORD-104289,46027,East,Sarah Kim,Home,Air Fryer,Store,4,141.39,565.56,369.21,196.35
ORD-104504,46027,West,Tom Nguyen,Home,Blender,Store,5,82.8,414,286.89,127.11
ORD-104581,46027,East,David Lee,Clothing,Sneakers,Store,2,99.73,199.46,122.53,76.93
ORD-104735,46027,North,James Wilson,Clothing,Sneakers,Store,5,112.25,561.25,346.44,214.81
ORD-104739,46027,South,Mike Davis,Home,Vacuum,Marketplace,6,171.27,1027.62,693.73,333.89
ORD-104821,46027,East,Sarah Kim,Electronics,Keyboard,Online,6,68.18,409.08,245.54,163.54
ORD-100495,46028,West,Rachel Green,Home,Coffee Maker,Online,5,114.92,574.6,375.14,199.46
ORD-100596,46028,East,Sarah Kim,Home,Coffee Maker,Store,4,131.09,524.36,341.14,183.22
ORD-100942,46028,West,Jordan Smith,Home,Air Fryer,Store,2,148.04,296.08,203.19,92.89
ORD-101535,46028,North,Nina Patel,Sports,Fitness Tracker,Online,5,148.92,744.6,502.16,242.44
ORD-101663,46028,South,Ana Lopez,Clothing,Sneakers,Marketplace,5,120.36,601.8,367.66,234.14
ORD-101684,46028,South,Ana Lopez,Clothing,Sneakers,Online,4,112.9,451.6,267.11,184.49
ORD-101828,46028,South,Mike Davis,Electronics,Headphones,Online,3,84.48,253.44,158.79,94.65
ORD-101919,46028,North,Nina Patel,Electronics,Monitor,Marketplace,6,246.79,1480.74,1023.93,456.81
ORD-102235,46028,North,James Wilson,Electronics,Monitor,Online,3,225.2,675.6,486.05,189.55
ORD-102296,46028,East,Marcus Reed,Sports,Dumbbells,Online,2,68.11,136.22,82.62,53.6
ORD-102912,46028,South,Chris Brown,Home,Air Fryer,Store,4,139.05,556.2,383.17,173.03
ORD-102948,46028,North,Nina Patel,Home,Coffee Maker,Marketplace,2,114.91,229.82,149.37,80.45
ORD-103170,46028,West,Rachel Green,Electronics,Monitor,Store,2,236.31,472.62,335.17,137.45
ORD-103177,46028,South,Chris Brown,Clothing,Hoodie,Store,2,55.68,111.36,55.79,55.57
ORD-103222,46028,West,Rachel Green,Clothing,Jacket,Store,5,95.31,476.55,267.76,208.79
ORD-103383,46028,South,Ana Lopez,Clothing,Jeans,Online,1,65.91,65.91,35.46,30.45
ORD-103689,46028,West,Tom Nguyen,Electronics,Headphones,Store,4,88.48,353.92,221.21,132.71
ORD-103691,46028,South,Chris Brown,Electronics,Monitor,Store,2,258.79,517.58,363,154.58
ORD-103850,46028,West,Tom Nguyen,Sports,Fitness Tracker,Store,3,134.26,402.78,265.32,137.46
ORD-104404,46028,South,Chris Brown,Clothing,Jeans,Store,1,67.85,67.85,36.31,31.54
ORD-104423,46028,North,Emily Chen,Clothing,Hoodie,Store,4,62.13,248.52,120.43,128.09
ORD-104509,46028,North,Nina Patel,Clothing,Jacket,Store,1,101.27,101.27,56.08,45.19
ORD-104724,46028,North,Nina Patel,Clothing,Hoodie,Online,6,62.16,372.96,181.24,191.72
ORD-104736,46028,North,James Wilson,Electronics,Webcam,Online,1,107.94,107.94,66.13,41.81
ORD-104764,46028,East,Sarah Kim,Clothing,Sneakers,Online,5,109.97,549.85,330.95,218.9
ORD-104937,46028,East,David Lee,Home,Vacuum,Marketplace,1,171.4,171.4,116.44,54.96
ORD-100308,46029,South,Mike Davis,Electronics,Keyboard,Store,5,66.33,331.65,197.85,133.8
ORD-100363,46029,South,Chris Brown,Clothing,Jacket,Online,3,95.18,285.54,157.14,128.4
ORD-100394,46029,West,Jordan Smith,Electronics,Keyboard,Store,6,69.81,418.86,246.8,172.06
ORD-100669,46029,East,Sarah Kim,Electronics,Webcam,Marketplace,6,100.02,600.12,367.56,232.56
ORD-100759,46029,North,Nina Patel,Electronics,Webcam,Online,2,104.52,209.04,123.89,85.15
ORD-100935,46029,South,Ana Lopez,Sports,Yoga Mat,Marketplace,2,40.14,80.28,37.79,42.49
ORD-101087,46029,South,Ana Lopez,Sports,Yoga Mat,Store,6,36.52,219.12,103.69,115.43
ORD-101144,46029,North,Nina Patel,Electronics,Webcam,Store,5,111,555,341.4,213.6
ORD-101219,46029,South,Chris Brown,Clothing,Jeans,Store,2,63.53,127.06,64.47,62.59
ORD-101287,46029,East,David Lee,Electronics,Webcam,Online,5,111.05,555.25,338.37,216.88
ORD-101352,46029,South,Mike Davis,Sports,Dumbbells,Online,6,71.61,429.66,254.91,174.75
ORD-101362,46029,West,Rachel Green,Electronics,Monitor,Store,4,273.12,1092.48,764.36,328.12
ORD-101655,46029,South,Ana Lopez,Home,Vacuum,Online,5,185.54,927.7,658.84,268.86
ORD-101812,46029,East,David Lee,Clothing,Jeans,Online,6,63.49,380.94,192.43,188.51
ORD-102033,46029,West,Tom Nguyen,Electronics,Keyboard,Store,2,63.18,126.36,75.76,50.6
ORD-102158,46029,South,Mike Davis,Home,Coffee Maker,Online,5,118.27,591.35,383.06,208.29
ORD-102323,46029,East,Sarah Kim,Clothing,Sneakers,Store,1,116.75,116.75,67.7,49.05
ORD-102487,46029,East,David Lee,Electronics,Headphones,Online,4,86.86,347.44,222.84,124.6
ORD-102598,46029,North,Nina Patel,Electronics,Webcam,Marketplace,4,113,452,263.39,188.61
ORD-102635,46029,East,Sarah Kim,Sports,Yoga Mat,Online,2,40.5,81,39.9,41.1
ORD-102685,46029,West,Jordan Smith,Home,Air Fryer,Store,6,164.81,988.86,650.79,338.07
ORD-102709,46029,East,David Lee,Clothing,Sneakers,Online,3,102.46,307.38,188.4,118.98
ORD-102722,46029,North,Emily Chen,Clothing,Hoodie,Online,3,61.33,183.99,93.39,90.6
ORD-102870,46029,West,Rachel Green,Home,Vacuum,Online,6,186.39,1118.34,761.51,356.83
ORD-102983,46029,North,James Wilson,Sports,Running Shoes,Store,6,117.89,707.34,416.46,290.88
ORD-103130,46029,East,Marcus Reed,Home,Coffee Maker,Store,1,123.42,123.42,75.95,47.47
ORD-103131,46029,South,Ana Lopez,Home,Air Fryer,Online,6,136.54,819.24,548.71,270.53
ORD-103204,46029,East,David Lee,Home,Blender,Marketplace,5,89.28,446.4,312.91,133.49
ORD-103255,46029,South,Mike Davis,Electronics,Webcam,Marketplace,1,99.59,99.59,59,40.59
ORD-103364,46029,West,Rachel Green,Sports,Dumbbells,Store,6,69.57,417.42,258.31,159.11
ORD-103548,46029,North,Nina Patel,Electronics,Webcam,Online,5,101.07,505.35,307.29,198.06
ORD-103659,46029,West,Jordan Smith,Sports,Yoga Mat,Store,3,39.73,119.19,58.89,60.3
ORD-103705,46029,South,Mike Davis,Electronics,Monitor,Online,1,247.62,247.62,179.07,68.55
ORD-103930,46029,South,Chris Brown,Sports,Running Shoes,Store,5,123.96,619.8,356.13,263.67
ORD-104008,46029,North,Nina Patel,Electronics,Keyboard,Store,1,67.6,67.6,38,29.6
ORD-104406,46029,South,Chris Brown,Electronics,Monitor,Marketplace,6,263.9,1583.4,1067.13,516.27
ORD-104530,46029,North,Emily Chen,Electronics,Monitor,Store,4,228.9,915.6,627.86,287.74
ORD-104744,46029,North,James Wilson,Clothing,Hoodie,Online,1,58.47,58.47,28.23,30.24
ORD-100168,46030,North,Emily Chen,Clothing,Jeans,Store,2,70.06,140.12,74.32,65.8
ORD-100578,46030,North,Nina Patel,Clothing,Jeans,Marketplace,1,69.73,69.73,35.56,34.17
ORD-100613,46030,East,Marcus Reed,Sports,Fitness Tracker,Marketplace,2,142.93,285.86,182.39,103.47
ORD-100793,46030,North,James Wilson,Sports,Running Shoes,Store,4,123.87,495.48,287.37,208.11
ORD-101054,46030,South,Chris Brown,Sports,Dumbbells,Online,4,68.69,274.76,173.73,101.03
ORD-101069,46030,North,James Wilson,Home,Coffee Maker,Store,6,129.99,779.94,501.16,278.78
ORD-101123,46030,West,Rachel Green,Electronics,Monitor,Marketplace,2,262.06,524.12,370.2,153.92
ORD-101135,46030,South,Mike Davis,Electronics,Keyboard,Store,3,65.18,195.54,114.3,81.24
ORD-101459,46030,East,David Lee,Electronics,Headphones,Online,3,88.51,265.53,158.08,107.45
ORD-101623,46030,East,David Lee,Home,Coffee Maker,Online,6,110.57,663.42,435.64,227.78
ORD-101631,46030,East,Sarah Kim,Sports,Yoga Mat,Marketplace,4,42,168,82.37,85.63
ORD-101673,46030,North,Emily Chen,Home,Air Fryer,Store,1,154.55,154.55,104.49,50.06
ORD-101725,46030,South,Mike Davis,Clothing,Jeans,Online,1,63.6,63.6,33.22,30.38
ORD-101916,46030,East,David Lee,Clothing,Sneakers,Online,1,116.69,116.69,68.53,48.16
ORD-102205,46030,West,Rachel Green,Sports,Fitness Tracker,Marketplace,4,148.49,593.96,383.2,210.76
ORD-102263,46030,South,Mike Davis,Electronics,Headphones,Marketplace,6,93.51,561.06,348.77,212.29
ORD-102538,46030,South,Mike Davis,Home,Coffee Maker,Online,6,111.25,667.5,421.38,246.12
ORD-102668,46030,West,Tom Nguyen,Clothing,Jacket,Store,2,103.77,207.54,109.8,97.74
ORD-102858,46030,South,Mike Davis,Sports,Fitness Tracker,Online,1,142.74,142.74,93.57,49.17
ORD-103209,46030,East,Sarah Kim,Electronics,Monitor,Store,6,257.18,1543.08,1081.79,461.29
ORD-103439,46030,East,David Lee,Electronics,Webcam,Store,5,108.3,541.5,317.46,224.04
ORD-103442,46030,East,Marcus Reed,Electronics,Webcam,Marketplace,2,113.98,227.96,137,90.96
ORD-103587,46030,East,Sarah Kim,Home,Coffee Maker,Marketplace,5,131.83,659.15,419.41,239.74
ORD-103834,46030,East,Marcus Reed,Electronics,Headphones,Online,2,87.59,175.18,111.85,63.33
ORD-104397,46030,West,Rachel Green,Electronics,Monitor,Online,4,265.33,1061.32,753.07,308.25
ORD-104450,46030,South,Mike Davis,Home,Coffee Maker,Online,5,118.35,591.75,376.55,215.2
ORD-104541,46030,West,Jordan Smith,Home,Air Fryer,Marketplace,4,147.61,590.44,401,189.44
ORD-104618,46030,East,David Lee,Electronics,Keyboard,Online,4,60.88,243.52,146.35,97.17
ORD-104732,46030,East,David Lee,Clothing,Jacket,Store,2,88.57,177.14,95.53,81.61
ORD-104959,46030,North,Emily Chen,Clothing,Sneakers,Store,6,119.82,718.92,430.25,288.67
ORD-104997,46030,South,Ana Lopez,Home,Blender,Store,5,78.58,392.9,263.42,129.48
ORD-100326,46031,South,Mike Davis,Electronics,Headphones,Store,6,88.56,531.36,321.22,210.14
ORD-100362,46031,West,Jordan Smith,Clothing,Jeans,Store,4,72.67,290.68,145.31,145.37
ORD-100566,46031,West,Tom Nguyen,Sports,Running Shoes,Online,1,120.39,120.39,68.93,51.46
ORD-100890,46031,South,Mike Davis,Electronics,Webcam,Online,3,108.95,326.85,195.07,131.78
ORD-101115,46031,North,James Wilson,Electronics,Keyboard,Online,5,64.78,323.9,183.7,140.2
ORD-101312,46031,West,Tom Nguyen,Electronics,Monitor,Online,3,245.05,735.15,534.52,200.63
ORD-101390,46031,South,Ana Lopez,Sports,Yoga Mat,Online,2,40.86,81.72,40.61,41.11
ORD-101581,46031,South,Ana Lopez,Electronics,Keyboard,Online,2,62.99,125.98,75.4,50.58
ORD-101691,46031,East,Sarah Kim,Clothing,Jacket,Online,3,101.86,305.58,168.41,137.17
ORD-101724,46031,South,Chris Brown,Sports,Yoga Mat,Online,2,37.35,74.7,37.19,37.51
ORD-101949,46031,East,Sarah Kim,Sports,Running Shoes,Online,1,130.98,130.98,76.7,54.28
ORD-102126,46031,West,Jordan Smith,Home,Blender,Store,1,76.68,76.68,53.25,23.43
ORD-102532,46031,East,David Lee,Home,Air Fryer,Online,5,156.01,780.05,514.43,265.62
ORD-103406,46031,North,James Wilson,Clothing,Jacket,Online,4,99.98,399.92,219.65,180.27
ORD-103866,46031,East,Sarah Kim,Electronics,Monitor,Store,5,264.67,1323.35,945.09,378.26
ORD-104255,46031,East,David Lee,Clothing,Sneakers,Marketplace,3,100.95,302.85,185.81,117.04
ORD-104286,46031,South,Chris Brown,Clothing,Sneakers,Online,6,106.64,639.84,381.48,258.36
ORD-104733,46031,North,James Wilson,Sports,Dumbbells,Online,3,75.36,226.08,135.94,90.14
ORD-104809,46031,East,Sarah Kim,Clothing,Jeans,Marketplace,3,66.51,199.53,104.78,94.75
ORD-104926,46031,West,Tom Nguyen,Sports,Fitness Tracker,Online,6,138.09,828.54,552.39,276.15
ORD-104989,46031,North,Emily Chen,Clothing,Jacket,Online,1,99.38,99.38,54.25,45.13
ORD-100119,46032,East,David Lee,Sports,Fitness Tracker,Store,2,141.5,283,185.23,97.77
ORD-100311,46032,East,David Lee,Home,Blender,Online,1,86.12,86.12,58.16,27.96
ORD-100872,46032,South,Ana Lopez,Electronics,Keyboard,Online,4,69.48,277.92,165.52,112.4
ORD-101215,46032,East,David Lee,Electronics,Webcam,Online,5,112.17,560.85,341.38,219.47
ORD-101458,46032,South,Chris Brown,Clothing,Jacket,Store,3,98.83,296.49,163.96,132.53
ORD-101667,46032,North,Emily Chen,Clothing,Hoodie,Store,4,64.67,258.68,128.89,129.79
ORD-102213,46032,West,Rachel Green,Electronics,Headphones,Online,4,97.13,388.52,244.88,143.64
ORD-102746,46032,West,Jordan Smith,Clothing,Jeans,Online,6,66.25,397.5,198.92,198.58
ORD-102914,46032,East,Marcus Reed,Clothing,Jacket,Marketplace,6,85.69,514.14,293.47,220.67
ORD-102918,46032,South,Chris Brown,Home,Coffee Maker,Online,5,127.5,637.5,412.89,224.61
ORD-102920,46032,North,Nina Patel,Home,Vacuum,Store,6,185.35,1112.1,738.04,374.06
ORD-103292,46032,East,David Lee,Home,Air Fryer,Store,2,142.41,284.82,195.89,88.93
ORD-103337,46032,East,Sarah Kim,Sports,Dumbbells,Store,1,76.23,76.23,46.54,29.69
ORD-103653,46032,South,Ana Lopez,Electronics,Monitor,Online,2,236.81,473.62,339.19,134.43
ORD-103766,46032,West,Tom Nguyen,Electronics,Keyboard,Store,5,63.18,315.9,182.9,133
ORD-104062,46032,South,Chris Brown,Electronics,Headphones,Store,2,93.2,186.4,120,66.4
ORD-104081,46032,South,Ana Lopez,Clothing,Hoodie,Online,1,59.28,59.28,30.58,28.7
ORD-104093,46032,North,Emily Chen,Home,Coffee Maker,Online,3,113.21,339.63,224.13,115.5
ORD-104552,46032,South,Ana Lopez,Sports,Dumbbells,Store,1,73.09,73.09,44.22,28.87
ORD-104640,46032,West,Jordan Smith,Sports,Running Shoes,Online,2,115.46,230.92,134.94,95.98
ORD-104791,46032,South,Mike Davis,Electronics,Headphones,Online,5,84.87,424.35,262.76,161.59
ORD-100271,46033,West,Rachel Green,Home,Blender,Online,1,79.51,79.51,54.74,24.77
ORD-100349,46033,South,Ana Lopez,Home,Air Fryer,Marketplace,5,139.81,699.05,457.21,241.84
ORD-100392,46033,South,Ana Lopez,Clothing,Hoodie,Marketplace,1,56.1,56.1,28.64,27.46
ORD-100514,46033,West,Rachel Green,Electronics,Monitor,Marketplace,1,268.47,268.47,193.68,74.79
ORD-100675,46033,East,David Lee,Home,Blender,Online,4,86.91,347.64,228.27,119.37
ORD-101261,46033,North,James Wilson,Clothing,Hoodie,Marketplace,5,64.51,322.55,164.13,158.42
ORD-101396,46033,East,David Lee,Clothing,Sneakers,Online,5,107.23,536.15,327.98,208.17
ORD-101610,46033,East,Sarah Kim,Electronics,Webcam,Store,4,100.09,400.36,234.17,166.19
ORD-101881,46033,East,Sarah Kim,Sports,Yoga Mat,Online,1,41.03,41.03,19.2,21.83
ORD-101937,46033,West,Rachel Green,Sports,Fitness Tracker,Store,1,153.8,153.8,104.37,49.43
ORD-102109,46033,West,Rachel Green,Electronics,Headphones,Online,3,90.63,271.89,169.39,102.5
ORD-102489,46033,West,Rachel Green,Electronics,Keyboard,Store,4,66.77,267.08,152.62,114.46
ORD-102518,46033,East,Sarah Kim,Electronics,Monitor,Store,5,273.54,1367.7,973.46,394.24
ORD-102536,46033,West,Tom Nguyen,Clothing,Jeans,Online,4,69.47,277.88,142.67,135.21
ORD-102561,46033,West,Rachel Green,Sports,Running Shoes,Marketplace,3,122.89,368.67,215.56,153.11
ORD-102769,46033,West,Tom Nguyen,Clothing,Sneakers,Online,5,117.75,588.75,350.92,237.83
ORD-102807,46033,East,Sarah Kim,Electronics,Keyboard,Marketplace,5,62.59,312.95,180.48,132.47
ORD-103144,46033,North,James Wilson,Electronics,Monitor,Store,5,258.44,1292.2,936.46,355.74
ORD-103231,46033,East,David Lee,Home,Vacuum,Store,6,197.73,1186.38,816.68,369.7
ORD-103316,46033,North,James Wilson,Sports,Yoga Mat,Store,6,39.27,235.62,114.11,121.51
ORD-103914,46033,East,Sarah Kim,Sports,Dumbbells,Online,2,80.41,160.82,97.57,63.25
ORD-104015,46033,West,Jordan Smith,Home,Coffee Maker,Marketplace,5,112.61,563.05,351.41,211.64
ORD-104346,46033,South,Ana Lopez,Electronics,Keyboard,Online,1,64.64,64.64,38.53,26.11
ORD-104431,46033,North,Nina Patel,Electronics,Webcam,Store,2,99.32,198.64,115.92,82.72
ORD-104517,46033,North,James Wilson,Electronics,Webcam,Online,3,111.76,335.28,195.9,139.38
ORD-100153,46034,West,Rachel Green,Home,Coffee Maker,Online,5,117.6,588,387.61,200.39
ORD-100251,46034,East,David Lee,Sports,Fitness Tracker,Online,5,142.2,711,455.78,255.22
ORD-101184,46034,North,James Wilson,Home,Air Fryer,Online,1,147.03,147.03,101.78,45.25
ORD-101303,46034,West,Tom Nguyen,Electronics,Headphones,Store,4,96.32,385.28,240.96,144.32
ORD-101588,46034,North,James Wilson,Home,Air Fryer,Online,1,154.56,154.56,103.54,51.02
ORD-102150,46034,South,Ana Lopez,Sports,Dumbbells,Online,1,77.39,77.39,49.02,28.37
ORD-102179,46034,North,Nina Patel,Clothing,Jeans,Store,1,65.15,65.15,34.87,30.28
ORD-102560,46034,North,Nina Patel,Home,Vacuum,Online,4,193.56,774.24,527.8,246.44
ORD-102621,46034,South,Ana Lopez,Electronics,Keyboard,Store,4,62,248,145.63,102.37
ORD-102973,46034,West,Rachel Green,Clothing,Jacket,Online,6,88.8,532.8,297.2,235.6
ORD-103186,46034,West,Tom Nguyen,Sports,Fitness Tracker,Online,2,149.43,298.86,190.77,108.09
ORD-103270,46034,East,Sarah Kim,Home,Air Fryer,Online,2,159.39,318.78,210.65,108.13
ORD-103349,46034,North,Emily Chen,Home,Air Fryer,Online,4,143.18,572.72,398.5,174.22
ORD-103682,46034,West,Rachel Green,Electronics,Webcam,Store,5,103.76,518.8,300.72,218.08
ORD-104001,46034,West,Jordan Smith,Clothing,Sneakers,Marketplace,3,117.98,353.94,215.51,138.43
ORD-104328,46034,North,Emily Chen,Home,Vacuum,Online,5,207.58,1037.9,698.93,338.97
ORD-104759,46034,South,Mike Davis,Sports,Running Shoes,Online,6,133.02,798.12,483.19,314.93
ORD-104868,46034,South,Chris Brown,Home,Coffee Maker,Store,2,129.8,259.6,164.22,95.38
ORD-100186,46035,East,David Lee,Electronics,Keyboard,Online,5,61.29,306.45,178.63,127.82
ORD-100235,46035,South,Mike Davis,Clothing,Hoodie,Store,1,56.41,56.41,27.5,28.91
ORD-100450,46035,West,Rachel Green,Clothing,Jacket,Store,5,101.81,509.05,272.9,236.15
ORD-100550,46035,West,Tom Nguyen,Home,Coffee Maker,Store,5,113.67,568.35,357.44,210.91
ORD-100568,46035,West,Rachel Green,Electronics,Webcam,Online,4,100.68,402.72,235.88,166.84
ORD-100936,46035,East,Marcus Reed,Home,Blender,Online,5,91.18,455.9,303.57,152.33
ORD-101185,46035,East,David Lee,Clothing,Hoodie,Store,6,54.1,324.6,164.74,159.86
ORD-101221,46035,East,Sarah Kim,Home,Vacuum,Online,6,190.16,1140.96,802.75,338.21
ORD-101285,46035,North,Emily Chen,Sports,Fitness Tracker,Online,2,136.23,272.46,178.79,93.67
ORD-101366,46035,North,Emily Chen,Clothing,Jacket,Store,4,98.33,393.32,210.1,183.22
ORD-101542,46035,East,Sarah Kim,Electronics,Headphones,Store,6,90.42,542.52,348.98,193.54
ORD-101798,46035,East,David Lee,Electronics,Headphones,Store,4,92.46,369.84,226.17,143.67
ORD-102608,46035,East,Sarah Kim,Electronics,Headphones,Online,4,96.64,386.56,235.92,150.64
ORD-102693,46035,North,Emily Chen,Sports,Yoga Mat,Marketplace,6,36.8,220.8,104.26,116.54
ORD-102827,46035,East,Sarah Kim,Electronics,Keyboard,Online,3,70.25,210.75,124.61,86.14
ORD-103087,46035,North,Nina Patel,Home,Coffee Maker,Store,5,130.41,652.05,416.33,235.72
ORD-103175,46035,North,Emily Chen,Electronics,Keyboard,Online,4,59.04,236.16,134.65,101.51
ORD-103197,46035,North,James Wilson,Electronics,Webcam,Online,4,117.58,470.32,280.59,189.73
ORD-103322,46035,North,Nina Patel,Sports,Dumbbells,Marketplace,2,67.86,135.72,83.58,52.14
ORD-103435,46035,East,Marcus Reed,Home,Coffee Maker,Store,3,112.49,337.47,224.25,113.22
ORD-103536,46035,East,Marcus Reed,Clothing,Jeans,Online,4,66.5,266,133.64,132.36
ORD-103690,46035,East,Marcus Reed,Electronics,Keyboard,Store,1,70.21,70.21,41.34,28.87
ORD-103708,46035,North,Emily Chen,Sports,Running Shoes,Online,5,120.05,600.25,367.95,232.3
ORD-103919,46035,North,Emily Chen,Clothing,Sneakers,Online,5,111.7,558.5,333.98,224.52
ORD-103976,46035,North,Emily Chen,Electronics,Headphones,Marketplace,1,97.12,97.12,60.72,36.4
ORD-104099,46035,West,Tom Nguyen,Electronics,Headphones,Store,5,86.77,433.85,260.65,173.2
ORD-104112,46035,East,David Lee,Clothing,Hoodie,Online,3,62,186,92.61,93.39
ORD-104300,46035,North,James Wilson,Sports,Fitness Tracker,Online,3,129.46,388.38,260.32,128.06
ORD-104355,46035,South,Chris Brown,Electronics,Webcam,Online,2,113.75,227.5,134.25,93.25
ORD-104452,46035,North,James Wilson,Electronics,Headphones,Online,3,98.81,296.43,177.1,119.33
ORD-104814,46035,West,Tom Nguyen,Clothing,Jacket,Online,2,88.96,177.92,100.04,77.88
ORD-104985,46035,South,Chris Brown,Electronics,Webcam,Online,4,105.68,422.72,244.23,178.49
ORD-100048,46036,South,Mike Davis,Electronics,Keyboard,Marketplace,5,60.22,301.1,176.24,124.86
ORD-100329,46036,East,Marcus Reed,Electronics,Webcam,Marketplace,5,115.64,578.2,346.13,232.07
ORD-100640,46036,South,Mike Davis,Clothing,Sneakers,Online,4,117.23,468.92,291.93,176.99
ORD-100717,46036,South,Mike Davis,Electronics,Headphones,Store,2,89.76,179.52,112.2,67.32
ORD-101134,46036,East,David Lee,Electronics,Monitor,Online,4,235.74,942.96,645.75,297.21
ORD-101200,46036,East,Marcus Reed,Home,Air Fryer,Store,4,164.48,657.92,451.24,206.68
ORD-101383,46036,East,David Lee,Clothing,Jacket,Online,5,93.21,466.05,257.83,208.22
ORD-101420,46036,West,Rachel Green,Electronics,Headphones,Online,2,94.81,189.62,119.5,70.12
ORD-101515,46036,West,Rachel Green,Clothing,Sneakers,Marketplace,5,116.41,582.05,347.33,234.72
ORD-101734,46036,North,Emily Chen,Sports,Yoga Mat,Store,6,39.84,239.04,117.04,122
ORD-102330,46036,West,Tom Nguyen,Clothing,Jacket,Store,4,103.74,414.96,236.56,178.4
ORD-102682,46036,South,Chris Brown,Sports,Dumbbells,Online,3,71.06,213.18,130.51,82.67
ORD-102887,46036,West,Jordan Smith,Clothing,Hoodie,Marketplace,5,60.83,304.15,148.96,155.19
ORD-103249,46036,East,Sarah Kim,Electronics,Keyboard,Store,2,64.8,129.6,77.7,51.9
ORD-103262,46036,North,Emily Chen,Electronics,Headphones,Store,5,81.91,409.55,253.91,155.64
ORD-103489,46036,North,Nina Patel,Clothing,Hoodie,Marketplace,5,65.36,326.8,162.03,164.77
ORD-103509,46036,East,Sarah Kim,Sports,Fitness Tracker,Store,2,132.61,265.22,176.46,88.76
ORD-103955,46036,East,Sarah Kim,Electronics,Monitor,Marketplace,1,247.78,247.78,170.55,77.23
ORD-104272,46036,South,Chris Brown,Clothing,Jeans,Store,4,65.18,260.72,133.66,127.06
ORD-104278,46036,East,Sarah Kim,Electronics,Headphones,Online,6,93.14,558.84,354.51,204.33
ORD-104538,46036,South,Chris Brown,Electronics,Monitor,Store,3,270.39,811.17,573.9,237.27
ORD-104583,46036,East,David Lee,Clothing,Sneakers,Store,1,117.86,117.86,70.09,47.77
ORD-104682,46036,West,Jordan Smith,Electronics,Monitor,Online,3,259.61,778.83,544.4,234.43
ORD-104751,46036,North,James Wilson,Electronics,Headphones,Online,2,97.87,195.74,123.85,71.89
ORD-104962,46036,East,Sarah Kim,Electronics,Headphones,Store,2,88.83,177.66,109.9,67.76
ORD-100010,46037,South,Chris Brown,Home,Blender,Online,4,77.02,308.08,208.43,99.65
ORD-100178,46037,West,Rachel Green,Home,Coffee Maker,Online,3,116.58,349.74,219.62,130.12
ORD-100325,46037,West,Jordan Smith,Clothing,Hoodie,Store,4,64.11,256.44,132.01,124.43
ORD-100368,46037,East,Marcus Reed,Home,Air Fryer,Store,5,151.36,756.8,511.92,244.88
ORD-100453,46037,South,Ana Lopez,Electronics,Headphones,Online,2,91.87,183.74,118.35,65.39
ORD-100592,46037,South,Chris Brown,Sports,Running Shoes,Store,3,113.34,340.02,198.73,141.29
ORD-100738,46037,West,Rachel Green,Sports,Running Shoes,Online,1,128.72,128.72,77.36,51.36
ORD-100805,46037,North,Emily Chen,Home,Air Fryer,Online,2,137.13,274.26,178.07,96.19
ORD-100960,46037,South,Ana Lopez,Sports,Running Shoes,Marketplace,5,128.13,640.65,376.46,264.19
ORD-101015,46037,East,Sarah Kim,Home,Vacuum,Store,2,173.37,346.74,234.86,111.88
ORD-101051,46037,East,Sarah Kim,Sports,Running Shoes,Store,4,122.11,488.44,292.98,195.46
ORD-101133,46037,East,Marcus Reed,Electronics,Keyboard,Online,3,67.51,202.53,115.55,86.98
ORD-101363,46037,North,Nina Patel,Sports,Dumbbells,Store,2,68.83,137.66,87.24,50.42
ORD-101452,46037,North,Nina Patel,Clothing,Jacket,Store,1,92.63,92.63,51.11,41.52
ORD-101685,46037,East,Marcus Reed,Clothing,Hoodie,Store,4,56.11,224.44,113.74,110.7
ORD-101794,46037,South,Ana Lopez,Home,Coffee Maker,Online,6,109.98,659.88,415.63,244.25
ORD-101850,46037,South,Chris Brown,Home,Coffee Maker,Store,2,114.3,228.6,150.33,78.27
ORD-102086,46037,East,David Lee,Electronics,Keyboard,Store,4,67.88,271.52,162.14,109.38
ORD-102430,46037,South,Chris Brown,Electronics,Webcam,Store,5,113.05,565.25,333.66,231.59
ORD-102529,46037,West,Tom Nguyen,Clothing,Jeans,Store,3,76.52,229.56,116.51,113.05
ORD-102669,46037,East,David Lee,Sports,Fitness Tracker,Marketplace,4,144.75,579,367.38,211.62
ORD-102690,46037,East,David Lee,Home,Vacuum,Online,4,196.83,787.32,540.35,246.97
ORD-102730,46037,East,David Lee,Electronics,Monitor,Store,4,266.67,1066.68,729.06,337.62
ORD-103129,46037,West,Rachel Green,Sports,Fitness Tracker,Online,5,131.22,656.1,441.83,214.27
ORD-103196,46037,North,Emily Chen,Electronics,Keyboard,Marketplace,4,60.03,240.12,135.17,104.95
ORD-103487,46037,South,Mike Davis,Home,Blender,Online,1,77.99,77.99,54.47,23.52
ORD-103559,46037,South,Mike Davis,Electronics,Keyboard,Store,1,63.27,63.27,36.51,26.76
ORD-103840,46037,South,Ana Lopez,Clothing,Jeans,Online,5,67.91,339.55,169.74,169.81
ORD-103941,46037,South,Chris Brown,Home,Blender,Marketplace,1,88.14,88.14,58.33,29.81
ORD-104071,46037,North,James Wilson,Electronics,Monitor,Online,5,240.07,1200.35,851.6,348.75
ORD-104076,46037,East,Marcus Reed,Home,Blender,Online,2,91.39,182.78,124.44,58.34
ORD-104385,46037,West,Tom Nguyen,Home,Coffee Maker,Online,5,111.62,558.1,350.7,207.4
ORD-104839,46037,South,Mike Davis,Clothing,Sneakers,Online,3,110.79,332.37,195.85,136.52
ORD-100254,46038,South,Chris Brown,Sports,Dumbbells,Store,4,78.19,312.76,189.98,122.78
ORD-100459,46038,East,Sarah Kim,Electronics,Webcam,Online,1,114.43,114.43,70.25,44.18
ORD-100473,46038,East,Marcus Reed,Electronics,Headphones,Store,1,82.29,82.29,52.79,29.5
ORD-100654,46038,East,Marcus Reed,Home,Coffee Maker,Online,6,127.71,766.26,473.89,292.37
ORD-100682,46038,East,David Lee,Clothing,Jacket,Online,4,85.58,342.32,187.47,154.85
ORD-100814,46038,South,Mike Davis,Sports,Yoga Mat,Online,5,36.99,184.95,91.62,93.33
ORD-100852,46038,South,Mike Davis,Electronics,Webcam,Online,1,109.95,109.95,64.97,44.98
ORD-100937,46038,East,Marcus Reed,Electronics,Headphones,Marketplace,3,83.6,250.8,160.17,90.63
ORD-101397,46038,South,Chris Brown,Clothing,Jacket,Online,1,97.99,97.99,54.73,43.26
ORD-102004,46038,South,Mike Davis,Home,Coffee Maker,Online,4,120.52,482.08,314.2,167.88
ORD-102633,46038,East,Marcus Reed,Sports,Running Shoes,Store,6,125.24,751.44,448.13,303.31
ORD-103048,46038,South,Ana Lopez,Electronics,Keyboard,Marketplace,6,69.94,419.64,250.87,168.77
ORD-103244,46038,East,David Lee,Clothing,Jeans,Marketplace,5,70.87,354.35,180.95,173.4
ORD-103248,46038,East,Marcus Reed,Sports,Dumbbells,Online,2,81.98,163.96,100.65,63.31
ORD-103437,46038,East,David Lee,Sports,Dumbbells,Online,2,67.86,135.72,82.55,53.17
ORD-104038,46038,East,Sarah Kim,Sports,Dumbbells,Store,1,68.27,68.27,41.79,26.48
ORD-104192,46038,East,David Lee,Electronics,Monitor,Marketplace,2,244.01,488.02,335.42,152.6
ORD-104264,46038,West,Tom Nguyen,Sports,Running Shoes,Store,3,122.27,366.81,213.28,153.53
ORD-104308,46038,East,David Lee,Electronics,Headphones,Store,1,83.25,83.25,51.95,31.3
ORD-104429,46038,North,Emily Chen,Clothing,Sneakers,Marketplace,5,113.7,568.5,351.84,216.66
ORD-104472,46038,East,Marcus Reed,Electronics,Webcam,Online,1,104.51,104.51,61.91,42.6
ORD-104694,46038,South,Ana Lopez,Electronics,Monitor,Marketplace,2,263.33,526.66,379.59,147.07
ORD-104752,46038,North,Emily Chen,Home,Coffee Maker,Store,6,113.19,679.14,419.02,260.12
ORD-104806,46038,East,Marcus Reed,Home,Coffee Maker,Online,2,117.57,235.14,150.99,84.15
ORD-100001,46039,North,Nina Patel,Sports,Yoga Mat,Online,5,43.8,219,107.32,111.68
ORD-100496,46039,South,Chris Brown,Electronics,Monitor,Marketplace,2,246.96,493.92,344.28,149.64
ORD-100748,46039,West,Rachel Green,Sports,Yoga Mat,Online,3,41.7,125.1,60.66,64.44
ORD-100751,46039,East,David Lee,Electronics,Headphones,Store,5,96.76,483.8,302.41,181.39
ORD-100784,46039,North,Emily Chen,Home,Blender,Marketplace,6,91.47,548.82,362.54,186.28
ORD-100816,46039,West,Tom Nguyen,Sports,Fitness Tracker,Store,1,147.62,147.62,97.82,49.8
ORD-100907,46039,North,Nina Patel,Electronics,Webcam,Marketplace,4,115,460,275.89,184.11
ORD-101011,46039,East,David Lee,Electronics,Monitor,Store,4,248.09,992.36,679.52,312.84
ORD-101439,46039,West,Tom Nguyen,Electronics,Monitor,Store,1,270.36,270.36,186.39,83.97
ORD-101781,46039,North,Nina Patel,Electronics,Webcam,Marketplace,1,116.13,116.13,68.5,47.63
ORD-101839,46039,South,Mike Davis,Electronics,Monitor,Marketplace,2,230.9,461.8,310.96,150.84
ORD-102120,46039,West,Rachel Green,Home,Blender,Online,4,85.46,341.84,224.07,117.77
ORD-102136,46039,East,David Lee,Home,Coffee Maker,Online,5,126.2,631,410.48,220.52
ORD-102178,46039,South,Mike Davis,Sports,Yoga Mat,Marketplace,1,43.14,43.14,21.47,21.67
ORD-102473,46039,West,Jordan Smith,Home,Coffee Maker,Marketplace,6,130.26,781.56,508.45,273.11
ORD-102485,46039,West,Tom Nguyen,Home,Coffee Maker,Store,3,108.68,326.04,209.99,116.05
ORD-102670,46039,West,Tom Nguyen,Electronics,Webcam,Store,1,110.06,110.06,63.65,46.41
ORD-103281,46039,East,David Lee,Home,Coffee Maker,Online,1,121.08,121.08,77.52,43.56
ORD-103530,46039,West,Jordan Smith,Electronics,Webcam,Online,2,110.48,220.96,128.2,92.76
ORD-104131,46039,East,Sarah Kim,Electronics,Webcam,Online,1,102.25,102.25,59.08,43.17
ORD-104245,46039,West,Tom Nguyen,Clothing,Jeans,Store,6,70.18,421.08,221.32,199.76
ORD-104570,46039,North,Nina Patel,Electronics,Headphones,Online,1,92.78,92.78,56.41,36.37
ORD-104863,46039,West,Tom Nguyen,Home,Coffee Maker,Online,2,121.71,243.42,149.8,93.62
ORD-100475,46040,North,Emily Chen,Electronics,Webcam,Store,3,116.63,349.89,211.69,138.2
ORD-100559,46040,West,Jordan Smith,Home,Air Fryer,Store,5,149.24,746.2,514.57,231.63
ORD-100583,46040,North,Emily Chen,Clothing,Sneakers,Online,4,108.92,435.68,258.68,177
ORD-100653,46040,South,Mike Davis,Clothing,Jacket,Store,1,96.44,96.44,52.21,44.23
ORD-101034,46040,East,Sarah Kim,Home,Vacuum,Store,4,184.85,739.4,515.33,224.07
ORD-101619,46040,East,Marcus Reed,Sports,Fitness Tracker,Store,6,152.78,916.68,600.8,315.88
ORD-101774,46040,West,Jordan Smith,Sports,Yoga Mat,Marketplace,4,43.29,173.16,79.81,93.35
ORD-101896,46040,South,Ana Lopez,Home,Blender,Store,3,81.62,244.86,168.14,76.72
ORD-101958,46040,West,Rachel Green,Electronics,Keyboard,Store,1,60.1,60.1,35.62,24.48
ORD-102321,46040,West,Tom Nguyen,Sports,Yoga Mat,Online,1,38.7,38.7,18.63,20.07
ORD-102348,46040,West,Rachel Green,Electronics,Monitor,Marketplace,5,233.43,1167.15,830.66,336.49
ORD-102566,46040,South,Mike Davis,Sports,Running Shoes,Store,5,125.17,625.85,381.92,243.93
ORD-102600,46040,North,James Wilson,Home,Blender,Online,1,90.75,90.75,59.75,31
ORD-103064,46040,East,David Lee,Clothing,Jeans,Marketplace,5,65.21,326.05,170.94,155.11
ORD-103079,46040,South,Chris Brown,Home,Air Fryer,Online,4,156.06,624.24,433.95,190.29
ORD-103392,46040,East,Sarah Kim,Electronics,Webcam,Marketplace,6,109.46,656.76,382.95,273.81
ORD-103687,46040,West,Jordan Smith,Home,Blender,Marketplace,2,85.03,170.06,116.24,53.82
ORD-103934,46040,South,Mike Davis,Electronics,Monitor,Online,4,235.6,942.4,666.44,275.96
ORD-104474,46040,North,Nina Patel,Clothing,Hoodie,Online,4,63.9,255.6,126.1,129.5
ORD-104674,46040,East,Marcus Reed,Home,Vacuum,Store,5,205.26,1026.3,729.57,296.73
ORD-100093,46041,West,Tom Nguyen,Electronics,Webcam,Store,4,99.65,398.6,237.27,161.33
ORD-100098,46041,East,David Lee,Electronics,Keyboard,Store,1,66.75,66.75,38.23,28.52
ORD-100174,46041,South,Chris Brown,Home,Vacuum,Store,2,182.96,365.92,253.78,112.14
ORD-100332,46041,South,Chris Brown,Sports,Fitness Tracker,Online,1,137.29,137.29,87.57,49.72
ORD-100470,46041,East,Sarah Kim,Clothing,Jacket,Online,4,87.21,348.84,190.84,158
ORD-100493,46041,North,Nina Patel,Clothing,Jeans,Online,5,74.5,372.5,196.67,175.83
ORD-100543,46041,South,Ana Lopez,Clothing,Sneakers,Online,5,105.02,525.1,302.85,222.25
ORD-100837,46041,East,Sarah Kim,Electronics,Keyboard,Store,5,65.18,325.9,189.85,136.05
ORD-100933,46041,West,Tom Nguyen,Electronics,Monitor,Store,1,229.18,229.18,157.53,71.65
ORD-100986,46041,West,Rachel Green,Electronics,Webcam,Marketplace,4,106.92,427.68,257.16,170.52
ORD-101127,46041,South,Mike Davis,Electronics,Keyboard,Online,3,61.35,184.05,108.51,75.54
ORD-101188,46041,West,Jordan Smith,Home,Coffee Maker,Online,1,112.91,112.91,72.54,40.37
ORD-101763,46041,North,Emily Chen,Electronics,Webcam,Store,4,112.65,450.6,269.24,181.36
ORD-101777,46041,West,Rachel Green,Clothing,Jacket,Online,4,85.85,343.4,189.54,153.86
ORD-101915,46041,East,David Lee,Electronics,Headphones,Online,3,93.18,279.54,167.42,112.12
ORD-101981,46041,West,Tom Nguyen,Home,Vacuum,Online,3,175.75,527.25,367.05,160.2
ORD-102142,46041,North,James Wilson,Sports,Running Shoes,Online,6,117.04,702.24,409.24,293
ORD-102188,46041,South,Mike Davis,Sports,Running Shoes,Store,3,122.9,368.7,218.28,150.42
ORD-102206,46041,North,James Wilson,Home,Coffee Maker,Store,6,115.51,693.06,459.23,233.83
ORD-102503,46041,East,David Lee,Clothing,Jeans,Online,1,74.57,74.57,38.66,35.91
ORD-102515,46041,North,Emily Chen,Home,Air Fryer,Online,2,138.39,276.78,179.06,97.72
ORD-102614,46041,West,Tom Nguyen,Home,Coffee Maker,Marketplace,6,114.43,686.58,433.81,252.77
ORD-102715,46041,South,Ana Lopez,Electronics,Keyboard,Marketplace,6,62.16,372.96,217.33,155.63
ORD-102816,46041,South,Ana Lopez,Sports,Fitness Tracker,Marketplace,2,135.92,271.84,172.34,99.5
ORD-102906,46041,South,Ana Lopez,Electronics,Webcam,Online,4,107.43,429.72,263.87,165.85
ORD-103273,46041,South,Ana Lopez,Clothing,Sneakers,Online,3,107.41,322.23,193.88,128.35
ORD-103741,46041,East,David Lee,Clothing,Hoodie,Online,2,55.52,111.04,56.05,54.99
ORD-103884,46041,South,Ana Lopez,Sports,Yoga Mat,Marketplace,1,41.67,41.67,20.1,21.57
ORD-104010,46041,West,Rachel Green,Sports,Dumbbells,Marketplace,2,76.99,153.98,97.55,56.43
ORD-104083,46041,South,Ana Lopez,Clothing,Hoodie,Store,4,59.79,239.16,123.43,115.73
ORD-104282,46041,East,Marcus Reed,Home,Air Fryer,Store,4,140.59,562.36,386.06,176.3
ORD-104410,46041,East,Marcus Reed,Electronics,Monitor,Store,2,235.49,470.98,334.54,136.44
ORD-104531,46041,North,Emily Chen,Sports,Dumbbells,Online,2,67.52,135.04,83.08,51.96
ORD-104660,46041,North,Emily Chen,Electronics,Keyboard,Online,3,68.01,204.03,119.27,84.76
ORD-104718,46041,South,Ana Lopez,Electronics,Monitor,Store,3,267.39,802.17,555.18,246.99
ORD-104747,46041,West,Rachel Green,Clothing,Jacket,Marketplace,3,101.84,305.52,171.72,133.8
ORD-104750,46041,South,Ana Lopez,Clothing,Jeans,Marketplace,4,64.64,258.56,139.37,119.19
ORD-104767,46041,East,Sarah Kim,Home,Blender,Store,3,92.36,277.08,186.77,90.31
ORD-100490,46042,East,David Lee,Home,Air Fryer,Marketplace,1,162.73,162.73,111.83,50.9
ORD-100547,46042,East,David Lee,Clothing,Sneakers,Online,4,106.21,424.84,263.79,161.05
ORD-100774,46042,North,Nina Patel,Electronics,Keyboard,Store,5,58.91,294.55,177.13,117.42
ORD-100836,46042,West,Jordan Smith,Electronics,Keyboard,Store,1,71.43,71.43,42.63,28.8
ORD-100886,46042,West,Tom Nguyen,Electronics,Webcam,Marketplace,3,110.13,330.39,198.21,132.18
ORD-101157,46042,West,Rachel Green,Electronics,Headphones,Online,6,90.52,543.12,335.44,207.68
ORD-101243,46042,North,Nina Patel,Electronics,Monitor,Online,3,230.64,691.92,475.68,216.24
ORD-101505,46042,South,Mike Davis,Clothing,Hoodie,Online,1,62.6,62.6,30.44,32.16
ORD-101552,46042,South,Chris Brown,Home,Air Fryer,Store,3,144,432,282.68,149.32
ORD-102040,46042,North,Nina Patel,Clothing,Hoodie,Online,5,61.64,308.2,153.21,154.99
ORD-102137,46042,North,James Wilson,Clothing,Jacket,Online,3,91.6,274.8,155.7,119.1
ORD-102167,46042,North,Nina Patel,Home,Coffee Maker,Online,2,123.61,247.22,153.26,93.96
ORD-102268,46042,East,Marcus Reed,Sports,Fitness Tracker,Store,1,153.04,153.04,102.25,50.79
ORD-102370,46042,West,Jordan Smith,Electronics,Monitor,Marketplace,5,264.86,1324.3,927.41,396.89
ORD-102396,46042,East,Marcus Reed,Clothing,Hoodie,Online,3,65.98,197.94,102.4,95.54
ORD-102494,46042,West,Rachel Green,Electronics,Keyboard,Marketplace,2,68.06,136.12,79.44,56.68
ORD-102533,46042,South,Mike Davis,Electronics,Headphones,Marketplace,6,89.25,535.5,329.39,206.11
ORD-102559,46042,South,Ana Lopez,Clothing,Jeans,Store,6,73.25,439.5,224.04,215.46
ORD-102680,46042,East,Sarah Kim,Clothing,Sneakers,Online,3,104.72,314.16,184.34,129.82
ORD-102703,46042,East,Marcus Reed,Home,Air Fryer,Online,5,148.02,740.1,512.87,227.23
ORD-102739,46042,North,Nina Patel,Sports,Running Shoes,Store,4,130.52,522.08,302.26,219.82
ORD-102832,46042,West,Tom Nguyen,Sports,Yoga Mat,Online,6,36.48,218.88,107.82,111.06
ORD-102922,46042,West,Rachel Green,Home,Coffee Maker,Store,5,109.7,548.5,347.15,201.35
ORD-103191,46042,North,Nina Patel,Home,Air Fryer,Store,4,147.36,589.44,390.27,199.17
ORD-103822,46042,East,Marcus Reed,Electronics,Keyboard,Store,5,66.18,330.9,190.64,140.26
ORD-103910,46042,North,Nina Patel,Clothing,Jacket,Marketplace,6,96.08,576.48,329.03,247.45
ORD-104000,46042,West,Jordan Smith,Clothing,Hoodie,Online,1,57.04,57.04,27.97,29.07
ORD-104119,46042,West,Tom Nguyen,Home,Coffee Maker,Marketplace,2,128.21,256.42,158.28,98.14
ORD-104204,46042,South,Ana Lopez,Sports,Dumbbells,Online,6,78.56,471.36,296.21,175.15
ORD-104391,46042,North,James Wilson,Electronics,Headphones,Online,2,91.84,183.68,113.18,70.5
ORD-104411,46042,North,Emily Chen,Home,Air Fryer,Store,3,154.69,464.07,317.32,146.75
ORD-104651,46042,East,David Lee,Home,Vacuum,Online,2,204.83,409.66,279.89,129.77
ORD-104667,46042,North,Nina Patel,Sports,Fitness Tracker,Store,5,138.88,694.4,440.8,253.6
ORD-104726,46042,West,Jordan Smith,Sports,Running Shoes,Online,4,129.03,516.12,295.78,220.34
ORD-104861,46042,West,Rachel Green,Clothing,Sneakers,Online,4,104.7,418.8,246.79,172.01
ORD-104886,46042,East,Marcus Reed,Electronics,Headphones,Online,4,84.02,336.08,212.19,123.89
ORD-100027,46043,North,James Wilson,Clothing,Sneakers,Online,4,101.08,404.32,247.38,156.94
ORD-100367,46043,South,Chris Brown,Clothing,Sneakers,Online,3,101.2,303.6,184.42,119.18
ORD-100536,46043,East,Marcus Reed,Sports,Fitness Tracker,Online,2,128.38,256.76,169.62,87.14
ORD-101443,46043,South,Chris Brown,Electronics,Webcam,Online,6,104.12,624.72,389.07,235.65
ORD-101467,46043,East,Sarah Kim,Electronics,Webcam,Store,3,105.41,316.23,194.15,122.08
ORD-101525,46043,East,Sarah Kim,Electronics,Keyboard,Online,5,68.34,341.7,205.3,136.4
ORD-101572,46043,South,Chris Brown,Sports,Yoga Mat,Online,5,43.03,215.15,107.14,108.01
ORD-101739,46043,West,Tom Nguyen,Electronics,Monitor,Store,4,267.11,1068.44,735.26,333.18
ORD-101810,46043,East,Marcus Reed,Home,Blender,Store,1,83.58,83.58,58.62,24.96
ORD-101813,46043,North,Emily Chen,Clothing,Jacket,Online,2,97.67,195.34,105.73,89.61
ORD-102032,46043,South,Ana Lopez,Electronics,Monitor,Online,3,267.6,802.8,582.36,220.44
ORD-102255,46043,North,James Wilson,Electronics,Headphones,Store,4,84.88,339.52,210.34,129.18
ORD-102381,46043,West,Rachel Green,Electronics,Keyboard,Store,4,60,240,141.87,98.13
ORD-102420,46043,South,Ana Lopez,Clothing,Hoodie,Store,5,64.21,321.05,155.19,165.86
ORD-102450,46043,South,Mike Davis,Sports,Yoga Mat,Online,5,37.9,189.5,88.2,101.3
ORD-102663,46043,West,Jordan Smith,Sports,Dumbbells,Store,5,82.4,412,244.87,167.13
ORD-102767,46043,East,David Lee,Electronics,Webcam,Online,6,118.66,711.96,440.1,271.86
ORD-103145,46043,West,Tom Nguyen,Home,Blender,Store,3,80.17,240.51,159.85,80.66
ORD-103507,46043,North,James Wilson,Clothing,Jacket,Online,5,90.98,454.9,255.66,199.24
ORD-104022,46043,East,David Lee,Home,Vacuum,Online,4,207.65,830.6,552.45,278.15
ORD-104103,46043,North,Nina Patel,Electronics,Keyboard,Store,4,63.87,255.48,147.5,107.98
ORD-104110,46043,East,Marcus Reed,Electronics,Keyboard,Online,1,67.03,67.03,38.62,28.41
ORD-104157,46043,East,Sarah Kim,Clothing,Hoodie,Online,1,58.68,58.68,30.44,28.24
ORD-104168,46043,South,Chris Brown,Electronics,Monitor,Online,3,270.07,810.21,557.09,253.12
ORD-104260,46043,East,David Lee,Sports,Yoga Mat,Store,5,37.87,189.35,93.15,96.2
ORD-104368,46043,West,Rachel Green,Sports,Dumbbells,Online,1,72.41,72.41,44.98,27.43
ORD-104409,46043,South,Ana Lopez,Home,Coffee Maker,Online,5,119.79,598.95,381.09,217.86
ORD-104617,46043,South,Mike Davis,Home,Air Fryer,Online,4,138.82,555.28,386.13,169.15
ORD-104633,46043,East,Sarah Kim,Electronics,Monitor,Online,2,273.36,546.72,388.11,158.61
ORD-104670,46043,East,Marcus Reed,Clothing,Sneakers,Marketplace,1,115.34,115.34,70.2,45.14
ORD-104864,46043,South,Chris Brown,Home,Vacuum,Online,5,171.82,859.1,598.24,260.86
ORD-104967,46043,South,Mike Davis,Home,Air Fryer,Online,4,164.42,657.68,452.22,205.46
ORD-104996,46043,West,Tom Nguyen,Clothing,Jacket,Online,2,103.88,207.76,118.09,89.67
ORD-100163,46044,North,Nina Patel,Home,Blender,Online,3,87.93,263.79,177.27,86.52
ORD-100237,46044,East,Sarah Kim,Sports,Running Shoes,Online,3,133.67,401.01,234.69,166.32
ORD-100316,46044,South,Ana Lopez,Home,Coffee Maker,Online,1,131.99,131.99,84.17,47.82
ORD-100743,46044,West,Jordan Smith,Home,Coffee Maker,Store,3,121.03,363.09,227.87,135.22
ORD-100773,46044,South,Ana Lopez,Home,Blender,Online,1,90.41,90.41,60.34,30.07
ORD-100916,46044,West,Jordan Smith,Electronics,Monitor,Online,4,225.9,903.6,645.6,258
ORD-100977,46044,West,Rachel Green,Home,Vacuum,Online,1,195.17,195.17,139.87,55.3
ORD-101002,46044,East,Sarah Kim,Home,Air Fryer,Marketplace,1,135.17,135.17,92.14,43.03
ORD-101270,46044,South,Mike Davis,Electronics,Keyboard,Store,1,68.6,68.6,38.31,30.29
ORD-101314,46044,South,Mike Davis,Electronics,Keyboard,Online,3,65.85,197.55,112.24,85.31
ORD-101786,46044,North,Nina Patel,Home,Vacuum,Online,2,198.97,397.94,265.36,132.58
ORD-101792,46044,West,Tom Nguyen,Clothing,Jacket,Store,2,87.08,174.16,96.14,78.02
ORD-102172,46044,East,Sarah Kim,Clothing,Sneakers,Online,1,112.74,112.74,69.16,43.58
ORD-102267,46044,West,Tom Nguyen,Clothing,Jacket,Store,1,86.44,86.44,47.14,39.3
ORD-102479,46044,North,James Wilson,Electronics,Webcam,Online,1,111.08,111.08,66.83,44.25
ORD-102545,46044,West,Rachel Green,Sports,Running Shoes,Store,6,123.22,739.32,447.85,291.47
ORD-102681,46044,East,David Lee,Clothing,Jacket,Online,2,95.51,191.02,102.64,88.38
ORD-102862,46044,South,Mike Davis,Electronics,Webcam,Store,2,115.51,231.02,136.06,94.96
ORD-103394,46044,West,Rachel Green,Home,Vacuum,Marketplace,4,192.18,768.72,511.81,256.91
ORD-103665,46044,North,James Wilson,Clothing,Jeans,Online,5,66.63,333.15,175.71,157.44
ORD-104017,46044,South,Mike Davis,Electronics,Headphones,Online,1,93.86,93.86,57.02,36.84
ORD-104522,46044,South,Chris Brown,Clothing,Sneakers,Marketplace,2,112.51,225.02,130.36,94.66
ORD-104773,46044,South,Mike Davis,Sports,Running Shoes,Marketplace,1,135.45,135.45,80.14,55.31
ORD-104903,46044,East,Sarah Kim,Sports,Dumbbells,Online,1,73.76,73.76,44.29,29.47
ORD-100307,46045,West,Jordan Smith,Electronics,Headphones,Online,6,98.9,593.4,375.86,217.54
ORD-100664,46045,North,Emily Chen,Electronics,Monitor,Marketplace,2,270.92,541.84,370.64,171.2
ORD-100677,46045,East,David Lee,Sports,Dumbbells,Store,5,68.24,341.2,201.99,139.21
ORD-100810,46045,East,Sarah Kim,Clothing,Hoodie,Marketplace,2,61.89,123.78,63.54,60.24
ORD-100975,46045,West,Rachel Green,Clothing,Hoodie,Store,6,54.4,326.4,164.17,162.23
ORD-101076,46045,West,Rachel Green,Clothing,Jeans,Online,3,64.55,193.65,97.37,96.28
ORD-101175,46045,West,Tom Nguyen,Home,Vacuum,Online,5,205.99,1029.95,697.47,332.48
ORD-101738,46045,East,Marcus Reed,Clothing,Hoodie,Store,2,54.84,109.68,53,56.68
ORD-101877,46045,South,Ana Lopez,Electronics,Keyboard,Online,6,61.21,367.26,209.58,157.68
ORD-102207,46045,East,Marcus Reed,Sports,Fitness Tracker,Store,3,139.42,418.26,285.41,132.85
ORD-102281,46045,South,Chris Brown,Clothing,Jeans,Online,6,74.21,445.26,232.63,212.63
ORD-102302,46045,West,Jordan Smith,Sports,Running Shoes,Store,6,132.22,793.32,484.02,309.3
ORD-102312,46045,North,Nina Patel,Sports,Running Shoes,Store,6,124.22,745.32,423.81,321.51
ORD-102565,46045,West,Rachel Green,Sports,Fitness Tracker,Online,5,138.24,691.2,474.09,217.11
ORD-102793,46045,West,Rachel Green,Clothing,Jeans,Store,4,64.16,256.64,136.02,120.62
ORD-102897,46045,East,Sarah Kim,Clothing,Jacket,Online,1,88.99,88.99,47.42,41.57
ORD-103067,46045,West,Tom Nguyen,Electronics,Headphones,Store,2,96.25,192.5,122.86,69.64
ORD-103074,46045,West,Tom Nguyen,Electronics,Keyboard,Store,4,68.49,273.96,162.37,111.59
ORD-103537,46045,South,Chris Brown,Electronics,Keyboard,Marketplace,1,61.11,61.11,34.89,26.22
ORD-103610,46045,North,Nina Patel,Clothing,Sneakers,Store,6,114.91,689.46,417.51,271.95
ORD-103613,46045,South,Ana Lopez,Clothing,Jacket,Online,5,100.74,503.7,279.25,224.45
ORD-103626,46045,North,James Wilson,Sports,Dumbbells,Online,3,82.06,246.18,150.34,95.84
ORD-103638,46045,East,Marcus Reed,Clothing,Sneakers,Marketplace,1,99.01,99.01,58.43,40.58
ORD-103706,46045,North,Emily Chen,Clothing,Jacket,Online,5,97.49,487.45,270.76,216.69
ORD-103743,46045,North,Nina Patel,Sports,Running Shoes,Store,2,124.85,249.7,151.36,98.34
ORD-103753,46045,West,Tom Nguyen,Sports,Fitness Tracker,Marketplace,4,130.17,520.68,344.46,176.22
ORD-104361,46045,West,Rachel Green,Clothing,Hoodie,Online,6,60.12,360.72,183.59,177.13
ORD-104386,46045,West,Rachel Green,Sports,Fitness Tracker,Store,3,140.93,422.79,281.43,141.36
ORD-104822,46045,South,Ana Lopez,Sports,Dumbbells,Online,4,79.04,316.16,199.09,117.07
ORD-100227,46046,East,David Lee,Clothing,Jeans,Online,6,70.8,424.8,217.3,207.5
ORD-100297,46046,West,Rachel Green,Home,Coffee Maker,Marketplace,4,112.48,449.92,283.37,166.55
ORD-100443,46046,East,David Lee,Electronics,Monitor,Online,3,233.5,700.5,508.13,192.37
ORD-100567,46046,North,Nina Patel,Home,Coffee Maker,Store,1,111.8,111.8,71.16,40.64
ORD-100721,46046,East,Sarah Kim,Home,Air Fryer,Online,3,164.97,494.91,324.42,170.49
ORD-100765,46046,East,David Lee,Sports,Dumbbells,Store,5,77.26,386.3,243.27,143.03
ORD-101283,46046,East,Sarah Kim,Electronics,Headphones,Store,6,92.25,553.5,344.06,209.44
ORD-101862,46046,East,David Lee,Home,Coffee Maker,Online,1,110.86,110.86,68.84,42.02
ORD-101978,46046,East,David Lee,Clothing,Jacket,Store,5,99.67,498.35,265.74,232.61
ORD-102442,46046,South,Mike Davis,Clothing,Jacket,Marketplace,1,99.16,99.16,52.78,46.38
ORD-103161,46046,West,Tom Nguyen,Sports,Running Shoes,Store,1,117.27,117.27,66.88,50.39
ORD-103641,46046,East,David Lee,Electronics,Keyboard,Online,1,60.82,60.82,35.96,24.86
ORD-103661,46046,South,Mike Davis,Electronics,Monitor,Store,2,226.55,453.1,315.05,138.05
ORD-103865,46046,North,Nina Patel,Clothing,Jeans,Online,5,74.46,372.3,191.35,180.95
ORD-103998,46046,East,Marcus Reed,Home,Air Fryer,Marketplace,4,149.62,598.48,416.28,182.2
ORD-104087,46046,East,David Lee,Electronics,Webcam,Store,4,114.92,459.68,275.57,184.11
ORD-104291,46046,South,Chris Brown,Clothing,Hoodie,Online,3,65.99,197.97,95.15,102.82
ORD-104325,46046,South,Chris Brown,Electronics,Headphones,Online,6,90.63,543.78,329.96,213.82
ORD-104477,46046,South,Chris Brown,Clothing,Sneakers,Online,3,100.1,300.3,182.4,117.9
ORD-104488,46046,South,Mike Davis,Electronics,Monitor,Online,3,252.54,757.62,509.27,248.35
ORD-104520,46046,North,James Wilson,Clothing,Jacket,Marketplace,2,95.23,190.46,106.85,83.61
ORD-104677,46046,East,David Lee,Home,Coffee Maker,Store,4,116.54,466.16,308.35,157.81
ORD-104771,46046,South,Mike Davis,Home,Vacuum,Online,3,179.35,538.05,382.22,155.83
ORD-100607,46047,South,Ana Lopez,Clothing,Sneakers,Marketplace,2,99.46,198.92,116.45,82.47
ORD-100776,46047,West,Tom Nguyen,Sports,Running Shoes,Store,6,121.43,728.58,427.9,300.68
ORD-100964,46047,East,David Lee,Electronics,Webcam,Online,1,112.44,112.44,67.6,44.84
ORD-101057,46047,South,Mike Davis,Sports,Fitness Tracker,Online,6,134.94,809.64,555.73,253.91
ORD-101136,46047,West,Rachel Green,Home,Vacuum,Marketplace,2,195.9,391.8,272.81,118.99
ORD-101174,46047,South,Chris Brown,Clothing,Jacket,Online,2,101.69,203.38,112.52,90.86
ORD-101199,46047,South,Chris Brown,Home,Air Fryer,Store,4,148.05,592.2,395.11,197.09
ORD-101256,46047,South,Mike Davis,Clothing,Sneakers,Store,2,118.48,236.96,146.21,90.75
ORD-101499,46047,East,Sarah Kim,Sports,Yoga Mat,Online,4,39.6,158.4,78.77,79.63
ORD-101720,46047,North,Emily Chen,Sports,Dumbbells,Store,4,78.34,313.36,192.34,121.02
ORD-101917,46047,North,Nina Patel,Electronics,Webcam,Marketplace,2,107.74,215.48,126.64,88.84
ORD-102114,46047,West,Jordan Smith,Sports,Dumbbells,Store,3,74.75,224.25,132.61,91.64
ORD-102247,46047,West,Jordan Smith,Sports,Dumbbells,Online,2,77.42,154.84,97.67,57.17
ORD-102335,46047,East,David Lee,Home,Air Fryer,Online,5,135.28,676.4,457.6,218.8
ORD-102384,46047,North,James Wilson,Clothing,Jacket,Store,3,103.63,310.89,167.85,143.04
ORD-102415,46047,North,Nina Patel,Electronics,Keyboard,Store,1,69.69,69.69,39.67,30.02
ORD-102443,46047,South,Chris Brown,Home,Coffee Maker,Marketplace,4,131.24,524.96,330.09,194.87
ORD-102738,46047,South,Ana Lopez,Clothing,Hoodie,Online,2,62.38,124.76,62.34,62.42
ORD-102792,46047,East,Sarah Kim,Clothing,Hoodie,Store,1,62.84,62.84,31.58,31.26
ORD-102921,46047,West,Jordan Smith,Home,Blender,Online,4,83.51,334.04,221.03,113.01
ORD-103193,46047,West,Rachel Green,Clothing,Sneakers,Marketplace,6,114.42,686.52,400.43,286.09
ORD-103286,46047,East,David Lee,Sports,Running Shoes,Store,3,134.46,403.38,229.13,174.25
ORD-103717,46047,West,Jordan Smith,Home,Air Fryer,Online,4,145.62,582.48,389.32,193.16
ORD-104004,46047,East,David Lee,Electronics,Headphones,Store,2,89.75,179.5,107.75,71.75
ORD-104166,46047,East,David Lee,Sports,Fitness Tracker,Marketplace,6,138,828,561.05,266.95
ORD-104216,46047,North,James Wilson,Electronics,Headphones,Online,4,84.03,336.12,208.12,128
ORD-104408,46047,South,Ana Lopez,Home,Blender,Online,6,78.78,472.68,328.3,144.38
ORD-104818,46047,South,Ana Lopez,Home,Coffee Maker,Online,6,121.3,727.8,456.36,271.44
ORD-104947,46047,North,Emily Chen,Home,Coffee Maker,Marketplace,3,125.14,375.42,236.04,139.38
ORD-100233,46048,South,Ana Lopez,Home,Blender,Online,2,83.47,166.94,113.33,53.61
ORD-100484,46048,West,Jordan Smith,Home,Air Fryer,Store,2,151.47,302.94,210.19,92.75
ORD-100555,46048,North,Emily Chen,Clothing,Jeans,Store,6,69.49,416.94,225.04,191.9
ORD-100847,46048,North,Nina Patel,Clothing,Sneakers,Store,2,116.98,233.96,144.61,89.35
ORD-100893,46048,East,Sarah Kim,Sports,Running Shoes,Store,6,121.97,731.82,443.28,288.54
ORD-100903,46048,South,Chris Brown,Home,Coffee Maker,Store,5,122.41,612.05,383.28,228.77
ORD-100983,46048,South,Mike Davis,Electronics,Webcam,Store,2,101.39,202.78,117.41,85.37
ORD-100995,46048,West,Tom Nguyen,Home,Coffee Maker,Store,2,117.5,235,145.54,89.46
ORD-101010,46048,North,Emily Chen,Sports,Fitness Tracker,Marketplace,5,137.96,689.8,462.84,226.96
ORD-101026,46048,East,Sarah Kim,Sports,Fitness Tracker,Online,6,133.25,799.5,524.99,274.51
ORD-101165,46048,East,Marcus Reed,Home,Blender,Store,4,91.56,366.24,251.51,114.73
ORD-101340,46048,South,Chris Brown,Electronics,Keyboard,Online,6,62.86,377.16,213.01,164.15
ORD-101375,46048,South,Ana Lopez,Electronics,Keyboard,Marketplace,5,68.16,340.8,202.17,138.63
ORD-101907,46048,East,Sarah Kim,Electronics,Webcam,Store,6,116.23,697.38,422.27,275.11
ORD-101921,46048,East,Marcus Reed,Home,Blender,Online,6,81.51,489.06,344.49,144.57
ORD-101924,46048,South,Ana Lopez,Electronics,Monitor,Online,5,235.43,1177.15,839.66,337.49
ORD-101957,46048,East,Sarah Kim,Electronics,Headphones,Online,2,87.25,174.5,105.97,68.53
ORD-102055,46048,South,Chris Brown,Home,Vacuum,Store,3,174.83,524.49,348.83,175.66
ORD-102236,46048,South,Mike Davis,Clothing,Sneakers,Online,4,112.6,450.4,275.81,174.59
ORD-102261,46048,North,Nina Patel,Home,Blender,Online,4,86.96,347.84,235.28,112.56
ORD-102363,46048,East,Sarah Kim,Home,Air Fryer,Online,6,138.25,829.5,577.31,252.19
ORD-102508,46048,North,Emily Chen,Electronics,Webcam,Online,3,101.47,304.41,176.21,128.2
ORD-102523,46048,South,Mike Davis,Clothing,Sneakers,Online,3,100.26,300.78,178.35,122.43
ORD-102949,46048,East,Sarah Kim,Electronics,Webcam,Marketplace,4,120.98,483.92,293.2,190.72
ORD-103033,46048,East,Marcus Reed,Home,Coffee Maker,Online,2,115.74,231.48,143.73,87.75
ORD-103075,46048,West,Rachel Green,Sports,Fitness Tracker,Store,6,153.65,921.9,622.32,299.58
ORD-103084,46048,West,Jordan Smith,Home,Coffee Maker,Online,1,119.76,119.76,74.03,45.73
ORD-103147,46048,West,Jordan Smith,Clothing,Jeans,Online,2,67.28,134.56,71.57,62.99
ORD-103235,46048,West,Tom Nguyen,Sports,Yoga Mat,Online,3,43.66,130.98,62.89,68.09
ORD-103433,46048,North,James Wilson,Home,Coffee Maker,Online,4,118.58,474.32,303.71,170.61
ORD-103539,46048,West,Tom Nguyen,Home,Air Fryer,Marketplace,1,139.31,139.31,90.01,49.3
ORD-103564,46048,East,David Lee,Electronics,Monitor,Online,3,228.16,684.48,477.96,206.52
ORD-103663,46048,West,Jordan Smith,Home,Coffee Maker,Online,3,120.81,362.43,232.36,130.07
ORD-104044,46048,North,Emily Chen,Electronics,Webcam,Store,4,119.92,479.68,290.99,188.69
ORD-104064,46048,West,Tom Nguyen,Sports,Yoga Mat,Store,1,36.17,36.17,17.05,19.12
ORD-104636,46048,East,Sarah Kim,Electronics,Webcam,Online,4,108.35,433.4,264.4,169
ORD-104661,46048,East,David Lee,Home,Blender,Marketplace,2,79.45,158.9,111.15,47.75
ORD-104711,46048,South,Chris Brown,Electronics,Headphones,Online,4,89.03,356.12,225.38,130.74
ORD-100291,46049,South,Mike Davis,Home,Vacuum,Online,3,200.75,602.25,430.26,171.99
ORD-100412,46049,South,Ana Lopez,Electronics,Headphones,Online,1,90.89,90.89,55.58,35.31
ORD-100552,46049,South,Ana Lopez,Electronics,Headphones,Online,3,93.17,279.51,171.13,108.38
ORD-100628,46049,East,David Lee,Clothing,Sneakers,Store,4,106.91,427.64,255.33,172.31
ORD-100888,46049,East,Marcus Reed,Clothing,Sneakers,Store,3,104.45,313.35,182.83,130.52
ORD-101376,46049,East,Marcus Reed,Home,Coffee Maker,Store,6,126.94,761.64,505.73,255.91
ORD-101543,46049,South,Mike Davis,Electronics,Headphones,Marketplace,2,96.63,193.26,116,77.26
ORD-101747,46049,South,Chris Brown,Electronics,Keyboard,Online,2,65.13,130.26,77.82,52.44
ORD-101756,46049,South,Mike Davis,Clothing,Jacket,Online,6,98.68,592.08,331.28,260.8
ORD-101873,46049,South,Ana Lopez,Sports,Dumbbells,Store,3,69.4,208.2,126.14,82.06
ORD-102008,46049,North,Emily Chen,Sports,Dumbbells,Marketplace,6,73.45,440.7,259.29,181.41
ORD-102050,46049,North,James Wilson,Home,Air Fryer,Marketplace,1,164.32,164.32,113.29,51.03
ORD-102083,46049,East,David Lee,Clothing,Hoodie,Online,1,57.32,57.32,29.3,28.02
ORD-102291,46049,West,Jordan Smith,Electronics,Webcam,Online,2,117.82,235.64,138.37,97.27
ORD-102647,46049,East,Marcus Reed,Home,Blender,Online,3,81.48,244.44,168,76.44
ORD-102744,46049,North,James Wilson,Clothing,Hoodie,Store,3,54.04,162.12,83.12,79
ORD-102896,46049,East,Marcus Reed,Clothing,Jacket,Online,1,99.76,99.76,55.79,43.97
ORD-102908,46049,West,Rachel Green,Home,Coffee Maker,Online,3,109.55,328.65,203.45,125.2
ORD-102967,46049,West,Rachel Green,Electronics,Headphones,Marketplace,6,83.09,498.54,298.86,199.68
ORD-103223,46049,North,Emily Chen,Clothing,Sneakers,Online,6,120.46,722.76,442.51,280.25
ORD-103310,46049,North,James Wilson,Electronics,Headphones,Store,3,81,243,153.64,89.36
ORD-103393,46049,South,Ana Lopez,Home,Blender,Online,1,88.24,88.24,62.3,25.94
ORD-103414,46049,North,Emily Chen,Home,Vacuum,Store,4,208.08,832.32,592.69,239.63
ORD-103669,46049,South,Chris Brown,Clothing,Hoodie,Online,2,54.39,108.78,54.77,54.01
ORD-103676,46049,East,Sarah Kim,Home,Vacuum,Marketplace,5,185.52,927.6,655.08,272.52
ORD-103887,46049,North,Emily Chen,Sports,Dumbbells,Online,1,73.66,73.66,46.01,27.65
ORD-103916,46049,North,James Wilson,Electronics,Monitor,Marketplace,2,240.01,480.02,328.57,151.45
ORD-104201,46049,East,Sarah Kim,Clothing,Jeans,Marketplace,6,74.93,449.58,239.97,209.61
ORD-104227,46049,West,Jordan Smith,Sports,Fitness Tracker,Store,3,133.89,401.67,266.24,135.43
ORD-104641,46049,West,Rachel Green,Sports,Running Shoes,Store,2,129.3,258.6,155.53,103.07
ORD-104712,46049,East,Sarah Kim,Electronics,Keyboard,Online,1,63.76,63.76,37.81,25.95
ORD-104798,46049,South,Mike Davis,Electronics,Headphones,Online,3,88.02,264.06,159.79,104.27
ORD-100376,46050,South,Ana Lopez,Home,Blender,Online,2,77.9,155.8,105.91,49.89
ORD-100585,46050,East,Sarah Kim,Electronics,Keyboard,Marketplace,5,60.92,304.6,172.7,131.9
ORD-100881,46050,South,Chris Brown,Home,Blender,Marketplace,4,87.59,350.36,240.2,110.16
ORD-101061,46050,East,Sarah Kim,Electronics,Keyboard,Store,3,60.93,182.79,110.2,72.59
ORD-101357,46050,South,Chris Brown,Electronics,Headphones,Online,1,82.94,82.94,53.38,29.56
ORD-101469,46050,North,Nina Patel,Electronics,Webcam,Store,6,117.57,705.42,421.16,284.26
ORD-101622,46050,North,Emily Chen,Sports,Yoga Mat,Online,1,36.32,36.32,16.94,19.38
ORD-101787,46050,West,Rachel Green,Clothing,Sneakers,Store,1,110.15,110.15,67.96,42.19
ORD-102132,46050,West,Rachel Green,Home,Vacuum,Store,3,185.57,556.71,376.09,180.62
ORD-102506,46050,South,Chris Brown,Electronics,Keyboard,Store,4,70.81,283.24,160.05,123.19
ORD-102644,46050,South,Chris Brown,Electronics,Webcam,Store,4,115.54,462.16,273.22,188.94
ORD-102898,46050,East,Marcus Reed,Home,Air Fryer,Online,5,154,770,509.05,260.95
ORD-103004,46050,East,Marcus Reed,Clothing,Jeans,Online,4,73.5,294,153.55,140.45
ORD-103077,46050,North,James Wilson,Home,Coffee Maker,Online,3,117.04,351.12,216.75,134.37
ORD-103449,46050,West,Rachel Green,Electronics,Webcam,Store,6,120.6,723.6,445.69,277.91
ORD-103557,46050,West,Jordan Smith,Home,Coffee Maker,Online,4,130.44,521.76,335.38,186.38
ORD-103699,46050,South,Ana Lopez,Electronics,Headphones,Marketplace,5,86.55,432.75,277.41,155.34
ORD-103763,46050,North,Nina Patel,Clothing,Jacket,Store,4,95.39,381.56,214.96,166.6
ORD-104473,46050,South,Chris Brown,Clothing,Hoodie,Online,1,64.78,64.78,32.74,32.04
ORD-104765,46050,East,David Lee,Electronics,Webcam,Online,5,112.69,563.45,341.7,221.75
ORD-100039,46051,East,Sarah Kim,Electronics,Keyboard,Online,1,60.77,60.77,33.99,26.78
ORD-100122,46051,East,Marcus Reed,Sports,Dumbbells,Online,2,80.38,160.76,101.3,59.46
ORD-100140,46051,North,Nina Patel,Clothing,Jacket,Online,3,95.61,286.83,153.81,133.02
ORD-100244,46051,North,Nina Patel,Clothing,Jeans,Marketplace,3,64.31,192.93,99.62,93.31
ORD-100334,46051,West,Tom Nguyen,Electronics,Keyboard,Store,3,69.79,209.37,120.17,89.2
ORD-100421,46051,East,Marcus Reed,Sports,Fitness Tracker,Online,2,137.71,275.42,179.22,96.2
ORD-100425,46051,East,David Lee,Home,Blender,Online,4,92.32,369.28,251.23,118.05
ORD-100745,46051,East,Sarah Kim,Home,Vacuum,Marketplace,2,205.62,411.24,281.59,129.65
ORD-100788,46051,East,David Lee,Home,Blender,Online,3,78.37,235.11,166.03,69.08
ORD-100924,46051,South,Chris Brown,Electronics,Headphones,Marketplace,4,85.49,341.96,216.02,125.94
ORD-101041,46051,East,Marcus Reed,Electronics,Webcam,Marketplace,1,119.1,119.1,73.16,45.94
ORD-101168,46051,West,Tom Nguyen,Clothing,Jacket,Store,4,86.93,347.72,197.26,150.46
ORD-101855,46051,West,Rachel Green,Electronics,Headphones,Store,1,91.95,91.95,56.53,35.42
ORD-101861,46051,North,Nina Patel,Clothing,Jeans,Online,1,63.94,63.94,32.9,31.04
ORD-101884,46051,East,Marcus Reed,Electronics,Headphones,Online,4,84.33,337.32,202.36,134.96
ORD-102651,46051,North,Nina Patel,Electronics,Webcam,Marketplace,5,117.44,587.2,355.89,231.31
ORD-102653,46051,South,Ana Lopez,Clothing,Hoodie,Store,2,59.85,119.7,61.11,58.59
ORD-102759,46051,East,Sarah Kim,Clothing,Sneakers,Online,5,117.06,585.3,359.13,226.17
ORD-102762,46051,East,Sarah Kim,Sports,Yoga Mat,Store,5,41.81,209.05,99.61,109.44
ORD-103000,46051,North,Nina Patel,Clothing,Hoodie,Store,6,63.91,383.46,188.07,195.39
ORD-103086,46051,South,Ana Lopez,Home,Air Fryer,Marketplace,4,145.92,583.68,387.87,195.81
ORD-103460,46051,South,Mike Davis,Electronics,Keyboard,Store,3,58.56,175.68,103.02,72.66
ORD-103617,46051,East,Sarah Kim,Clothing,Hoodie,Online,3,56.58,169.74,87.83,81.91
ORD-103700,46051,South,Chris Brown,Sports,Yoga Mat,Marketplace,2,36.79,73.58,35.26,38.32
ORD-104334,46051,North,Emily Chen,Clothing,Jacket,Marketplace,3,101.77,305.31,171.83,133.48
ORD-104369,46051,East,David Lee,Electronics,Webcam,Store,3,110.19,330.57,194.55,136.02
ORD-104547,46051,North,James Wilson,Home,Vacuum,Online,3,172.67,518.01,370.29,147.72
ORD-104731,46051,West,Jordan Smith,Clothing,Sneakers,Online,3,111.18,333.54,195.95,137.59
ORD-100355,46052,West,Tom Nguyen,Home,Vacuum,Online,2,183.86,367.72,260.14,107.58
ORD-100878,46052,East,David Lee,Electronics,Webcam,Store,1,112.47,112.47,68.29,44.18
ORD-101060,46052,South,Ana Lopez,Sports,Dumbbells,Marketplace,2,74.42,148.84,87.86,60.98
ORD-101656,46052,West,Jordan Smith,Electronics,Webcam,Online,1,108.3,108.3,63.61,44.69
ORD-101737,46052,South,Chris Brown,Clothing,Jeans,Marketplace,1,73.01,73.01,36.81,36.2
ORD-101746,46052,North,Emily Chen,Home,Coffee Maker,Store,6,125.31,751.86,481.8,270.06
ORD-101966,46052,West,Jordan Smith,Home,Vacuum,Online,2,188.33,376.66,260.3,116.36
ORD-102319,46052,West,Jordan Smith,Electronics,Monitor,Online,6,267.67,1606.02,1095.73,510.29
ORD-102405,46052,South,Chris Brown,Electronics,Monitor,Online,5,266.2,1331,959,372
ORD-102497,46052,South,Ana Lopez,Home,Air Fryer,Store,4,153.57,614.28,413.54,200.74
ORD-102773,46052,West,Tom Nguyen,Sports,Fitness Tracker,Store,2,150.24,300.48,203.13,97.35
ORD-102953,46052,West,Jordan Smith,Sports,Fitness Tracker,Online,6,136.66,819.96,549.76,270.2
ORD-103115,46052,North,Emily Chen,Home,Vacuum,Store,5,176.92,884.6,596.54,288.06
ORD-103195,46052,South,Chris Brown,Home,Blender,Online,6,90.06,540.36,373.02,167.34
ORD-103201,46052,South,Ana Lopez,Clothing,Hoodie,Online,4,63.1,252.4,128.94,123.46
ORD-103346,46052,East,Sarah Kim,Home,Vacuum,Store,2,174.85,349.7,231.81,117.89
ORD-103667,46052,West,Tom Nguyen,Sports,Dumbbells,Store,3,78.15,234.45,146.96,87.49
ORD-103681,46052,East,David Lee,Home,Coffee Maker,Store,2,113.41,226.82,148.95,77.87
ORD-103785,46052,East,Sarah Kim,Electronics,Monitor,Online,3,264.67,794.01,575.82,218.19
ORD-103811,46052,South,Ana Lopez,Sports,Fitness Tracker,Store,4,134.5,538,344.63,193.37
ORD-103841,46052,East,Sarah Kim,Clothing,Jeans,Online,5,75.18,375.9,193.52,182.38
ORD-103876,46052,South,Ana Lopez,Electronics,Headphones,Online,6,96.11,576.66,347.68,228.98
ORD-104213,46052,South,Chris Brown,Home,Vacuum,Online,6,174.64,1047.84,728.59,319.25
ORD-104425,46052,North,James Wilson,Clothing,Hoodie,Marketplace,5,60.05,300.25,147.59,152.66
ORD-104507,46052,West,Tom Nguyen,Electronics,Monitor,Online,2,246.35,492.7,334.43,158.27
ORD-104592,46052,South,Ana Lopez,Home,Vacuum,Store,3,173.53,520.59,361.55,159.04
ORD-104702,46052,North,James Wilson,Sports,Running Shoes,Store,4,133.42,533.68,327.29,206.39
ORD-104880,46052,West,Rachel Green,Sports,Running Shoes,Store,6,127.12,762.72,446.5,316.22
ORD-100165,46053,West,Tom Nguyen,Electronics,Keyboard,Online,6,60.5,363,211.11,151.89
ORD-100385,46053,South,Mike Davis,Sports,Dumbbells,Marketplace,3,82.3,246.9,155.13,91.77
ORD-100672,46053,South,Ana Lopez,Clothing,Sneakers,Online,6,106.53,639.18,379.63,259.55
ORD-100860,46053,East,David Lee,Electronics,Webcam,Store,1,115.36,115.36,71.7,43.66
ORD-101070,46053,North,Nina Patel,Sports,Dumbbells,Online,2,69.91,139.82,82.03,57.79
ORD-101095,46053,South,Mike Davis,Home,Blender,Store,6,92.4,554.4,366.3,188.1
ORD-101160,46053,East,Marcus Reed,Sports,Yoga Mat,Online,4,39.18,156.72,76.58,80.14
ORD-101675,46053,West,Tom Nguyen,Electronics,Headphones,Store,4,86.54,346.16,206.84,139.32
ORD-101809,46053,South,Mike Davis,Sports,Dumbbells,Marketplace,2,72.38,144.76,88.71,56.05
ORD-101868,46053,South,Ana Lopez,Electronics,Keyboard,Online,4,58.71,234.84,140.21,94.63
ORD-102016,46053,West,Rachel Green,Electronics,Headphones,Store,3,98.44,295.32,182.21,113.11
ORD-102073,46053,South,Ana Lopez,Clothing,Sneakers,Store,1,119.33,119.33,74.21,45.12
ORD-102115,46053,South,Chris Brown,Electronics,Headphones,Online,5,82.25,411.25,257.15,154.1
ORD-102248,46053,North,Nina Patel,Home,Blender,Store,2,90.74,181.48,126.35,55.13
ORD-102649,46053,West,Rachel Green,Clothing,Jacket,Store,2,98.95,197.9,110.96,86.94
ORD-102817,46053,East,David Lee,Electronics,Keyboard,Store,2,70.38,140.76,84.66,56.1
ORD-102890,46053,West,Jordan Smith,Sports,Dumbbells,Store,5,71.95,359.75,217.81,141.94
ORD-103060,46053,West,Tom Nguyen,Clothing,Jacket,Store,4,93.23,372.92,212.54,160.38
ORD-103185,46053,West,Rachel Green,Electronics,Webcam,Online,5,107.06,535.3,315.88,219.42
ORD-103477,46053,East,Marcus Reed,Clothing,Sneakers,Online,5,111.7,558.5,344.49,214.01
ORD-103558,46053,North,Nina Patel,Electronics,Webcam,Store,1,102.34,102.34,63,39.34
ORD-103621,46053,East,Marcus Reed,Electronics,Webcam,Store,2,100.27,200.54,117.05,83.49
ORD-104161,46053,West,Rachel Green,Sports,Running Shoes,Online,2,120.92,241.84,142.67,99.17
ORD-104287,46053,East,Marcus Reed,Electronics,Keyboard,Online,3,67.4,202.2,115.97,86.23
ORD-104549,46053,West,Rachel Green,Home,Coffee Maker,Store,2,110.1,220.2,142.5,77.7
ORD-104612,46053,West,Jordan Smith,Sports,Fitness Tracker,Store,3,139.34,418.02,273.34,144.68
ORD-104695,46053,West,Rachel Green,Sports,Running Shoes,Store,3,119.3,357.9,213.84,144.06
ORD-104852,46053,South,Chris Brown,Home,Coffee Maker,Online,1,117.91,117.91,76.81,41.1
ORD-104995,46053,North,Emily Chen,Home,Air Fryer,Marketplace,6,140.5,843,576.26,266.74
ORD-100433,46054,East,Sarah Kim,Electronics,Webcam,Store,6,107.32,643.92,395.31,248.61
ORD-101257,46054,South,Mike Davis,Home,Coffee Maker,Store,4,122.41,489.64,304.24,185.4
ORD-101280,46054,North,Nina Patel,Home,Blender,Store,5,76.54,382.7,262.7,120
ORD-101343,46054,South,Chris Brown,Clothing,Hoodie,Store,6,62.02,372.12,188.51,183.61
ORD-101466,46054,West,Rachel Green,Home,Coffee Maker,Marketplace,3,128.08,384.24,255.09,129.15
ORD-101513,46054,South,Ana Lopez,Clothing,Jacket,Online,6,96.4,578.4,307,271.4
ORD-101547,46054,North,Emily Chen,Electronics,Headphones,Store,4,90.47,361.88,226.36,135.52
ORD-101634,46054,South,Mike Davis,Sports,Dumbbells,Store,4,72.55,290.2,173.32,116.88
ORD-101895,46054,West,Rachel Green,Home,Air Fryer,Online,1,145.17,145.17,94.92,50.25
ORD-101941,46054,North,James Wilson,Clothing,Jacket,Store,4,103.85,415.4,227.96,187.44
ORD-102103,46054,East,David Lee,Home,Vacuum,Online,5,183.68,918.4,652.86,265.54
ORD-102456,46054,North,James Wilson,Sports,Dumbbells,Online,1,77.16,77.16,47.12,30.04
ORD-102617,46054,East,David Lee,Electronics,Monitor,Online,5,273.54,1367.7,945.92,421.78
ORD-102675,46054,East,Sarah Kim,Sports,Dumbbells,Store,5,80.11,400.55,236.43,164.12
ORD-102677,46054,West,Jordan Smith,Sports,Dumbbells,Online,1,77.87,77.87,46.82,31.05
ORD-102837,46054,West,Tom Nguyen,Electronics,Monitor,Store,2,262.51,525.02,379.34,145.68
ORD-103054,46054,West,Tom Nguyen,Electronics,Webcam,Store,3,120.74,362.22,211.32,150.9
ORD-103133,46054,East,David Lee,Home,Blender,Store,2,88.1,176.2,118.78,57.42
ORD-103182,46054,South,Mike Davis,Home,Vacuum,Online,1,181.84,181.84,122.19,59.65
ORD-103311,46054,South,Ana Lopez,Clothing,Jeans,Store,4,75.88,303.52,151.89,151.63
ORD-103345,46054,West,Tom Nguyen,Sports,Fitness Tracker,Store,4,136.99,547.96,369.64,178.32
ORD-103471,46054,East,David Lee,Electronics,Webcam,Store,2,111.21,222.42,134.98,87.44
ORD-103542,46054,North,Emily Chen,Clothing,Jeans,Store,5,76.64,383.2,204.44,178.76
ORD-103543,46054,South,Chris Brown,Electronics,Monitor,Online,4,229.27,917.08,631.75,285.33
ORD-103654,46054,East,Sarah Kim,Sports,Dumbbells,Online,3,78.77,236.31,145.96,90.35
ORD-103787,46054,East,David Lee,Clothing,Jacket,Store,6,93.18,559.08,310.37,248.71
ORD-103821,46054,West,Tom Nguyen,Electronics,Monitor,Store,4,234.59,938.36,651.64,286.72
ORD-103856,46054,East,Sarah Kim,Clothing,Sneakers,Store,6,107.28,643.68,384.06,259.62
ORD-103966,46054,North,Emily Chen,Sports,Fitness Tracker,Store,4,128.91,515.64,335.7,179.94
ORD-104072,46054,East,Marcus Reed,Clothing,Jeans,Store,1,73.22,73.22,38.83,34.39
ORD-104789,46054,South,Chris Brown,Clothing,Jeans,Online,4,66.17,264.68,134.5,130.18
ORD-104953,46054,South,Ana Lopez,Electronics,Keyboard,Online,3,66.08,198.24,114.31,83.93
ORD-100171,46055,North,James Wilson,Sports,Fitness Tracker,Marketplace,6,131.38,788.28,508.64,279.64
ORD-100278,46055,East,Sarah Kim,Home,Blender,Online,3,90.52,271.56,190.95,80.61
ORD-100353,46055,South,Mike Davis,Sports,Dumbbells,Store,4,72.58,290.32,176.33,113.99
ORD-100386,46055,West,Rachel Green,Electronics,Webcam,Marketplace,3,114.15,342.45,206.01,136.44
ORD-100469,46055,South,Ana Lopez,Home,Vacuum,Store,1,172.28,172.28,116.74,55.54
ORD-100511,46055,East,Marcus Reed,Electronics,Webcam,Online,3,107.51,322.53,198.47,124.06
ORD-100642,46055,North,Emily Chen,Home,Vacuum,Marketplace,4,208.85,835.4,558.31,277.09
ORD-101501,46055,East,David Lee,Electronics,Webcam,Store,4,115.63,462.52,279.37,183.15
ORD-101946,46055,East,Sarah Kim,Sports,Dumbbells,Store,1,76.67,76.67,46.97,29.7
ORD-102429,46055,West,Jordan Smith,Electronics,Monitor,Store,4,231.3,925.2,631.66,293.54
ORD-102539,46055,South,Ana Lopez,Electronics,Keyboard,Marketplace,4,64.01,256.04,150.3,105.74
ORD-102558,46055,South,Ana Lopez,Home,Coffee Maker,Online,6,126.55,759.3,466.73,292.57
ORD-102849,46055,East,David Lee,Home,Vacuum,Marketplace,3,197.09,591.27,395.5,195.77
ORD-103113,46055,West,Jordan Smith,Electronics,Keyboard,Marketplace,3,70.74,212.22,123.51,88.71
ORD-103261,46055,South,Mike Davis,Home,Coffee Maker,Online,6,125.22,751.32,482.96,268.36
ORD-103291,46055,West,Jordan Smith,Electronics,Webcam,Store,1,101.25,101.25,63.01,38.24
ORD-103614,46055,North,Nina Patel,Clothing,Hoodie,Store,5,55.87,279.35,134.64,144.71
ORD-103662,46055,East,Marcus Reed,Clothing,Jeans,Marketplace,1,68.47,68.47,36.49,31.98
ORD-104211,46055,East,Marcus Reed,Electronics,Webcam,Store,5,109.79,548.95,324.59,224.36
ORD-104271,46055,West,Jordan Smith,Clothing,Jacket,Online,5,91.24,456.2,250.14,206.06
ORD-104932,46055,West,Tom Nguyen,Electronics,Monitor,Marketplace,2,232.78,465.56,335.63,129.93
ORD-100097,46056,South,Chris Brown,Clothing,Jacket,Marketplace,3,94.94,284.82,152.07,132.75
ORD-100118,46056,East,Sarah Kim,Clothing,Jacket,Store,2,101.39,202.78,107.23,95.55
ORD-100136,46056,South,Mike Davis,Sports,Running Shoes,Online,6,125.77,754.62,436.26,318.36
ORD-100253,46056,East,Sarah Kim,Sports,Yoga Mat,Online,1,42.62,42.62,20.59,22.03
ORD-100282,46056,North,Nina Patel,Home,Air Fryer,Marketplace,2,156.99,313.98,208.16,105.82
ORD-100288,46056,East,Marcus Reed,Electronics,Monitor,Online,1,245.72,245.72,172.31,73.41
ORD-100691,46056,North,James Wilson,Clothing,Jeans,Online,5,74.57,372.85,187.27,185.58
ORD-100827,46056,West,Tom Nguyen,Electronics,Headphones,Marketplace,5,95.66,478.3,303.94,174.36
ORD-100894,46056,North,Emily Chen,Home,Coffee Maker,Marketplace,6,123.62,741.72,459.92,281.8
ORD-101071,46056,West,Jordan Smith,Clothing,Jacket,Marketplace,1,99.63,99.63,54.06,45.57
ORD-101241,46056,South,Mike Davis,Clothing,Sneakers,Online,6,101.8,610.8,374.72,236.08
ORD-101328,46056,North,Emily Chen,Sports,Fitness Tracker,Online,5,130.48,652.4,426.87,225.53
ORD-101471,46056,West,Rachel Green,Sports,Fitness Tracker,Online,3,144.64,433.92,291.87,142.05
ORD-101514,46056,South,Chris Brown,Home,Coffee Maker,Store,5,113.47,567.35,362.31,205.04
ORD-101517,46056,East,Marcus Reed,Clothing,Jacket,Online,3,98.37,295.11,168.28,126.83
ORD-101606,46056,North,James Wilson,Clothing,Jeans,Online,5,74.1,370.5,186.16,184.34
ORD-101769,46056,West,Rachel Green,Clothing,Jeans,Store,2,68.91,137.82,73.25,64.57
ORD-101838,46056,South,Ana Lopez,Sports,Fitness Tracker,Online,2,143.19,286.38,194.79,91.59
ORD-101914,46056,West,Jordan Smith,Electronics,Headphones,Marketplace,1,83.49,83.49,51.31,32.18
ORD-101940,46056,South,Chris Brown,Sports,Fitness Tracker,Marketplace,3,150.01,450.03,291.81,158.22
ORD-101944,46056,North,Emily Chen,Electronics,Headphones,Store,2,81.21,162.42,104.48,57.94
ORD-101994,46056,West,Jordan Smith,Sports,Fitness Tracker,Store,6,132.36,794.16,519.51,274.65
ORD-102061,46056,South,Chris Brown,Home,Blender,Online,6,84.02,504.12,332.07,172.05
ORD-102465,46056,West,Tom Nguyen,Clothing,Jacket,Marketplace,6,89.35,536.1,299.45,236.65
ORD-102661,46056,West,Rachel Green,Electronics,Keyboard,Online,4,62.81,251.24,144.94,106.3
ORD-102829,46056,East,Marcus Reed,Clothing,Hoodie,Store,2,61.2,122.4,61.78,60.62
ORD-103547,46056,East,Marcus Reed,Sports,Dumbbells,Online,3,71.59,214.77,127.4,87.37
ORD-103551,46056,South,Chris Brown,Electronics,Keyboard,Marketplace,3,69.35,208.05,122.82,85.23
ORD-103961,46056,South,Chris Brown,Electronics,Monitor,Store,1,249.4,249.4,180.98,68.42
ORD-104024,46056,West,Rachel Green,Sports,Yoga Mat,Online,4,39.65,158.6,75.63,82.97
ORD-104707,46056,North,Emily Chen,Clothing,Jacket,Marketplace,1,99.69,99.69,56.27,43.42
ORD-104787,46056,South,Ana Lopez,Clothing,Jacket,Store,3,94.74,284.22,159.31,124.91
ORD-104919,46056,South,Mike Davis,Clothing,Jacket,Store,2,98.35,196.7,106.56,90.14
ORD-100019,46057,East,Sarah Kim,Electronics,Headphones,Online,4,97.65,390.6,243.74,146.86
ORD-100294,46057,North,Emily Chen,Sports,Running Shoes,Store,2,136.95,273.9,161.28,112.62
ORD-100357,46057,West,Rachel Green,Sports,Running Shoes,Store,4,117.79,471.16,285.09,186.07
ORD-100957,46057,West,Jordan Smith,Home,Blender,Online,2,78.59,157.18,108.78,48.4
ORD-100999,46057,East,David Lee,Electronics,Keyboard,Online,1,61.85,61.85,37.04,24.81
ORD-101171,46057,West,Jordan Smith,Electronics,Keyboard,Marketplace,6,65.25,391.5,229.34,162.16
ORD-101295,46057,West,Rachel Green,Sports,Running Shoes,Store,6,132.19,793.14,456.54,336.6
ORD-101526,46057,North,James Wilson,Clothing,Jeans,Online,1,69.98,69.98,37.35,32.63
ORD-101899,46057,West,Jordan Smith,Clothing,Hoodie,Store,6,60.29,361.74,183.11,178.63
ORD-102072,46057,North,Emily Chen,Sports,Yoga Mat,Marketplace,1,39.91,39.91,19.76,20.15
ORD-102134,46057,West,Rachel Green,Electronics,Keyboard,Online,6,65.29,391.74,219.18,172.56
ORD-102679,46057,North,James Wilson,Electronics,Monitor,Online,3,267.33,801.99,580.25,221.74
ORD-102727,46057,East,Marcus Reed,Sports,Dumbbells,Store,3,75.66,226.98,136.2,90.78
ORD-103443,46057,West,Rachel Green,Sports,Fitness Tracker,Store,3,151.58,454.74,295.65,159.09
ORD-103473,46057,North,Emily Chen,Electronics,Monitor,Marketplace,6,253.89,1523.34,1086.39,436.95
ORD-103496,46057,East,David Lee,Sports,Yoga Mat,Store,3,37.18,111.54,55.03,56.51
ORD-103560,46057,North,James Wilson,Clothing,Hoodie,Online,4,58.2,232.8,112.58,120.22
ORD-103561,46057,East,Sarah Kim,Clothing,Hoodie,Marketplace,1,63.11,63.11,30.32,32.79
ORD-103677,46057,East,Sarah Kim,Electronics,Headphones,Store,6,89.66,537.96,340.03,197.93
ORD-103847,46057,West,Rachel Green,Electronics,Webcam,Store,4,99.03,396.12,246.05,150.07
ORD-103858,46057,South,Chris Brown,Home,Blender,Online,3,79.27,237.81,155.69,82.12
ORD-103878,46057,West,Tom Nguyen,Electronics,Keyboard,Online,5,70.74,353.7,203.22,150.48
ORD-104031,46057,East,Sarah Kim,Home,Blender,Store,2,82.81,165.62,116.14,49.48
ORD-104230,46057,North,James Wilson,Clothing,Jacket,Online,2,100.08,200.16,107.11,93.05
ORD-104332,46057,West,Rachel Green,Clothing,Jacket,Marketplace,4,86.66,346.64,184.19,162.45
ORD-104872,46057,East,Marcus Reed,Electronics,Webcam,Online,2,119.34,238.68,138.92,99.76
ORD-100197,46058,West,Tom Nguyen,Sports,Yoga Mat,Store,1,42.97,42.97,20.85,22.12
ORD-100275,46058,West,Tom Nguyen,Home,Air Fryer,Store,2,145.79,291.58,191.05,100.53
ORD-100680,46058,West,Tom Nguyen,Home,Coffee Maker,Marketplace,3,109.57,328.71,217.65,111.06
ORD-100823,46058,South,Mike Davis,Electronics,Keyboard,Online,3,59.19,177.57,99.53,78.04
ORD-101049,46058,North,James Wilson,Electronics,Keyboard,Store,6,62.21,373.26,223.04,150.22
ORD-101058,46058,South,Chris Brown,Electronics,Headphones,Store,2,90.76,181.52,108.16,73.36
ORD-101154,46058,East,David Lee,Home,Vacuum,Store,6,171.34,1028.04,694.74,333.3
ORD-101167,46058,East,Sarah Kim,Home,Coffee Maker,Store,5,131.43,657.15,410.56,246.59
ORD-101275,46058,South,Chris Brown,Home,Air Fryer,Online,5,145.33,726.65,484.53,242.12
ORD-101531,46058,North,Nina Patel,Home,Vacuum,Store,2,182.24,364.48,251.64,112.84
ORD-101678,46058,South,Chris Brown,Home,Vacuum,Online,6,186.7,1120.2,797.85,322.35
ORD-101843,46058,South,Ana Lopez,Electronics,Headphones,Store,4,87.3,349.2,212.04,137.16
ORD-102333,46058,South,Mike Davis,Clothing,Sneakers,Online,4,101.1,404.4,237.96,166.44
ORD-102531,46058,North,Nina Patel,Sports,Fitness Tracker,Store,4,144.88,579.52,382.17,197.35
ORD-102581,46058,East,Marcus Reed,Sports,Fitness Tracker,Store,3,146.35,439.05,282.3,156.75
ORD-102794,46058,South,Mike Davis,Electronics,Headphones,Online,2,81.26,162.52,103.92,58.6
ORD-102893,46058,East,Marcus Reed,Electronics,Headphones,Online,4,88.63,354.52,219.49,135.03
ORD-102986,46058,North,James Wilson,Clothing,Hoodie,Online,4,60.4,241.6,120.82,120.78
ORD-103062,46058,West,Jordan Smith,Electronics,Monitor,Marketplace,5,230.48,1152.4,790.34,362.06
ORD-103228,46058,East,David Lee,Home,Blender,Store,1,83.14,83.14,55.14,28
ORD-103243,46058,South,Chris Brown,Home,Vacuum,Online,1,205.62,205.62,139.78,65.84
ORD-103304,46058,East,David Lee,Clothing,Jacket,Online,5,91.61,458.05,250.21,207.84
ORD-103321,46058,North,Nina Patel,Clothing,Sneakers,Online,5,119.25,596.25,365.74,230.51
ORD-103900,46058,South,Ana Lopez,Clothing,Jeans,Online,5,69.44,347.2,184.26,162.94
ORD-104221,46058,East,Marcus Reed,Sports,Fitness Tracker,Marketplace,5,144.96,724.8,483.63,241.17
ORD-104284,46058,East,David Lee,Clothing,Sneakers,Online,4,104.06,416.24,247.05,169.19
ORD-104778,46058,South,Chris Brown,Sports,Running Shoes,Store,4,132.28,529.12,304.68,224.44
ORD-100199,46059,North,Nina Patel,Sports,Dumbbells,Marketplace,1,80.06,80.06,47.34,32.72
ORD-100202,46059,West,Rachel Green,Clothing,Jeans,Marketplace,5,74.79,373.95,201.35,172.6
ORD-100298,46059,North,Emily Chen,Electronics,Keyboard,Online,5,67.27,336.35,191.39,144.96
ORD-100476,46059,North,Nina Patel,Sports,Fitness Tracker,Online,4,152.44,609.76,395.2,214.56
ORD-100586,46059,South,Mike Davis,Clothing,Sneakers,Marketplace,5,105.49,527.45,320.49,206.96
ORD-100616,46059,South,Mike Davis,Home,Vacuum,Store,6,190.77,1144.62,808.62,336
ORD-101078,46059,West,Rachel Green,Home,Blender,Marketplace,4,85.86,343.44,229.9,113.54
ORD-101351,46059,East,Marcus Reed,Sports,Dumbbells,Store,5,69.56,347.8,207.14,140.66
ORD-101402,46059,North,Emily Chen,Clothing,Hoodie,Online,2,61.56,123.12,59.37,63.75
ORD-101509,46059,East,David Lee,Sports,Yoga Mat,Online,6,40.15,240.9,118.49,122.41
ORD-101555,46059,West,Tom Nguyen,Electronics,Headphones,Store,6,96.5,579,370.32,208.68
ORD-101654,46059,North,Nina Patel,Sports,Running Shoes,Online,5,120.85,604.25,348.49,255.76
ORD-101666,46059,North,James Wilson,Clothing,Jeans,Marketplace,1,73.81,73.81,38.13,35.68
ORD-102129,46059,East,Sarah Kim,Electronics,Monitor,Marketplace,4,245.13,980.52,663.89,316.63
ORD-103053,46059,West,Tom Nguyen,Home,Blender,Online,2,93.32,186.64,127.47,59.17
ORD-103110,46059,West,Rachel Green,Home,Air Fryer,Online,3,164.41,493.23,332.36,160.87
ORD-103181,46059,West,Tom Nguyen,Clothing,Sneakers,Store,5,118.88,594.4,363.36,231.04
ORD-103387,46059,North,James Wilson,Electronics,Monitor,Online,5,233.24,1166.2,839.13,327.07
ORD-103425,46059,East,David Lee,Sports,Running Shoes,Store,3,126.52,379.56,230.27,149.29
ORD-103780,46059,North,Emily Chen,Electronics,Keyboard,Store,6,62.25,373.5,221.37,152.13
ORD-103828,46059,South,Ana Lopez,Sports,Dumbbells,Online,4,71.47,285.88,180.77,105.11
ORD-103855,46059,South,Ana Lopez,Electronics,Headphones,Online,2,88.44,176.88,113.11,63.77
ORD-104191,46059,South,Ana Lopez,Home,Blender,Store,5,90.19,450.95,296.93,154.02
ORD-104273,46059,East,David Lee,Sports,Running Shoes,Online,2,129.11,258.22,148.62,109.6
ORD-104672,46059,West,Jordan Smith,Electronics,Keyboard,Store,3,66.12,198.36,116.81,81.55
ORD-100428,46060,West,Tom Nguyen,Sports,Yoga Mat,Store,2,40.5,81,38.8,42.2
ORD-100799,46060,North,James Wilson,Home,Vacuum,Online,4,201.06,804.24,558.68,245.56
ORD-100841,46060,East,Sarah Kim,Clothing,Jeans,Store,6,63.59,381.54,194.6,186.94
ORD-101226,46060,East,David Lee,Electronics,Monitor,Online,4,254.2,1016.8,703.88,312.92
ORD-101605,46060,South,Chris Brown,Electronics,Monitor,Online,6,266.29,1597.74,1139.92,457.82
ORD-101846,46060,South,Chris Brown,Sports,Fitness Tracker,Store,2,141.58,283.16,193.23,89.93
ORD-102293,46060,South,Chris Brown,Home,Blender,Marketplace,2,89.63,179.26,124.02,55.24
ORD-102514,46060,East,David Lee,Home,Vacuum,Online,6,172.93,1037.58,741.43,296.15
ORD-102957,46060,West,Rachel Green,Clothing,Jacket,Online,4,93.31,373.24,212.42,160.82
ORD-103097,46060,East,Sarah Kim,Home,Blender,Store,6,78.23,469.38,308.65,160.73
ORD-103210,46060,East,Marcus Reed,Sports,Yoga Mat,Online,5,37.06,185.3,89.28,96.02
ORD-103615,46060,South,Mike Davis,Clothing,Sneakers,Store,4,99.86,399.44,232.69,166.75
ORD-103912,46060,West,Tom Nguyen,Clothing,Jeans,Marketplace,2,72.3,144.6,77.57,67.03
ORD-103926,46060,East,Marcus Reed,Home,Blender,Online,1,92.01,92.01,63.5,28.51
ORD-104097,46060,West,Tom Nguyen,Home,Vacuum,Marketplace,6,172.86,1037.16,721.2,315.96
ORD-104348,46060,South,Ana Lopez,Clothing,Jacket,Store,4,90.05,360.2,196.98,163.22
ORD-104601,46060,West,Jordan Smith,Electronics,Webcam,Store,1,104.08,104.08,60.92,43.16
ORD-100143,46061,North,Nina Patel,Clothing,Hoodie,Marketplace,1,57.37,57.37,27.68,29.69
ORD-100228,46061,East,Sarah Kim,Electronics,Keyboard,Online,6,69.34,416.04,244.8,171.24
ORD-100436,46061,North,Nina Patel,Clothing,Jeans,Online,6,75.41,452.46,227.7,224.76
ORD-100534,46061,South,Chris Brown,Clothing,Hoodie,Marketplace,2,57.06,114.12,58.09,56.03
ORD-100570,46061,North,Emily Chen,Electronics,Monitor,Store,2,274.52,549.04,399.59,149.45
ORD-100626,46061,South,Mike Davis,Electronics,Keyboard,Online,6,65.29,391.74,223.94,167.8
ORD-100771,46061,North,James Wilson,Sports,Yoga Mat,Online,3,39.29,117.87,55.73,62.14
ORD-101103,46061,East,Sarah Kim,Home,Blender,Store,5,83.94,419.7,278.46,141.24
ORD-101727,46061,South,Mike Davis,Sports,Yoga Mat,Store,5,37.22,186.1,86.28,99.82
ORD-101816,46061,East,Marcus Reed,Electronics,Webcam,Online,3,113.59,340.77,200.06,140.71
ORD-102118,46061,East,David Lee,Clothing,Jeans,Marketplace,3,69.72,209.16,111.07,98.09
ORD-102143,46061,West,Jordan Smith,Clothing,Hoodie,Online,1,64.28,64.28,31.75,32.53
ORD-102464,46061,East,David Lee,Clothing,Hoodie,Online,5,54.98,274.9,133.49,141.41
ORD-102592,46061,North,Nina Patel,Home,Coffee Maker,Store,4,130.98,523.92,324.13,199.79
ORD-102627,46061,South,Mike Davis,Clothing,Jeans,Marketplace,2,67.3,134.6,71.7,62.9
ORD-102886,46061,North,Nina Patel,Electronics,Monitor,Store,4,239.96,959.84,652.58,307.26
ORD-103226,46061,North,James Wilson,Sports,Dumbbells,Store,1,68.39,68.39,42.95,25.44
ORD-103359,46061,North,Nina Patel,Home,Blender,Marketplace,6,88.58,531.48,360.15,171.33
ORD-103535,46061,North,James Wilson,Home,Air Fryer,Store,1,151.31,151.31,99.03,52.28
ORD-103599,46061,South,Mike Davis,Sports,Yoga Mat,Online,2,36.18,72.36,33.82,38.54
ORD-103727,46061,East,David Lee,Sports,Dumbbells,Online,2,70.49,140.98,84.6,56.38
ORD-104372,46061,South,Mike Davis,Sports,Yoga Mat,Store,1,42.64,42.64,19.94,22.7
ORD-104964,46061,South,Ana Lopez,Home,Blender,Store,5,84.27,421.35,285.6,135.75
ORD-100264,46062,East,David Lee,Sports,Fitness Tracker,Store,2,135.13,270.26,180.39,89.87
ORD-100397,46062,East,Marcus Reed,Clothing,Jeans,Store,3,70.2,210.6,107.41,103.19
ORD-100499,46062,South,Chris Brown,Electronics,Keyboard,Store,3,58.53,175.59,104.74,70.85
ORD-100553,46062,North,Nina Patel,Clothing,Jacket,Store,2,94.37,188.74,102.73,86.01
ORD-100651,46062,South,Mike Davis,Electronics,Monitor,Online,5,262.31,1311.55,937.9,373.65
ORD-100792,46062,North,James Wilson,Electronics,Headphones,Store,6,91.77,550.62,344.11,206.51
ORD-101077,46062,East,David Lee,Home,Air Fryer,Store,6,159.68,958.08,622.88,335.2
ORD-101308,46062,North,Emily Chen,Home,Air Fryer,Marketplace,4,149.1,596.4,412.84,183.56
ORD-101387,46062,North,Nina Patel,Electronics,Monitor,Store,1,271.21,271.21,194.25,76.96
ORD-101575,46062,South,Mike Davis,Home,Coffee Maker,Marketplace,6,126.42,758.52,475.45,283.07
ORD-101942,46062,South,Chris Brown,Home,Vacuum,Store,1,195.42,195.42,130.79,64.63
ORD-102082,46062,East,Sarah Kim,Sports,Yoga Mat,Online,6,37.93,227.58,106.87,120.71
ORD-102093,46062,West,Rachel Green,Electronics,Monitor,Marketplace,6,257.56,1545.36,1090.26,455.1
ORD-102258,46062,South,Chris Brown,Clothing,Sneakers,Marketplace,3,115.2,345.6,212.46,133.14
ORD-102297,46062,North,James Wilson,Clothing,Hoodie,Online,3,58.18,174.54,84.49,90.05
ORD-102607,46062,North,James Wilson,Electronics,Webcam,Store,5,111.31,556.55,345.31,211.24
ORD-102611,46062,West,Rachel Green,Electronics,Monitor,Online,3,239.53,718.59,495.87,222.72
ORD-102696,46062,East,Sarah Kim,Clothing,Jacket,Online,1,93.11,93.11,49.18,43.93
ORD-103045,46062,North,Nina Patel,Sports,Yoga Mat,Marketplace,6,36.32,217.92,107.53,110.39
ORD-103205,46062,West,Tom Nguyen,Home,Coffee Maker,Marketplace,6,124.47,746.82,475.33,271.49
ORD-103454,46062,South,Ana Lopez,Electronics,Monitor,Online,2,233.7,467.4,331.24,136.16
ORD-103758,46062,South,Mike Davis,Electronics,Headphones,Store,1,83.97,83.97,52.31,31.66
ORD-104118,46062,North,Nina Patel,Home,Coffee Maker,Marketplace,6,130.25,781.5,504.51,276.99
ORD-104129,46062,East,David Lee,Electronics,Keyboard,Marketplace,5,65.96,329.8,191.91,137.89
ORD-104163,46062,North,James Wilson,Home,Blender,Online,6,84.05,504.3,355.9,148.4
ORD-104464,46062,East,Sarah Kim,Home,Air Fryer,Marketplace,2,151.76,303.52,201.08,102.44
ORD-104595,46062,East,Marcus Reed,Sports,Dumbbells,Online,2,75.83,151.66,93.44,58.22
ORD-104607,46062,East,David Lee,Clothing,Hoodie,Online,6,54.11,324.66,165.62,159.04
ORD-104879,46062,West,Jordan Smith,Electronics,Keyboard,Online,5,62.11,310.55,186.79,123.76
ORD-104938,46062,West,Jordan Smith,Clothing,Sneakers,Online,5,105.34,526.7,323.57,203.13
ORD-100161,46063,East,David Lee,Sports,Running Shoes,Online,2,126.3,252.6,149.04,103.56
ORD-100194,46063,North,Nina Patel,Electronics,Keyboard,Online,6,65.27,391.62,226.48,165.14
ORD-100344,46063,West,Jordan Smith,Sports,Dumbbells,Online,5,75.84,379.2,227.56,151.64
ORD-100400,46063,West,Jordan Smith,Clothing,Jeans,Online,4,72.51,290.04,154.08,135.96
ORD-100444,46063,West,Rachel Green,Clothing,Sneakers,Store,4,106.29,425.16,258.08,167.08
ORD-100689,46063,South,Mike Davis,Home,Vacuum,Store,4,181.44,725.76,507.38,218.38
ORD-101158,46063,East,Marcus Reed,Electronics,Monitor,Store,5,259.96,1299.8,875.37,424.43
ORD-101170,46063,North,Emily Chen,Sports,Fitness Tracker,Online,3,143.47,430.41,290.93,139.48
ORD-101223,46063,East,Marcus Reed,Clothing,Hoodie,Online,5,64.49,322.45,158.71,163.74
ORD-101244,46063,East,David Lee,Home,Coffee Maker,Online,3,111.09,333.27,205.42,127.85
ORD-101289,46063,North,James Wilson,Clothing,Hoodie,Online,5,65.91,329.55,170.16,159.39
ORD-101599,46063,South,Chris Brown,Electronics,Keyboard,Online,3,60.02,180.06,105.78,74.28
ORD-102177,46063,South,Mike Davis,Electronics,Headphones,Store,6,92.21,553.26,349.41,203.85
ORD-102210,46063,West,Rachel Green,Electronics,Keyboard,Online,6,60.16,360.96,204,156.96
ORD-102447,46063,West,Tom Nguyen,Electronics,Headphones,Online,6,93.67,562.02,345.16,216.86
ORD-102548,46063,South,Ana Lopez,Electronics,Monitor,Online,4,256.46,1025.84,737.06,288.78
ORD-102755,46063,South,Ana Lopez,Home,Coffee Maker,Store,3,114.95,344.85,216.07,128.78
ORD-102811,46063,North,Emily Chen,Sports,Fitness Tracker,Store,2,130.69,261.38,174.07,87.31
ORD-103005,46063,South,Chris Brown,Sports,Fitness Tracker,Online,5,147.83,739.15,493.68,245.47
ORD-103390,46063,West,Tom Nguyen,Electronics,Headphones,Online,4,85.73,342.92,205.28,137.64
ORD-103493,46063,North,Nina Patel,Sports,Fitness Tracker,Store,6,152.78,916.68,625.77,290.91
ORD-104060,46063,South,Ana Lopez,Electronics,Webcam,Online,5,112.13,560.65,335.65,225
ORD-104171,46063,East,Sarah Kim,Clothing,Hoodie,Marketplace,5,64.51,322.55,161.23,161.32
ORD-104345,46063,East,Marcus Reed,Clothing,Hoodie,Online,2,56.75,113.5,57.91,55.59
ORD-104648,46063,South,Mike Davis,Electronics,Keyboard,Online,2,59.74,119.48,70.27,49.21
ORD-104867,46063,East,Marcus Reed,Electronics,Webcam,Online,1,112,112,67.87,44.13
ORD-100556,46064,West,Rachel Green,Sports,Fitness Tracker,Online,6,129.99,779.94,521.49,258.45
ORD-100646,46064,North,Emily Chen,Electronics,Keyboard,Online,5,59.6,298,171.65,126.35
ORD-101056,46064,South,Chris Brown,Electronics,Monitor,Online,1,238.04,238.04,160.15,77.89
ORD-101313,46064,West,Jordan Smith,Clothing,Hoodie,Store,4,61.91,247.64,123.46,124.18
ORD-101741,46064,West,Rachel Green,Sports,Yoga Mat,Store,4,39.12,156.48,72.18,84.3
ORD-101880,46064,West,Tom Nguyen,Sports,Dumbbells,Online,3,80.8,242.4,142.36,100.04
ORD-101890,46064,South,Mike Davis,Home,Vacuum,Store,4,177.83,711.32,500.03,211.29
ORD-101935,46064,West,Rachel Green,Electronics,Webcam,Online,6,104.86,629.16,365.31,263.85
ORD-102065,46064,South,Ana Lopez,Sports,Yoga Mat,Online,6,40.57,243.42,119.17,124.25
ORD-102412,46064,North,Emily Chen,Clothing,Jacket,Online,2,97.24,194.48,105.13,89.35
ORD-102480,46064,South,Mike Davis,Sports,Fitness Tracker,Store,4,143.43,573.72,390.16,183.56
ORD-102484,46064,West,Tom Nguyen,Sports,Fitness Tracker,Online,1,146.74,146.74,98.29,48.45
ORD-102564,46064,East,Sarah Kim,Electronics,Headphones,Store,5,87.14,435.7,270.91,164.79
ORD-102687,46064,North,Emily Chen,Home,Blender,Store,4,76.73,306.92,214.4,92.52
ORD-102871,46064,South,Chris Brown,Home,Blender,Online,1,77.35,77.35,54.06,23.29
ORD-103017,46064,South,Ana Lopez,Home,Blender,Store,2,81.74,163.48,108.85,54.63
ORD-103369,46064,East,David Lee,Electronics,Headphones,Online,4,85.54,342.16,209.35,132.81
ORD-103747,46064,East,David Lee,Clothing,Jeans,Marketplace,1,65.72,65.72,32.95,32.77
ORD-103901,46064,South,Ana Lopez,Clothing,Jacket,Online,3,97.53,292.59,161.37,131.22
ORD-104074,46064,South,Mike Davis,Home,Air Fryer,Store,3,164.23,492.69,338.16,154.53
ORD-104115,46064,West,Tom Nguyen,Home,Air Fryer,Online,2,161.52,323.04,208.04,115
ORD-104327,46064,East,Marcus Reed,Electronics,Keyboard,Online,2,65.34,130.68,73.98,56.7
ORD-104956,46064,South,Mike Davis,Electronics,Webcam,Store,2,115.46,230.92,142.69,88.23
ORD-100135,46065,East,Marcus Reed,Electronics,Headphones,Online,6,88.44,530.64,327.68,202.96
ORD-100522,46065,East,David Lee,Sports,Fitness Tracker,Online,2,134.66,269.32,173.53,95.79
ORD-100538,46065,West,Rachel Green,Home,Coffee Maker,Online,1,109.4,109.4,71.64,37.76
ORD-100617,46065,West,Rachel Green,Electronics,Monitor,Marketplace,4,264.39,1057.56,761.24,296.32
ORD-100686,46065,East,Sarah Kim,Home,Air Fryer,Store,6,148.11,888.66,581.53,307.13
ORD-101492,46065,West,Jordan Smith,Home,Blender,Online,2,93.32,186.64,128.12,58.52
ORD-101551,46065,North,James Wilson,Clothing,Jacket,Marketplace,5,90.69,453.45,252.01,201.44
ORD-102031,46065,South,Chris Brown,Electronics,Webcam,Online,2,106.06,212.12,131.12,81
ORD-102174,46065,South,Mike Davis,Clothing,Sneakers,Store,2,108.59,217.18,133.16,84.02
ORD-102378,46065,North,James Wilson,Home,Blender,Store,3,87.4,262.2,176.26,85.94
ORD-102500,46065,South,Mike Davis,Electronics,Monitor,Store,6,230.38,1382.28,947.72,434.56
ORD-102552,46065,East,David Lee,Clothing,Sneakers,Store,6,99.19,595.14,358.22,236.92
ORD-103141,46065,North,James Wilson,Sports,Dumbbells,Online,5,69.88,349.4,205.06,144.34
ORD-103192,46065,East,Sarah Kim,Home,Air Fryer,Marketplace,1,137.09,137.09,94.33,42.76
ORD-103417,46065,North,Nina Patel,Electronics,Keyboard,Online,6,64.2,385.2,219.2,166
ORD-103476,46065,East,Marcus Reed,Sports,Running Shoes,Store,3,114.51,343.53,210.05,133.48
ORD-103572,46065,East,David Lee,Clothing,Jacket,Marketplace,6,101.33,607.98,332.89,275.09
ORD-103643,46065,East,Sarah Kim,Electronics,Monitor,Store,6,264.97,1589.82,1156.06,433.76
ORD-103779,46065,South,Chris Brown,Home,Air Fryer,Store,6,162.34,974.04,638.97,335.07
ORD-103957,46065,West,Rachel Green,Clothing,Jacket,Online,6,92.89,557.34,315.69,241.65
ORD-104309,46065,East,Sarah Kim,Home,Vacuum,Online,6,205.93,1235.58,819.15,416.43
ORD-104412,46065,North,James Wilson,Electronics,Keyboard,Marketplace,3,60.07,180.21,102.14,78.07
ORD-104916,46065,West,Jordan Smith,Clothing,Hoodie,Online,6,57.01,342.06,172.29,169.77
ORD-104955,46065,South,Mike Davis,Electronics,Headphones,Online,3,88.97,266.91,170.44,96.47
ORD-104979,46065,South,Chris Brown,Electronics,Keyboard,Online,4,63.39,253.56,148.36,105.2
ORD-100330,46066,North,James Wilson,Home,Vacuum,Online,4,193.73,774.92,551.72,223.2
ORD-100399,46066,South,Chris Brown,Sports,Dumbbells,Marketplace,3,68.63,205.89,128,77.89
ORD-100441,46066,East,Sarah Kim,Clothing,Sneakers,Store,5,105.96,529.8,310.38,219.42
ORD-100779,46066,North,Nina Patel,Home,Air Fryer,Online,3,152.23,456.69,312.04,144.65
ORD-100821,46066,South,Chris Brown,Clothing,Sneakers,Store,6,100.49,602.94,352.59,250.35
ORD-100904,46066,West,Tom Nguyen,Electronics,Keyboard,Online,4,69.51,278.04,162.28,115.76
ORD-101050,46066,North,Emily Chen,Home,Blender,Store,3,80.99,242.97,160.33,82.64
ORD-101304,46066,West,Jordan Smith,Home,Blender,Marketplace,6,80.87,485.22,332.86,152.36
ORD-101374,46066,South,Chris Brown,Electronics,Monitor,Online,1,225.51,225.51,152.44,73.07
ORD-101389,46066,East,Sarah Kim,Sports,Yoga Mat,Store,1,43.91,43.91,21.05,22.86
ORD-101520,46066,South,Ana Lopez,Electronics,Keyboard,Marketplace,6,65.62,393.72,224.88,168.84
ORD-102025,46066,West,Tom Nguyen,Sports,Yoga Mat,Store,2,40.46,80.92,37.99,42.93
ORD-102171,46066,North,Emily Chen,Home,Vacuum,Store,2,199.56,399.12,285.04,114.08
ORD-102427,46066,East,Sarah Kim,Clothing,Jeans,Online,3,69.51,208.53,109.02,99.51
ORD-102444,46066,West,Tom Nguyen,Sports,Fitness Tracker,Store,1,150.46,150.46,95.36,55.1
ORD-102574,46066,North,Nina Patel,Electronics,Webcam,Store,1,119.21,119.21,70.95,48.26
ORD-102954,46066,West,Rachel Green,Electronics,Keyboard,Store,4,70.38,281.52,165.16,116.36
ORD-103276,46066,East,David Lee,Clothing,Sneakers,Store,3,100.14,300.42,184.23,116.19
ORD-103424,46066,South,Ana Lopez,Sports,Running Shoes,Store,4,124.6,498.4,295.63,202.77
ORD-103488,46066,South,Chris Brown,Home,Vacuum,Store,5,201.1,1005.5,694.4,311.1
ORD-103802,46066,South,Chris Brown,Home,Vacuum,Store,2,177.5,355,238.26,116.74
ORD-104190,46066,West,Rachel Green,Home,Air Fryer,Marketplace,6,144.33,865.98,565.3,300.68
ORD-104223,46066,North,Nina Patel,Sports,Yoga Mat,Store,3,43.62,130.86,62.4,68.46
ORD-104267,46066,North,James Wilson,Sports,Running Shoes,Online,5,113.83,569.15,345.9,223.25
ORD-104354,46066,South,Chris Brown,Electronics,Monitor,Store,5,243.37,1216.85,818.97,397.88
ORD-104545,46066,West,Tom Nguyen,Electronics,Headphones,Store,5,95.96,479.8,301.88,177.92
ORD-104593,46066,East,Marcus Reed,Sports,Dumbbells,Store,2,80.62,161.24,100.23,61.01
ORD-104630,46066,East,David Lee,Sports,Dumbbells,Store,5,73.64,368.2,223.17,145.03
ORD-100067,46067,North,Nina Patel,Clothing,Jeans,Store,5,76.17,380.85,192.47,188.38
ORD-100080,46067,East,Marcus Reed,Electronics,Headphones,Store,2,91.56,183.12,113.47,69.65
ORD-100123,46067,North,Emily Chen,Clothing,Jeans,Online,6,70.24,421.44,223.39,198.05
ORD-100239,46067,East,Marcus Reed,Electronics,Webcam,Online,6,112.62,675.72,413.86,261.86
ORD-100457,46067,South,Ana Lopez,Clothing,Hoodie,Store,3,55.13,165.39,80.41,84.98
ORD-100508,46067,West,Jordan Smith,Home,Coffee Maker,Store,3,115.02,345.06,226.12,118.94
ORD-100707,46067,West,Tom Nguyen,Home,Air Fryer,Store,5,158.49,792.45,537.55,254.9
ORD-100713,46067,North,Emily Chen,Clothing,Jeans,Marketplace,2,64.44,128.88,64.37,64.51
ORD-100824,46067,South,Chris Brown,Sports,Fitness Tracker,Online,3,136.04,408.12,271.87,136.25
ORD-100876,46067,East,Sarah Kim,Electronics,Webcam,Online,4,105.32,421.28,255.62,165.66
ORD-100954,46067,South,Mike Davis,Home,Air Fryer,Online,5,148.07,740.35,511.58,228.77
ORD-101561,46067,South,Ana Lopez,Clothing,Sneakers,Online,3,103.01,309.03,186.28,122.75
ORD-101788,46067,East,Marcus Reed,Electronics,Monitor,Store,2,250.47,500.94,357.6,143.34
ORD-101955,46067,East,David Lee,Electronics,Headphones,Online,1,94,94,57.47,36.53
ORD-102290,46067,West,Tom Nguyen,Sports,Dumbbells,Marketplace,5,76.89,384.45,234.46,149.99
ORD-102672,46067,North,Nina Patel,Home,Coffee Maker,Store,4,130.68,522.72,328.36,194.36
ORD-102705,46067,North,Nina Patel,Sports,Yoga Mat,Store,4,42.02,168.08,82.44,85.64
ORD-103109,46067,North,Nina Patel,Home,Air Fryer,Online,5,163.11,815.55,535.52,280.03
ORD-103202,46067,North,Nina Patel,Home,Coffee Maker,Store,3,127.4,382.2,251.77,130.43
ORD-103448,46067,West,Rachel Green,Electronics,Monitor,Online,6,266.34,1598.04,1111.98,486.06
ORD-103628,46067,South,Chris Brown,Clothing,Hoodie,Store,1,59.2,59.2,29.7,29.5
ORD-103773,46067,West,Jordan Smith,Home,Air Fryer,Store,4,155.65,622.6,410.84,211.76
ORD-103819,46067,North,James Wilson,Sports,Running Shoes,Online,2,130.02,260.04,150.68,109.36
ORD-104052,46067,South,Mike Davis,Sports,Fitness Tracker,Online,2,131.88,263.76,169.11,94.65
ORD-104123,46067,North,James Wilson,Home,Vacuum,Store,3,192.76,578.28,391.25,187.03
ORD-104184,46067,North,James Wilson,Clothing,Hoodie,Store,4,63.41,253.64,128.51,125.13
ORD-104318,46067,South,Ana Lopez,Sports,Yoga Mat,Store,6,41.83,250.98,121.64,129.34
ORD-104434,46067,West,Jordan Smith,Sports,Yoga Mat,Online,5,36.29,181.45,84.67,96.78
ORD-104514,46067,East,Sarah Kim,Sports,Dumbbells,Marketplace,2,76.17,152.34,95.33,57.01
ORD-104576,46067,East,Sarah Kim,Home,Air Fryer,Online,2,136.77,273.54,184.04,89.5
ORD-104629,46067,East,Marcus Reed,Sports,Fitness Tracker,Online,2,140.66,281.32,192.5,88.82
ORD-104697,46067,East,Marcus Reed,Electronics,Keyboard,Store,2,68.42,136.84,81.1,55.74
ORD-104841,46067,South,Ana Lopez,Clothing,Sneakers,Store,3,120.15,360.45,222.54,137.91
ORD-104896,46067,South,Chris Brown,Clothing,Hoodie,Marketplace,1,59.01,59.01,30.16,28.85
ORD-100045,46068,East,Sarah Kim,Home,Blender,Online,3,82.75,248.25,167.01,81.24
ORD-100246,46068,North,Nina Patel,Clothing,Sneakers,Store,4,99.54,398.16,233.55,164.61
ORD-100360,46068,East,Sarah Kim,Sports,Dumbbells,Online,1,75.73,75.73,45.14,30.59
ORD-100432,46068,North,Emily Chen,Electronics,Monitor,Store,3,248.71,746.13,525.25,220.88
ORD-100576,46068,South,Chris Brown,Clothing,Jeans,Marketplace,3,70.15,210.45,108.17,102.28
ORD-100762,46068,North,Nina Patel,Home,Air Fryer,Store,5,142.4,712,464.1,247.9
ORD-100848,46068,West,Rachel Green,Electronics,Webcam,Online,2,104.89,209.78,126.4,83.38
ORD-100947,46068,North,Emily Chen,Electronics,Headphones,Store,6,91.49,548.94,332.22,216.72
ORD-100962,46068,West,Rachel Green,Clothing,Jeans,Store,5,74.96,374.8,199.51,175.29
ORD-101000,46068,West,Tom Nguyen,Sports,Fitness Tracker,Online,5,150.19,750.95,505.22,245.73
ORD-101231,46068,South,Mike Davis,Clothing,Hoodie,Online,1,61.61,61.61,30.98,30.63
ORD-101616,46068,East,David Lee,Sports,Running Shoes,Online,1,122.59,122.59,72.83,49.76
ORD-101969,46068,West,Tom Nguyen,Electronics,Monitor,Online,4,274.29,1097.16,781.61,315.55
ORD-102196,46068,West,Jordan Smith,Clothing,Hoodie,Online,2,64.5,129,62.2,66.8
ORD-102556,46068,West,Tom Nguyen,Clothing,Jeans,Online,6,64.97,389.82,201.1,188.72
ORD-102629,46068,North,James Wilson,Sports,Running Shoes,Store,3,123.11,369.33,210.96,158.37
ORD-102763,46068,East,Marcus Reed,Sports,Fitness Tracker,Marketplace,6,146.71,880.26,588.01,292.25
ORD-103274,46068,East,David Lee,Sports,Dumbbells,Online,5,81.09,405.45,240.8,164.65
ORD-103278,46068,East,Sarah Kim,Electronics,Keyboard,Store,2,67.36,134.72,77.64,57.08
ORD-103595,46068,West,Rachel Green,Sports,Running Shoes,Marketplace,5,114.66,573.3,349.02,224.28
ORD-103719,46068,East,David Lee,Electronics,Monitor,Store,1,239.64,239.64,170.61,69.03
ORD-104030,46068,North,Emily Chen,Home,Vacuum,Marketplace,6,208.01,1248.06,881.75,366.31
ORD-104095,46068,West,Jordan Smith,Sports,Dumbbells,Store,5,70.1,350.5,217.7,132.8
ORD-104224,46068,West,Tom Nguyen,Electronics,Webcam,Marketplace,1,111.32,111.32,69.28,42.04
ORD-104279,46068,East,Marcus Reed,Electronics,Webcam,Store,6,100.4,602.4,347.76,254.64
ORD-104492,46068,South,Mike Davis,Sports,Fitness Tracker,Marketplace,4,128.84,515.36,332.72,182.64
ORD-104782,46068,West,Tom Nguyen,Sports,Dumbbells,Store,3,74.13,222.39,137,85.39
ORD-104902,46068,West,Rachel Green,Electronics,Keyboard,Online,4,65.75,263,148.84,114.16
ORD-100238,46069,East,Sarah Kim,Clothing,Sneakers,Online,5,119.18,595.9,367.58,228.32
ORD-100419,46069,South,Chris Brown,Home,Coffee Maker,Store,5,112.98,564.9,363.36,201.54
ORD-100431,46069,West,Rachel Green,Clothing,Sneakers,Online,5,114.6,573,356.13,216.87
ORD-100614,46069,East,Sarah Kim,Clothing,Jeans,Online,5,69.23,346.15,181.28,164.87
ORD-100673,46069,North,Emily Chen,Electronics,Keyboard,Online,3,63,189,112.19,76.81
ORD-101113,46069,West,Tom Nguyen,Clothing,Hoodie,Store,6,56.87,341.22,173.52,167.7
ORD-101740,46069,West,Tom Nguyen,Home,Coffee Maker,Marketplace,3,115.98,347.94,220.56,127.38
ORD-101744,46069,South,Chris Brown,Sports,Dumbbells,Store,4,73.67,294.68,177.27,117.41
ORD-101867,46069,West,Tom Nguyen,Home,Blender,Store,1,90.57,90.57,59.41,31.16
ORD-101938,46069,East,Marcus Reed,Electronics,Monitor,Online,5,258.42,1292.1,921.78,370.32
ORD-102459,46069,East,Marcus Reed,Sports,Fitness Tracker,Store,5,148.17,740.85,489.24,251.61
ORD-102467,46069,South,Mike Davis,Clothing,Hoodie,Online,4,57.39,229.56,117.34,112.22
ORD-102499,46069,East,David Lee,Clothing,Jeans,Store,5,73.15,365.75,194.43,171.32
ORD-102612,46069,East,Marcus Reed,Electronics,Webcam,Online,1,119.71,119.71,71.14,48.57
ORD-102620,46069,East,Marcus Reed,Home,Blender,Store,2,90.24,180.48,122.6,57.88
ORD-102753,46069,West,Rachel Green,Sports,Fitness Tracker,Store,3,126.81,380.43,241.99,138.44
ORD-102764,46069,North,James Wilson,Sports,Running Shoes,Online,4,132.12,528.48,300.68,227.8
ORD-103015,46069,South,Chris Brown,Electronics,Webcam,Online,3,102.74,308.22,188.11,120.11
ORD-103052,46069,East,Marcus Reed,Electronics,Headphones,Store,1,94.02,94.02,58.94,35.08
ORD-103247,46069,South,Mike Davis,Sports,Running Shoes,Online,4,135.9,543.6,314.16,229.44
ORD-103600,46069,West,Jordan Smith,Home,Air Fryer,Store,3,140.85,422.55,274.95,147.6
ORD-103959,46069,South,Chris Brown,Electronics,Headphones,Marketplace,5,87.53,437.65,278.92,158.73
ORD-103977,46069,South,Chris Brown,Home,Coffee Maker,Marketplace,1,124.61,124.61,78.82,45.79
ORD-104350,46069,West,Jordan Smith,Sports,Yoga Mat,Marketplace,2,38.96,77.92,37.76,40.16
ORD-104579,46069,East,Sarah Kim,Electronics,Webcam,Marketplace,3,102.86,308.58,185.72,122.86
ORD-104935,46069,East,David Lee,Electronics,Webcam,Marketplace,4,105.14,420.56,249.31,171.25
ORD-100016,46070,North,Nina Patel,Electronics,Headphones,Marketplace,1,89.2,89.2,53.99,35.21
ORD-100252,46070,West,Jordan Smith,Sports,Fitness Tracker,Online,2,131.93,263.86,168.44,95.42
ORD-100348,46070,West,Jordan Smith,Clothing,Hoodie,Online,4,62.37,249.48,129.3,120.18
ORD-100369,46070,West,Jordan Smith,Electronics,Headphones,Online,6,96.05,576.3,345.21,231.09
ORD-100905,46070,East,David Lee,Home,Blender,Store,6,84.48,506.88,351.47,155.41
ORD-100923,46070,South,Chris Brown,Home,Blender,Store,5,88.62,443.1,294.68,148.42
ORD-102095,46070,East,David Lee,Clothing,Sneakers,Store,3,110.27,330.81,190.79,140.02
ORD-102173,46070,South,Mike Davis,Clothing,Sneakers,Online,6,115.5,693,424.18,268.82
ORD-102525,46070,South,Ana Lopez,Clothing,Sneakers,Online,3,104.85,314.55,191.9,122.65
ORD-102713,46070,North,Nina Patel,Electronics,Webcam,Store,3,101.98,305.94,184.24,121.7
ORD-102934,46070,North,Emily Chen,Home,Air Fryer,Online,3,150.21,450.63,301.06,149.57
ORD-103009,46070,North,Nina Patel,Clothing,Jacket,Marketplace,1,94.04,94.04,51.69,42.35
ORD-103100,46070,North,Nina Patel,Clothing,Jacket,Online,2,96.64,193.28,105.64,87.64
ORD-103188,46070,South,Ana Lopez,Sports,Dumbbells,Store,4,74.45,297.8,177.71,120.09
ORD-103361,46070,South,Ana Lopez,Electronics,Headphones,Marketplace,4,89,356,227.33,128.67
ORD-103372,46070,West,Tom Nguyen,Home,Blender,Store,6,86.04,516.24,345.2,171.04
ORD-103401,46070,East,Marcus Reed,Clothing,Hoodie,Online,4,58.02,232.08,118.82,113.26
ORD-103655,46070,West,Jordan Smith,Clothing,Jacket,Store,1,87.76,87.76,48.46,39.3
ORD-103697,46070,West,Rachel Green,Home,Coffee Maker,Marketplace,2,110.45,220.9,142.64,78.26
ORD-104084,46070,East,David Lee,Home,Coffee Maker,Store,5,125.57,627.85,393.46,234.39
ORD-104111,46070,West,Tom Nguyen,Sports,Fitness Tracker,Store,4,133.57,534.28,351.49,182.79
ORD-104215,46070,South,Mike Davis,Clothing,Jacket,Store,4,93.78,375.12,200.91,174.21
ORD-104387,46070,North,Emily Chen,Electronics,Headphones,Online,6,94.09,564.54,361.8,202.74
ORD-104513,46070,East,Sarah Kim,Sports,Fitness Tracker,Online,2,134.24,268.48,181.97,86.51
ORD-104918,46070,South,Ana Lopez,Electronics,Webcam,Store,3,104.29,312.87,189.75,123.12
ORD-100091,46071,West,Jordan Smith,Electronics,Headphones,Online,3,82.97,248.91,156.49,92.42
ORD-100103,46071,East,Marcus Reed,Clothing,Sneakers,Store,1,120.02,120.02,72.09,47.93
ORD-100289,46071,East,Sarah Kim,Clothing,Sneakers,Store,3,101.39,304.17,175.4,128.77
ORD-100300,46071,West,Rachel Green,Home,Air Fryer,Store,1,138.72,138.72,91,47.72
ORD-100323,46071,South,Chris Brown,Sports,Fitness Tracker,Online,5,138.01,690.05,462.66,227.39
ORD-100342,46071,South,Mike Davis,Electronics,Webcam,Store,4,106.9,427.6,246.52,181.08
ORD-100940,46071,North,James Wilson,Clothing,Jacket,Store,3,103.91,311.73,177.76,133.97
ORD-100968,46071,North,James Wilson,Clothing,Hoodie,Marketplace,3,60.2,180.6,89.47,91.13
ORD-101052,46071,North,Emily Chen,Clothing,Jeans,Store,3,75.56,226.68,120.92,105.76
ORD-101254,46071,South,Chris Brown,Clothing,Jacket,Online,5,94.02,470.1,264.72,205.38
ORD-101274,46071,South,Ana Lopez,Home,Vacuum,Online,3,191.34,574.02,387.18,186.84
ORD-101315,46071,South,Mike Davis,Electronics,Keyboard,Online,6,63.08,378.48,211.25,167.23
ORD-101384,46071,West,Rachel Green,Electronics,Keyboard,Online,1,69.64,69.64,41.56,28.08
ORD-101478,46071,West,Jordan Smith,Sports,Fitness Tracker,Marketplace,1,136.96,136.96,92.84,44.12
ORD-101564,46071,North,Nina Patel,Home,Coffee Maker,Marketplace,6,131.06,786.36,516.11,270.25
ORD-101689,46071,East,David Lee,Electronics,Webcam,Store,3,106.15,318.45,195.42,123.03
ORD-101782,46071,East,Sarah Kim,Electronics,Headphones,Online,5,84.89,424.45,253.31,171.14
ORD-101845,46071,East,Sarah Kim,Home,Blender,Online,2,92.26,184.52,121.99,62.53
ORD-101900,46071,East,Sarah Kim,Electronics,Webcam,Online,3,110.31,330.93,201.07,129.86
ORD-102001,46071,South,Ana Lopez,Clothing,Hoodie,Online,2,63.99,127.98,65.9,62.08
ORD-102051,46071,West,Rachel Green,Clothing,Hoodie,Marketplace,1,63.31,63.31,30.76,32.55
ORD-102106,46071,South,Mike Davis,Home,Vacuum,Store,3,194.44,583.32,402.72,180.6
ORD-102159,46071,East,David Lee,Home,Vacuum,Online,6,184.95,1109.7,795.73,313.97
ORD-102233,46071,South,Mike Davis,Home,Vacuum,Store,4,183.35,733.4,511.57,221.83
ORD-102449,46071,East,David Lee,Clothing,Hoodie,Marketplace,2,54.6,109.2,54.73,54.47
ORD-102505,46071,North,James Wilson,Clothing,Jacket,Online,5,90.08,450.4,240.71,209.69
ORD-102640,46071,South,Ana Lopez,Electronics,Keyboard,Store,6,67.85,407.1,228.83,178.27
ORD-102834,46071,South,Chris Brown,Electronics,Monitor,Store,5,271.68,1358.4,949.07,409.33
ORD-102994,46071,West,Jordan Smith,Electronics,Webcam,Marketplace,2,100.97,201.94,120.69,81.25
ORD-103044,46071,South,Ana Lopez,Sports,Running Shoes,Online,4,133.3,533.2,309.34,223.86
ORD-103162,46071,South,Mike Davis,Sports,Dumbbells,Online,6,73.83,442.98,262.72,180.26
ORD-103237,46071,South,Chris Brown,Sports,Fitness Tracker,Online,5,135.48,677.4,447.8,229.6
ORD-103379,46071,West,Rachel Green,Electronics,Headphones,Online,2,91.44,182.88,116.66,66.22
ORD-103398,46071,South,Ana Lopez,Electronics,Monitor,Marketplace,2,254.85,509.7,361.36,148.34
ORD-103777,46071,West,Tom Nguyen,Sports,Dumbbells,Online,3,76.57,229.71,144.65,85.06
ORD-104439,46071,West,Jordan Smith,Electronics,Headphones,Marketplace,3,92.99,278.97,167.01,111.96
ORD-104561,46071,East,David Lee,Sports,Fitness Tracker,Store,2,133.13,266.26,176.8,89.46
ORD-104622,46071,West,Tom Nguyen,Home,Vacuum,Online,6,205.54,1233.24,874.55,358.69
ORD-104952,46071,East,Marcus Reed,Clothing,Jacket,Store,3,94.8,284.4,161.13,123.27
ORD-100021,46072,South,Ana Lopez,Sports,Yoga Mat,Store,4,38.14,152.56,72.24,80.32
ORD-100037,46072,East,David Lee,Electronics,Webcam,Store,5,101.32,506.6,293.42,213.18
ORD-100185,46072,South,Ana Lopez,Home,Coffee Maker,Store,4,115.7,462.8,292.54,170.26
ORD-100328,46072,West,Rachel Green,Clothing,Jeans,Online,4,67.19,268.76,134.61,134.15
ORD-100466,46072,East,Marcus Reed,Electronics,Monitor,Online,4,228.97,915.88,651.17,264.71
ORD-100544,46072,North,Emily Chen,Electronics,Monitor,Online,1,258.3,258.3,182.68,75.62
ORD-100693,46072,North,James Wilson,Electronics,Headphones,Online,4,94.96,379.84,229.88,149.96
ORD-100928,46072,East,Marcus Reed,Clothing,Sneakers,Online,6,117.65,705.9,407.01,298.89
ORD-101068,46072,East,David Lee,Sports,Dumbbells,Store,3,73.31,219.93,134.39,85.54
ORD-101197,46072,North,Emily Chen,Clothing,Jeans,Store,4,74.71,298.84,154.27,144.57
ORD-101918,46072,North,James Wilson,Sports,Yoga Mat,Store,6,39.61,237.66,112.64,125.02
ORD-102022,46072,South,Chris Brown,Sports,Running Shoes,Online,2,135.24,270.48,153.85,116.63
ORD-102278,46072,North,Emily Chen,Clothing,Jacket,Store,2,89.94,179.88,96.63,83.25
ORD-102648,46072,West,Rachel Green,Sports,Yoga Mat,Marketplace,1,38.63,38.63,17.9,20.73
ORD-103104,46072,North,James Wilson,Sports,Dumbbells,Online,2,80.25,160.5,101.46,59.04
ORD-103283,46072,South,Chris Brown,Electronics,Webcam,Online,3,99.49,298.47,185.04,113.43
ORD-103329,46072,East,David Lee,Home,Coffee Maker,Online,6,131.03,786.18,493.22,292.96
ORD-103421,46072,West,Tom Nguyen,Electronics,Webcam,Store,2,101.33,202.66,118.73,83.93
ORD-103438,46072,East,Marcus Reed,Clothing,Jeans,Online,2,72.85,145.7,77.27,68.43
ORD-103501,46072,South,Chris Brown,Sports,Yoga Mat,Online,6,43.3,259.8,127.47,132.33
ORD-103596,46072,West,Tom Nguyen,Clothing,Hoodie,Online,3,55.42,166.26,82.55,83.71
ORD-103740,46072,South,Chris Brown,Electronics,Headphones,Online,5,92.23,461.15,289.98,171.17
ORD-103750,46072,North,Nina Patel,Electronics,Keyboard,Store,2,60.99,121.98,68.67,53.31
ORD-103852,46072,West,Tom Nguyen,Sports,Dumbbells,Online,4,72.96,291.84,179.66,112.18
ORD-104002,46072,South,Ana Lopez,Home,Vacuum,Store,1,197.53,197.53,134.65,62.88
ORD-104023,46072,West,Tom Nguyen,Electronics,Monitor,Online,6,232.83,1396.98,946.05,450.93
ORD-104155,46072,West,Rachel Green,Clothing,Hoodie,Online,3,64.68,194.04,94.28,99.76
ORD-104316,46072,South,Chris Brown,Home,Air Fryer,Store,5,152.32,761.6,502.89,258.71
ORD-104424,46072,South,Mike Davis,Clothing,Jeans,Store,5,65.91,329.55,165.47,164.08
ORD-104487,46072,East,David Lee,Sports,Yoga Mat,Store,1,36.84,36.84,18.1,18.74
ORD-104536,46072,North,Nina Patel,Clothing,Jeans,Online,4,75.82,303.28,154.58,148.7
ORD-104562,46072,East,David Lee,Sports,Running Shoes,Online,1,113.28,113.28,67.81,45.47
ORD-104954,46072,North,Nina Patel,Clothing,Jacket,Store,1,103.69,103.69,56.79,46.9
ORD-100147,46073,South,Chris Brown,Clothing,Jacket,Marketplace,2,92.46,184.92,103.65,81.27
ORD-100166,46073,East,Sarah Kim,Electronics,Headphones,Store,3,81.63,244.89,153.68,91.21
ORD-100212,46073,North,Nina Patel,Home,Vacuum,Online,3,193.53,580.59,391.89,188.7
ORD-100418,46073,West,Jordan Smith,Electronics,Webcam,Store,1,100.32,100.32,60.62,39.7
ORD-100430,46073,East,Marcus Reed,Clothing,Jeans,Online,4,64.11,256.44,136.02,120.42
ORD-100804,46073,South,Mike Davis,Clothing,Hoodie,Store,1,62.82,62.82,32.09,30.73
ORD-100808,46073,West,Rachel Green,Home,Air Fryer,Online,4,143.66,574.64,375.86,198.78
ORD-100867,46073,North,Emily Chen,Home,Vacuum,Store,6,179.6,1077.6,730.98,346.62
ORD-101147,46073,North,Nina Patel,Electronics,Webcam,Online,3,115.05,345.15,214.75,130.4
ORD-101311,46073,South,Mike Davis,Electronics,Monitor,Marketplace,1,274.88,274.88,192.22,82.66
ORD-101614,46073,East,David Lee,Home,Vacuum,Marketplace,3,198.71,596.13,423.71,172.42
ORD-102181,46073,West,Rachel Green,Home,Air Fryer,Online,2,135.57,271.14,179.7,91.44
ORD-102239,46073,West,Jordan Smith,Electronics,Webcam,Store,2,100.38,200.76,121.74,79.02
ORD-102240,46073,East,David Lee,Electronics,Keyboard,Online,5,68.21,341.05,201.49,139.56
ORD-102266,46073,West,Jordan Smith,Electronics,Headphones,Marketplace,5,87.72,438.6,280.23,158.37
ORD-102390,46073,West,Rachel Green,Home,Air Fryer,Online,6,161.29,967.74,664.77,302.97
ORD-103051,46073,South,Mike Davis,Clothing,Jacket,Online,4,86.02,344.08,195.23,148.85
ORD-103207,46073,West,Tom Nguyen,Home,Vacuum,Online,2,203.48,406.96,272.31,134.65
ORD-103711,46073,East,Sarah Kim,Electronics,Monitor,Online,4,253.53,1014.12,735.08,279.04
ORD-103812,46073,East,Marcus Reed,Sports,Yoga Mat,Online,6,42.09,252.54,120.61,131.93
ORD-103889,46073,South,Chris Brown,Clothing,Jacket,Online,4,97.96,391.84,217.45,174.39
ORD-104124,46073,North,James Wilson,Sports,Running Shoes,Store,6,136.63,819.78,478.84,340.94
ORD-104219,46073,North,Nina Patel,Sports,Running Shoes,Marketplace,4,114.58,458.32,269.62,188.7
ORD-104319,46073,South,Ana Lopez,Home,Vacuum,Marketplace,3,192.43,577.29,385.6,191.69
ORD-104456,46073,East,Marcus Reed,Home,Vacuum,Store,4,193.17,772.68,529.29,243.39
ORD-104478,46073,South,Chris Brown,Clothing,Hoodie,Online,3,54.79,164.37,79.87,84.5
ORD-104676,46073,East,David Lee,Electronics,Keyboard,Marketplace,3,69.35,208.05,120.79,87.26
ORD-104714,46073,West,Rachel Green,Sports,Yoga Mat,Store,3,39.6,118.8,54.83,63.97
ORD-104811,46073,West,Tom Nguyen,Electronics,Headphones,Online,6,89.92,539.52,345.83,193.69
ORD-104881,46073,West,Tom Nguyen,Home,Vacuum,Marketplace,3,184.46,553.38,391.69,161.69
ORD-100200,46074,West,Rachel Green,Electronics,Keyboard,Marketplace,4,65.88,263.52,151.59,111.93
ORD-100206,46074,East,Marcus Reed,Home,Air Fryer,Marketplace,6,142.09,852.54,550.6,301.94
ORD-100218,46074,North,Emily Chen,Home,Blender,Store,6,88.54,531.24,351.86,179.38
ORD-100258,46074,South,Ana Lopez,Clothing,Hoodie,Store,1,62.1,62.1,31.5,30.6
ORD-100518,46074,South,Chris Brown,Electronics,Keyboard,Marketplace,3,67.19,201.57,117.48,84.09
ORD-100529,46074,East,Sarah Kim,Electronics,Headphones,Marketplace,3,85.39,256.17,159.77,96.4
ORD-100560,46074,North,James Wilson,Electronics,Monitor,Store,4,258.02,1032.08,718.44,313.64
ORD-100661,46074,West,Rachel Green,Clothing,Hoodie,Online,6,61.47,368.82,189.57,179.25
ORD-100760,46074,North,James Wilson,Home,Air Fryer,Marketplace,1,147.21,147.21,97.27,49.94
ORD-100919,46074,North,Emily Chen,Home,Vacuum,Online,1,187.78,187.78,125.52,62.26
ORD-101066,46074,South,Ana Lopez,Sports,Fitness Tracker,Store,1,139.5,139.5,92.6,46.9
ORD-101137,46074,East,Marcus Reed,Sports,Fitness Tracker,Online,5,133.18,665.9,425.6,240.3
ORD-101448,46074,West,Tom Nguyen,Electronics,Monitor,Marketplace,3,252.85,758.55,518.68,239.87
ORD-101677,46074,East,Marcus Reed,Sports,Fitness Tracker,Store,6,148.65,891.9,582.12,309.78
ORD-102667,46074,South,Ana Lopez,Home,Blender,Online,4,91.3,365.2,250.31,114.89
ORD-102873,46074,South,Chris Brown,Home,Air Fryer,Store,5,135.32,676.6,468.11,208.49
ORD-103123,46074,West,Rachel Green,Sports,Running Shoes,Online,1,136.32,136.32,81.44,54.88
ORD-103266,46074,East,David Lee,Sports,Yoga Mat,Online,5,43.56,217.8,108.3,109.5
ORD-103287,46074,East,Sarah Kim,Electronics,Headphones,Store,6,87.57,525.42,330.64,194.78
ORD-103574,46074,West,Rachel Green,Electronics,Keyboard,Store,1,67.66,67.66,38.05,29.61
ORD-103869,46074,South,Chris Brown,Clothing,Hoodie,Online,2,58.32,116.64,57.61,59.03
ORD-104108,46074,North,Emily Chen,Clothing,Sneakers,Store,3,116.8,350.4,212.78,137.62
ORD-104375,46074,East,Marcus Reed,Electronics,Webcam,Store,2,106.67,213.34,132.18,81.16
ORD-104405,46074,West,Rachel Green,Home,Air Fryer,Store,1,155.76,155.76,106.7,49.06
ORD-104438,46074,South,Chris Brown,Electronics,Monitor,Online,5,236.81,1184.05,814.61,369.44
ORD-100061,46075,East,David Lee,Electronics,Headphones,Store,1,95.43,95.43,57.93,37.5
ORD-100062,46075,East,Marcus Reed,Sports,Fitness Tracker,Store,6,145.55,873.3,591.96,281.34
ORD-100243,46075,South,Chris Brown,Electronics,Monitor,Marketplace,5,261.09,1305.45,944.36,361.09
ORD-100678,46075,East,David Lee,Electronics,Monitor,Online,5,228.58,1142.9,770.36,372.54
ORD-101037,46075,South,Chris Brown,Home,Air Fryer,Online,1,162.24,162.24,110.54,51.7
ORD-101825,46075,East,David Lee,Home,Blender,Store,2,76.98,153.96,104.43,49.53
ORD-101926,46075,North,James Wilson,Clothing,Jeans,Marketplace,5,67.9,339.5,171.78,167.72
ORD-101986,46075,North,Nina Patel,Home,Vacuum,Store,3,183.67,551.01,385.97,165.04
ORD-102141,46075,South,Mike Davis,Sports,Fitness Tracker,Marketplace,4,149.11,596.44,405.03,191.41
ORD-102805,46075,West,Rachel Green,Clothing,Jeans,Store,6,65.33,391.98,208.15,183.83
ORD-103470,46075,East,Sarah Kim,Home,Coffee Maker,Store,2,129.36,258.72,160.79,97.93
ORD-103769,46075,South,Ana Lopez,Clothing,Jeans,Store,6,66.49,398.94,205.16,193.78
ORD-103952,46075,West,Rachel Green,Clothing,Hoodie,Online,5,65.95,329.75,162.99,166.76
ORD-104222,46075,East,David Lee,Home,Blender,Online,6,78.65,471.9,323.47,148.43
ORD-104263,46075,North,Nina Patel,Clothing,Jacket,Marketplace,4,88.47,353.88,188.37,165.51
ORD-104615,46075,East,David Lee,Electronics,Headphones,Online,1,95.33,95.33,58.86,36.47
ORD-104701,46075,South,Mike Davis,Clothing,Sneakers,Online,3,111.29,333.87,195.98,137.89
ORD-104716,46075,West,Rachel Green,Electronics,Keyboard,Store,2,69.83,139.66,80.45,59.21
ORD-104748,46075,East,Sarah Kim,Sports,Yoga Mat,Online,6,38.22,229.32,111.04,118.28
ORD-104895,46075,South,Chris Brown,Sports,Yoga Mat,Store,6,42.37,254.22,118.7,135.52
ORD-104984,46075,South,Chris Brown,Electronics,Headphones,Store,5,82.7,413.5,264.49,149.01
ORD-100162,46076,South,Chris Brown,Sports,Yoga Mat,Store,6,36.76,220.56,107.8,112.76
ORD-100315,46076,South,Mike Davis,Electronics,Monitor,Marketplace,6,234.3,1405.8,970.15,435.65
ORD-100333,46076,West,Rachel Green,Electronics,Headphones,Store,2,89.96,179.92,112.27,67.65
ORD-100467,46076,North,Emily Chen,Home,Blender,Online,2,89.48,178.96,126.09,52.87
ORD-100498,46076,North,James Wilson,Clothing,Jacket,Store,6,98.8,592.8,332.55,260.25
ORD-100506,46076,East,Marcus Reed,Clothing,Hoodie,Online,1,64.67,64.67,32.45,32.22
ORD-100766,46076,South,Chris Brown,Home,Air Fryer,Store,3,154.34,463.02,299.73,163.29
ORD-100769,46076,South,Mike Davis,Electronics,Keyboard,Online,5,67.56,337.8,200.37,137.43
ORD-100970,46076,South,Mike Davis,Home,Blender,Store,3,89.39,268.17,187.41,80.76
ORD-101018,46076,North,James Wilson,Electronics,Monitor,Marketplace,6,239.54,1437.24,1046.13,391.11
ORD-101271,46076,South,Chris Brown,Clothing,Jacket,Online,2,87.78,175.56,94.54,81.02
ORD-101483,46076,West,Jordan Smith,Clothing,Sneakers,Store,2,99.33,198.66,120.93,77.73
ORD-101491,46076,South,Mike Davis,Electronics,Headphones,Online,3,98.93,296.79,180.05,116.74
ORD-101528,46076,West,Jordan Smith,Home,Blender,Online,1,89.7,89.7,59.1,30.6
ORD-101635,46076,West,Jordan Smith,Home,Blender,Online,2,77.36,154.72,103.37,51.35
ORD-102014,46076,West,Tom Nguyen,Clothing,Jeans,Online,1,74.11,74.11,37.8,36.31
ORD-102292,46076,South,Mike Davis,Electronics,Headphones,Store,6,84.43,506.58,308.32,198.26
ORD-102369,46076,East,Sarah Kim,Home,Coffee Maker,Store,1,128.78,128.78,79.21,49.57
ORD-102654,46076,North,James Wilson,Clothing,Jacket,Store,4,97.82,391.28,208.08,183.2
ORD-102706,46076,East,Marcus Reed,Sports,Yoga Mat,Marketplace,2,39.08,78.16,36.38,41.78
ORD-102758,46076,South,Chris Brown,Sports,Dumbbells,Marketplace,6,82.2,493.2,296.32,196.88
ORD-102771,46076,East,Sarah Kim,Home,Blender,Online,3,88.45,265.35,179.28,86.07
ORD-102996,46076,South,Ana Lopez,Home,Air Fryer,Online,2,163.41,326.82,217.51,109.31
ORD-103047,46076,East,David Lee,Home,Vacuum,Store,5,200.76,1003.8,693.17,310.63
ORD-103061,46076,South,Chris Brown,Electronics,Headphones,Online,5,91.39,456.95,273.94,183.01
ORD-103108,46076,West,Tom Nguyen,Home,Vacuum,Online,6,195.98,1175.88,838.08,337.8
ORD-103120,46076,North,Emily Chen,Home,Air Fryer,Marketplace,4,152.7,610.8,424.91,185.89
ORD-103124,46076,North,Nina Patel,Electronics,Keyboard,Online,5,69.42,347.1,205.42,141.68
ORD-103151,46076,North,Nina Patel,Home,Blender,Marketplace,2,78.52,157.04,110.65,46.39
ORD-103365,46076,North,James Wilson,Electronics,Keyboard,Online,6,63.99,383.94,224.87,159.07
ORD-103630,46076,South,Chris Brown,Home,Blender,Marketplace,5,89.43,447.15,314.97,132.18
ORD-103726,46076,North,James Wilson,Home,Air Fryer,Online,3,142.13,426.39,289.04,137.35
ORD-104073,46076,South,Mike Davis,Electronics,Webcam,Marketplace,3,100.99,302.97,183.15,119.82
ORD-104210,46076,South,Mike Davis,Home,Air Fryer,Store,4,159.21,636.84,417.81,219.03
ORD-104247,46076,North,Emily Chen,Home,Air Fryer,Online,4,149.74,598.96,406.34,192.62
ORD-104446,46076,South,Ana Lopez,Electronics,Keyboard,Store,3,59.81,179.43,108.08,71.35
ORD-104596,46076,North,James Wilson,Home,Coffee Maker,Online,5,121.09,605.45,383.74,221.71
ORD-104671,46076,West,Rachel Green,Electronics,Monitor,Store,4,256.58,1026.32,736.76,289.56
ORD-104729,46076,South,Ana Lopez,Clothing,Jacket,Online,1,101.18,101.18,54.28,46.9
ORD-100215,46077,South,Ana Lopez,Clothing,Hoodie,Online,6,59.1,354.6,181.73,172.87
ORD-100435,46077,South,Mike Davis,Home,Blender,Store,6,84.11,504.66,350.02,154.64
ORD-100573,46077,East,David Lee,Home,Vacuum,Online,1,194.26,194.26,131.51,62.75
ORD-100597,46077,North,Nina Patel,Clothing,Jacket,Store,4,104.23,416.92,232.13,184.79
ORD-100627,46077,North,Emily Chen,Sports,Running Shoes,Online,6,116.36,698.16,419.17,278.99
ORD-100772,46077,South,Mike Davis,Electronics,Keyboard,Online,5,63.49,317.45,178.91,138.54
ORD-101164,46077,North,Emily Chen,Home,Vacuum,Store,4,180.72,722.88,487.07,235.81
ORD-101191,46077,South,Mike Davis,Electronics,Keyboard,Online,4,67.4,269.6,160.47,109.13
ORD-101202,46077,West,Jordan Smith,Clothing,Hoodie,Store,5,61.64,308.2,151.57,156.63
ORD-101203,46077,West,Rachel Green,Sports,Fitness Tracker,Online,6,128.62,771.72,500.38,271.34
ORD-101255,46077,East,Marcus Reed,Clothing,Sneakers,Marketplace,1,104.55,104.55,63.87,40.68
ORD-101258,46077,East,David Lee,Electronics,Keyboard,Online,1,68.67,68.67,39.99,28.68
ORD-101278,46077,East,Marcus Reed,Electronics,Monitor,Store,1,264.3,264.3,187.9,76.4
ORD-101630,46077,South,Mike Davis,Home,Coffee Maker,Online,5,120.31,601.55,375.38,226.17
ORD-101652,46077,South,Chris Brown,Clothing,Sneakers,Store,6,108.71,652.26,381.63,270.63
ORD-101929,46077,North,Emily Chen,Electronics,Webcam,Store,5,105.76,528.8,318.97,209.83
ORD-102018,46077,North,Emily Chen,Electronics,Monitor,Store,3,257.04,771.12,558.8,212.32
ORD-102026,46077,South,Ana Lopez,Sports,Fitness Tracker,Online,3,139.64,418.92,283.96,134.96
ORD-102100,46077,West,Rachel Green,Clothing,Jacket,Marketplace,2,94.27,188.54,104.06,84.48
ORD-102316,46077,West,Tom Nguyen,Home,Air Fryer,Online,4,157.11,628.44,421.14,207.3
ORD-102341,46077,North,Nina Patel,Sports,Yoga Mat,Store,1,38.81,38.81,18.18,20.63
ORD-102351,46077,South,Chris Brown,Electronics,Webcam,Online,3,114.75,344.25,211.4,132.85
ORD-102726,46077,North,Emily Chen,Clothing,Hoodie,Online,1,60.98,60.98,29.79,31.19
ORD-102869,46077,South,Mike Davis,Electronics,Keyboard,Store,1,66.76,66.76,39.28,27.48
ORD-103080,46077,East,Sarah Kim,Clothing,Sneakers,Online,1,113.75,113.75,68.9,44.85
ORD-103098,46077,North,James Wilson,Sports,Yoga Mat,Marketplace,3,36.87,110.61,55.09,55.52
ORD-103282,46077,East,David Lee,Home,Coffee Maker,Online,1,123.53,123.53,76.69,46.84
ORD-103366,46077,South,Chris Brown,Electronics,Headphones,Online,1,86.27,86.27,54.85,31.42
ORD-103486,46077,East,David Lee,Electronics,Keyboard,Store,5,71.14,355.7,198.4,157.3
ORD-103844,46077,East,David Lee,Electronics,Headphones,Store,1,95.4,95.4,57.3,38.1
ORD-103848,46077,North,Nina Patel,Clothing,Jacket,Online,6,87.11,522.66,291.82,230.84
ORD-104122,46077,West,Jordan Smith,Home,Air Fryer,Marketplace,1,135.3,135.3,93.23,42.07
ORD-104183,46077,North,Emily Chen,Home,Blender,Online,2,85.09,170.18,112.47,57.71
ORD-104229,46077,West,Jordan Smith,Electronics,Headphones,Online,5,86.14,430.7,259.72,170.98
ORD-104241,46077,East,Sarah Kim,Home,Air Fryer,Online,2,139.41,278.82,181.52,97.3
ORD-104848,46077,West,Rachel Green,Home,Vacuum,Online,5,190.17,950.85,633.72,317.13
ORD-104925,46077,South,Chris Brown,Home,Vacuum,Online,1,191.75,191.75,128.94,62.81
ORD-100018,46078,South,Ana Lopez,Clothing,Jeans,Online,1,63.58,63.58,33.05,30.53
ORD-100128,46078,North,Nina Patel,Sports,Running Shoes,Online,2,131.34,262.68,159.71,102.97
ORD-100265,46078,West,Tom Nguyen,Electronics,Headphones,Store,6,94.61,567.66,361.8,205.86
ORD-100322,46078,North,James Wilson,Home,Air Fryer,Store,4,146.37,585.48,395.02,190.46
ORD-100343,46078,West,Tom Nguyen,Electronics,Monitor,Online,2,252.76,505.52,356.59,148.93
ORD-100383,46078,South,Ana Lopez,Home,Vacuum,Store,5,183.97,919.85,649.96,269.89
ORD-100604,46078,North,Emily Chen,Electronics,Webcam,Marketplace,2,112.27,224.54,131.24,93.3
ORD-101211,46078,West,Tom Nguyen,Home,Vacuum,Online,1,179.81,179.81,126.98,52.83
ORD-101227,46078,East,David Lee,Sports,Running Shoes,Online,3,123.45,370.35,218.26,152.09
ORD-101423,46078,North,Nina Patel,Clothing,Jacket,Online,1,91.88,91.88,50.37,41.51
ORD-102625,46078,North,Emily Chen,Clothing,Sneakers,Marketplace,2,108.36,216.72,125.05,91.67
ORD-102676,46078,South,Chris Brown,Electronics,Monitor,Store,3,269.87,809.61,549.06,260.55
ORD-102796,46078,West,Tom Nguyen,Electronics,Headphones,Marketplace,6,98.75,592.5,375.17,217.33
ORD-103013,46078,North,James Wilson,Home,Vacuum,Marketplace,2,187.55,375.1,267.03,108.07
ORD-103206,46078,North,Emily Chen,Electronics,Headphones,Online,1,81.77,81.77,52.24,29.53
ORD-103250,46078,West,Jordan Smith,Home,Coffee Maker,Store,3,116.93,350.79,219.31,131.48
ORD-103320,46078,West,Tom Nguyen,Electronics,Headphones,Store,5,97.14,485.7,304.45,181.25
ORD-103362,46078,South,Ana Lopez,Home,Coffee Maker,Marketplace,5,118.58,592.9,387.27,205.63
ORD-103720,46078,North,James Wilson,Electronics,Webcam,Online,2,106.32,212.64,132.21,80.43
ORD-103774,46078,West,Rachel Green,Sports,Fitness Tracker,Marketplace,3,139.18,417.54,268.24,149.3
ORD-103962,46078,West,Tom Nguyen,Electronics,Webcam,Marketplace,6,106.97,641.82,379.22,262.6
ORD-103967,46078,West,Jordan Smith,Clothing,Hoodie,Online,4,61.03,244.12,117.67,126.45
ORD-104059,46078,West,Jordan Smith,Sports,Dumbbells,Store,5,75.3,376.5,222.42,154.08
ORD-104351,46078,East,Sarah Kim,Clothing,Jacket,Marketplace,3,90.52,271.56,153.88,117.68
ORD-104555,46078,South,Chris Brown,Clothing,Hoodie,Store,4,56.63,226.52,117.58,108.94
ORD-104829,46078,West,Tom Nguyen,Electronics,Monitor,Store,6,236.34,1418.04,992.9,425.14
ORD-104854,46078,East,David Lee,Clothing,Jacket,Store,6,98.82,592.92,329.61,263.31
ORD-100131,46079,West,Jordan Smith,Sports,Yoga Mat,Marketplace,6,43.62,261.72,121.32,140.4
ORD-100317,46079,North,Nina Patel,Sports,Fitness Tracker,Online,1,152.03,152.03,103.93,48.1
ORD-100515,46079,North,Nina Patel,Electronics,Monitor,Store,1,236,236,170.96,65.04
ORD-100546,46079,North,James Wilson,Electronics,Headphones,Marketplace,5,94.83,474.15,296.98,177.17
ORD-100635,46079,North,Emily Chen,Electronics,Monitor,Marketplace,2,270.6,541.2,367.01,174.19
ORD-100877,46079,East,Marcus Reed,Home,Vacuum,Marketplace,2,178.24,356.48,239.74,116.74
ORD-100887,46079,East,David Lee,Electronics,Webcam,Online,5,105.38,526.9,304.29,222.61
ORD-101434,46079,South,Chris Brown,Electronics,Keyboard,Marketplace,6,70.16,420.96,246.55,174.41
ORD-101449,46079,South,Chris Brown,Home,Vacuum,Online,1,202.36,202.36,137.64,64.72
ORD-101600,46079,South,Ana Lopez,Clothing,Jacket,Online,1,88.65,88.65,47.19,41.46
ORD-101603,46079,East,Sarah Kim,Sports,Fitness Tracker,Store,3,147.52,442.56,289.09,153.47
ORD-101801,46079,West,Jordan Smith,Sports,Fitness Tracker,Online,1,147.14,147.14,98.13,49.01
ORD-101997,46079,North,Emily Chen,Electronics,Webcam,Online,5,119.76,598.8,372.84,225.96
ORD-101998,46079,South,Chris Brown,Electronics,Headphones,Store,5,98.59,492.95,302.63,190.32
ORD-102085,46079,North,James Wilson,Sports,Dumbbells,Store,6,81.23,487.38,288.66,198.72
ORD-102124,46079,North,Nina Patel,Electronics,Keyboard,Online,1,64.22,64.22,35.77,28.45
ORD-102190,46079,West,Rachel Green,Home,Vacuum,Online,2,192.94,385.88,261.27,124.61
ORD-102219,46079,West,Tom Nguyen,Home,Coffee Maker,Marketplace,2,130.66,261.32,161.83,99.49
ORD-102303,46079,North,Emily Chen,Electronics,Headphones,Marketplace,6,95.44,572.64,349.24,223.4
ORD-102622,46079,East,Marcus Reed,Home,Blender,Store,3,86.15,258.45,175.04,83.41
ORD-102844,46079,West,Tom Nguyen,Electronics,Webcam,Marketplace,4,112.61,450.44,263.97,186.47
ORD-102950,46079,West,Tom Nguyen,Electronics,Monitor,Store,5,251.48,1257.4,846.59,410.81
ORD-102977,46079,South,Mike Davis,Electronics,Keyboard,Store,5,65.64,328.2,196.35,131.85
ORD-103024,46079,North,James Wilson,Electronics,Webcam,Online,1,104.18,104.18,64.23,39.95
ORD-103306,46079,South,Ana Lopez,Electronics,Monitor,Online,1,261.64,261.64,184.49,77.15
ORD-103555,46079,East,Marcus Reed,Home,Blender,Store,6,90.65,543.9,381.08,162.82
ORD-103652,46079,East,Marcus Reed,Electronics,Keyboard,Online,3,62.47,187.41,107.33,80.08
ORD-104012,46079,West,Rachel Green,Sports,Yoga Mat,Store,2,42.42,84.84,40.9,43.94
ORD-104144,46079,North,Nina Patel,Electronics,Keyboard,Marketplace,6,69.98,419.88,253.06,166.82
ORD-104147,46079,South,Ana Lopez,Electronics,Keyboard,Marketplace,3,63.2,189.6,108.92,80.68
ORD-104371,46079,North,Nina Patel,Home,Vacuum,Store,1,172.01,172.01,118.65,53.36
ORD-104855,46079,West,Jordan Smith,Electronics,Headphones,Marketplace,3,96.31,288.93,182.15,106.78
ORD-104900,46079,West,Rachel Green,Electronics,Keyboard,Marketplace,3,59.54,178.62,99.49,79.13
ORD-100023,46080,South,Mike Davis,Electronics,Headphones,Store,4,94.84,379.36,227.82,151.54
ORD-100058,46080,North,James Wilson,Sports,Running Shoes,Online,5,137.43,687.15,417.72,269.43
ORD-100085,46080,East,Sarah Kim,Sports,Running Shoes,Online,3,127.46,382.38,216.71,165.67
ORD-100110,46080,West,Rachel Green,Electronics,Webcam,Online,2,101.43,202.86,122.89,79.97
ORD-100381,46080,North,Nina Patel,Home,Air Fryer,Store,2,159.17,318.34,220.03,98.31
ORD-100817,46080,South,Chris Brown,Electronics,Monitor,Store,2,274.84,549.68,372.41,177.27
ORD-100865,46080,South,Mike Davis,Home,Blender,Marketplace,4,80.33,321.32,210.24,111.08
ORD-100956,46080,West,Tom Nguyen,Sports,Dumbbells,Store,4,74.27,297.08,174.82,122.26
ORD-101009,46080,East,Marcus Reed,Clothing,Sneakers,Online,3,99.27,297.81,175.45,122.36
ORD-101138,46080,East,Marcus Reed,Electronics,Monitor,Store,5,233.04,1165.2,836.14,329.06
ORD-101166,46080,West,Jordan Smith,Electronics,Webcam,Online,2,107.61,215.22,129.68,85.54
ORD-101209,46080,West,Jordan Smith,Clothing,Jeans,Marketplace,4,72.18,288.72,152.04,136.68
ORD-101398,46080,East,Marcus Reed,Home,Coffee Maker,Online,4,120.41,481.64,311.66,169.98
ORD-101437,46080,North,Nina Patel,Sports,Dumbbells,Online,2,73.32,146.64,91.14,55.5
ORD-101657,46080,South,Chris Brown,Home,Vacuum,Online,2,189.09,378.18,265.41,112.77
ORD-101952,46080,South,Ana Lopez,Electronics,Webcam,Store,4,119.5,478,284.79,193.21
ORD-102036,46080,South,Ana Lopez,Home,Coffee Maker,Online,1,125.73,125.73,78.76,46.97
ORD-102375,46080,West,Tom Nguyen,Clothing,Jacket,Store,3,98.11,294.33,155.49,138.84
ORD-102431,46080,East,Sarah Kim,Sports,Yoga Mat,Marketplace,4,36.17,144.68,70.92,73.76
ORD-102806,46080,South,Chris Brown,Sports,Yoga Mat,Store,3,38.11,114.33,54.64,59.69
ORD-103544,46080,South,Ana Lopez,Home,Blender,Marketplace,1,86.52,86.52,57.47,29.05
ORD-103871,46080,South,Chris Brown,Sports,Running Shoes,Store,2,135.4,270.8,161.27,109.53
ORD-103943,46080,East,Marcus Reed,Home,Vacuum,Online,6,207.28,1243.68,837.57,406.11
ORD-104207,46080,East,David Lee,Electronics,Webcam,Store,2,117.57,235.14,141.41,93.73
ORD-104277,46080,West,Jordan Smith,Electronics,Headphones,Store,5,91.62,458.1,292.87,165.23
ORD-104506,46080,West,Rachel Green,Home,Air Fryer,Online,1,153.57,153.57,103.37,50.2
ORD-104816,46080,North,Emily Chen,Home,Blender,Online,1,78.48,78.48,54.8,23.68
ORD-104873,46080,West,Tom Nguyen,Electronics,Keyboard,Online,1,60.42,60.42,34.15,26.27
ORD-100164,46081,West,Jordan Smith,Sports,Fitness Tracker,Online,3,146.97,440.91,298.02,142.89
ORD-100292,46081,South,Mike Davis,Clothing,Hoodie,Store,2,61.59,123.18,63.7,59.48
ORD-100468,46081,West,Rachel Green,Clothing,Jacket,Store,4,98.88,395.52,223.1,172.42
ORD-100619,46081,South,Mike Davis,Sports,Yoga Mat,Online,6,43.52,261.12,121,140.12
ORD-100681,46081,South,Ana Lopez,Sports,Fitness Tracker,Online,4,133.63,534.52,357.27,177.25
ORD-100705,46081,North,Nina Patel,Clothing,Hoodie,Store,4,57.01,228.04,115.22,112.82
ORD-100736,46081,West,Jordan Smith,Home,Air Fryer,Online,6,154.75,928.5,601.59,326.91
ORD-101323,46081,East,Marcus Reed,Home,Blender,Online,6,83.81,502.86,355.21,147.65
ORD-101401,46081,South,Mike Davis,Clothing,Jacket,Online,5,102,510,284.77,225.23
ORD-101611,46081,North,Emily Chen,Sports,Yoga Mat,Online,2,38.82,77.64,36.18,41.46
ORD-101854,46081,West,Tom Nguyen,Sports,Fitness Tracker,Online,1,144.76,144.76,95.54,49.22
ORD-101923,46081,South,Mike Davis,Electronics,Headphones,Store,5,89.67,448.35,268.07,180.28
ORD-102084,46081,North,Emily Chen,Clothing,Sneakers,Online,5,115.08,575.4,339.33,236.07
ORD-102090,46081,West,Jordan Smith,Electronics,Keyboard,Store,5,67.76,338.8,195.99,142.81
ORD-102148,46081,West,Tom Nguyen,Home,Air Fryer,Online,2,160.38,320.76,206.46,114.3
ORD-102161,46081,South,Mike Davis,Electronics,Monitor,Store,5,253.32,1266.6,910.79,355.81
ORD-102244,46081,North,Nina Patel,Sports,Fitness Tracker,Online,4,142.88,571.52,391.57,179.95
ORD-102418,46081,East,Sarah Kim,Clothing,Sneakers,Store,5,114.91,574.55,358.36,216.19
ORD-102818,46081,North,Emily Chen,Sports,Dumbbells,Online,2,71.06,142.12,87.2,54.92
ORD-103279,46081,South,Ana Lopez,Clothing,Jacket,Store,6,101.15,606.9,342.99,263.91
ORD-103694,46081,West,Rachel Green,Sports,Running Shoes,Online,4,125.05,500.2,284.05,216.15
ORD-103772,46081,West,Jordan Smith,Home,Coffee Maker,Marketplace,5,123.27,616.35,393.03,223.32
ORD-103835,46081,North,James Wilson,Electronics,Headphones,Store,3,95.96,287.88,177.36,110.52
ORD-104101,46081,West,Rachel Green,Home,Coffee Maker,Online,4,126.66,506.64,332.07,174.57
ORD-104165,46081,South,Ana Lopez,Sports,Dumbbells,Online,5,72.02,360.1,220.04,140.06
ORD-104180,46081,East,Marcus Reed,Clothing,Jacket,Store,1,103.23,103.23,54.72,48.51
ORD-104283,46081,East,Sarah Kim,Electronics,Webcam,Online,4,99.17,396.68,237.48,159.2
ORD-104295,46081,North,Emily Chen,Home,Coffee Maker,Store,6,115.25,691.5,449.23,242.27
ORD-104344,46081,North,Nina Patel,Clothing,Hoodie,Online,5,54.68,273.4,140.44,132.96
ORD-104353,46081,South,Ana Lopez,Clothing,Hoodie,Online,5,55.34,276.7,134.88,141.82
ORD-104358,46081,South,Ana Lopez,Electronics,Keyboard,Online,5,63.04,315.2,176.5,138.7
ORD-104461,46081,West,Tom Nguyen,Home,Blender,Online,2,84.18,168.36,112.27,56.09
ORD-104534,46081,East,Marcus Reed,Clothing,Sneakers,Store,1,108.06,108.06,64.5,43.56
ORD-104627,46081,East,David Lee,Sports,Yoga Mat,Online,2,41.67,83.34,39.4,43.94
ORD-104831,46081,South,Mike Davis,Sports,Fitness Tracker,Marketplace,1,145.21,145.21,98.91,46.3
ORD-104894,46081,East,Sarah Kim,Electronics,Webcam,Store,1,102.37,102.37,59.3,43.07
ORD-100305,46082,East,Sarah Kim,Electronics,Monitor,Marketplace,5,271.43,1357.15,950.33,406.82
ORD-100482,46082,East,David Lee,Home,Blender,Online,6,91.04,546.24,361.43,184.81
ORD-101208,46082,West,Jordan Smith,Electronics,Webcam,Marketplace,1,103.35,103.35,59.92,43.43
ORD-101292,46082,North,James Wilson,Electronics,Webcam,Online,1,107.03,107.03,64.77,42.26
ORD-101447,46082,East,Sarah Kim,Electronics,Headphones,Online,2,98.1,196.2,117.98,78.22
ORD-101538,46082,East,Marcus Reed,Clothing,Sneakers,Store,2,112.99,225.98,133.35,92.63
ORD-101694,46082,North,Emily Chen,Sports,Yoga Mat,Online,2,37.78,75.56,36.4,39.16
ORD-101732,46082,East,Marcus Reed,Home,Air Fryer,Store,3,140.98,422.94,293.51,129.43
ORD-101793,46082,West,Tom Nguyen,Sports,Yoga Mat,Online,2,39.12,78.24,37.66,40.58
ORD-101860,46082,East,Sarah Kim,Electronics,Webcam,Online,5,107.55,537.75,315.01,222.74
ORD-101913,46082,North,James Wilson,Electronics,Webcam,Store,6,120.88,725.28,445.38,279.9
ORD-102168,46082,North,Nina Patel,Clothing,Jeans,Marketplace,3,63.78,191.34,102.63,88.71
ORD-102176,46082,North,Emily Chen,Clothing,Hoodie,Store,1,61.86,61.86,31.88,29.98
ORD-102294,46082,West,Tom Nguyen,Clothing,Jeans,Marketplace,3,75.54,226.62,120.1,106.52
ORD-102377,46082,East,Sarah Kim,Home,Blender,Marketplace,3,90.25,270.75,178.91,91.84
ORD-102392,46082,West,Jordan Smith,Sports,Fitness Tracker,Store,5,150.83,754.15,502.25,251.9
ORD-102416,46082,North,Emily Chen,Sports,Fitness Tracker,Store,3,138.95,416.85,272.32,144.53
ORD-102422,46082,East,David Lee,Electronics,Monitor,Store,6,274.05,1644.3,1183.08,461.22
ORD-102472,46082,North,James Wilson,Electronics,Headphones,Online,2,90.37,180.74,111.68,69.06
ORD-102504,46082,South,Ana Lopez,Home,Air Fryer,Online,6,163.28,979.68,676.18,303.5
ORD-102707,46082,South,Mike Davis,Home,Vacuum,Store,5,179.11,895.55,619.85,275.7
ORD-103050,46082,West,Tom Nguyen,Home,Vacuum,Marketplace,4,186.89,747.56,504.27,243.29
ORD-103172,46082,East,Sarah Kim,Sports,Running Shoes,Marketplace,5,116.48,582.4,344.23,238.17
ORD-103268,46082,West,Jordan Smith,Home,Blender,Store,6,82.24,493.44,343.96,149.48
ORD-103492,46082,South,Mike Davis,Electronics,Monitor,Online,3,233.23,699.69,491.1,208.59
ORD-103513,46082,West,Tom Nguyen,Electronics,Keyboard,Online,1,62.67,62.67,36.34,26.33
ORD-103514,46082,South,Mike Davis,Sports,Running Shoes,Store,5,129.04,645.2,387.68,257.52
ORD-103620,46082,West,Tom Nguyen,Clothing,Jacket,Marketplace,1,102.8,102.8,55.87,46.93
ORD-103668,46082,East,David Lee,Sports,Yoga Mat,Marketplace,1,38.04,38.04,18.25,19.79
ORD-103672,46082,West,Jordan Smith,Clothing,Hoodie,Online,5,63.04,315.2,154.43,160.77
ORD-103890,46082,North,James Wilson,Electronics,Headphones,Online,2,84.12,168.24,102.18,66.06
ORD-103891,46082,East,Sarah Kim,Sports,Dumbbells,Online,4,78.31,313.24,190.61,122.63
ORD-104193,46082,South,Chris Brown,Home,Coffee Maker,Online,2,112.45,224.9,142.35,82.55
ORD-104199,46082,East,David Lee,Home,Blender,Store,2,93.36,186.72,131.74,54.98
ORD-104481,46082,South,Mike Davis,Electronics,Monitor,Marketplace,5,267.33,1336.65,920.61,416.04
ORD-104606,46082,South,Ana Lopez,Sports,Yoga Mat,Online,1,37.11,37.11,17.58,19.53
ORD-104699,46082,North,James Wilson,Electronics,Headphones,Online,6,97.55,585.3,350.7,234.6
ORD-104961,46082,South,Mike Davis,Home,Air Fryer,Marketplace,2,135.61,271.22,180.15,91.07
ORD-100013,46083,East,Sarah Kim,Clothing,Jeans,Online,3,70.01,210.03,106.18,103.85
ORD-100137,46083,East,Sarah Kim,Sports,Yoga Mat,Store,6,40.14,240.84,115.52,125.32
ORD-100389,46083,West,Tom Nguyen,Electronics,Monitor,Store,4,265.37,1061.48,734.43,327.05
ORD-100401,46083,South,Chris Brown,Electronics,Monitor,Online,4,237.24,948.96,655.17,293.79
ORD-100451,46083,South,Mike Davis,Home,Vacuum,Online,1,183.61,183.61,122.34,61.27
ORD-100584,46083,South,Mike Davis,Electronics,Monitor,Marketplace,4,251.96,1007.84,712.09,295.75
ORD-100981,46083,West,Rachel Green,Electronics,Headphones,Store,2,87.38,174.76,108.5,66.26
ORD-101234,46083,East,David Lee,Clothing,Sneakers,Store,1,104.73,104.73,62.3,42.43
ORD-101273,46083,East,Marcus Reed,Home,Blender,Online,5,80.49,402.45,270.79,131.66
ORD-101342,46083,East,Marcus Reed,Electronics,Monitor,Marketplace,4,252.64,1010.56,691.05,319.51
ORD-101659,46083,North,James Wilson,Electronics,Monitor,Online,1,251.14,251.14,172.01,79.13
ORD-101856,46083,West,Jordan Smith,Electronics,Headphones,Online,4,89.53,358.12,220.68,137.44
ORD-101898,46083,North,James Wilson,Electronics,Monitor,Online,6,273.66,1641.96,1163.44,478.52
ORD-101954,46083,East,Marcus Reed,Electronics,Monitor,Marketplace,4,249.51,998.04,689.18,308.86
ORD-102089,46083,South,Ana Lopez,Home,Air Fryer,Store,1,150.68,150.68,104.85,45.83
ORD-102116,46083,South,Chris Brown,Electronics,Webcam,Online,4,119.38,477.52,281.18,196.34
ORD-102165,46083,West,Rachel Green,Electronics,Monitor,Marketplace,6,235.72,1414.32,997.91,416.41
ORD-102299,46083,East,Sarah Kim,Clothing,Jacket,Online,2,104.02,208.04,111.44,96.6
ORD-102626,46083,South,Ana Lopez,Home,Vacuum,Marketplace,6,176.28,1057.68,705.27,352.41
ORD-103156,46083,North,James Wilson,Electronics,Keyboard,Store,2,66.98,133.96,80.45,53.51
ORD-103479,46083,West,Tom Nguyen,Electronics,Webcam,Store,3,108.02,324.06,196.07,127.99
ORD-103634,46083,North,Emily Chen,Clothing,Jeans,Marketplace,5,64.65,323.25,165.56,157.69
ORD-104307,46083,West,Tom Nguyen,Sports,Yoga Mat,Store,6,40.84,245.04,117.93,127.11
ORD-104396,46083,West,Rachel Green,Sports,Running Shoes,Online,1,117.76,117.76,71.77,45.99
ORD-104643,46083,South,Ana Lopez,Clothing,Hoodie,Store,1,64.21,64.21,32.86,31.35
ORD-104993,46083,South,Chris Brown,Clothing,Jacket,Online,2,97.55,195.1,108.38,86.72
ORD-100170,46084,East,Sarah Kim,Sports,Yoga Mat,Marketplace,3,37.1,111.3,54.08,57.22
ORD-100250,46084,South,Chris Brown,Clothing,Sneakers,Store,5,109.47,547.35,327.08,220.27
ORD-100379,46084,West,Jordan Smith,Clothing,Jacket,Marketplace,6,93.48,560.88,316.23,244.65
ORD-100670,46084,West,Jordan Smith,Home,Blender,Store,2,91.06,182.12,126.11,56.01
ORD-101089,46084,South,Mike Davis,Clothing,Hoodie,Online,6,62.9,377.4,182.76,194.64
ORD-101216,46084,South,Mike Davis,Electronics,Headphones,Marketplace,6,86.18,517.08,321.33,195.75
ORD-101347,46084,East,David Lee,Clothing,Hoodie,Online,5,59.29,296.45,150.46,145.99
ORD-101403,46084,East,Marcus Reed,Electronics,Webcam,Online,1,118.45,118.45,72.89,45.56
ORD-101524,46084,West,Jordan Smith,Clothing,Sneakers,Store,2,105.49,210.98,121.83,89.15
ORD-101530,46084,East,Marcus Reed,Clothing,Jeans,Store,6,72.04,432.24,227.96,204.28
ORD-101665,46084,West,Tom Nguyen,Home,Air Fryer,Store,4,151.89,607.56,397.72,209.84
ORD-101721,46084,West,Rachel Green,Sports,Dumbbells,Online,1,78.03,78.03,48,30.03
ORD-101779,46084,South,Chris Brown,Sports,Fitness Tracker,Online,3,149.42,448.26,300.37,147.89
ORD-101909,46084,East,Sarah Kim,Home,Coffee Maker,Online,1,108.57,108.57,68.37,40.2
ORD-102276,46084,West,Jordan Smith,Clothing,Sneakers,Online,3,112.99,338.97,203.33,135.64
ORD-102720,46084,West,Jordan Smith,Clothing,Jeans,Online,2,71.26,142.52,75.72,66.8
ORD-102795,46084,East,Marcus Reed,Electronics,Keyboard,Online,5,64.6,323,181.45,141.55
ORD-102864,46084,West,Rachel Green,Electronics,Webcam,Store,3,117.43,352.29,205.35,146.94
ORD-102971,46084,South,Chris Brown,Sports,Fitness Tracker,Online,5,135.95,679.75,456.24,223.51
ORD-103176,46084,East,Sarah Kim,Clothing,Sneakers,Marketplace,1,115.66,115.66,68.86,46.8
ORD-103179,46084,North,Emily Chen,Sports,Dumbbells,Store,5,80.11,400.55,247.47,153.08
ORD-104511,46084,East,David Lee,Clothing,Jacket,Online,4,101.93,407.72,228,179.72
ORD-100015,46085,West,Rachel Green,Sports,Dumbbells,Online,5,82.04,410.2,255.8,154.4
ORD-100129,46085,East,Sarah Kim,Electronics,Monitor,Store,4,237.97,951.88,642.07,309.81
ORD-100303,46085,West,Rachel Green,Electronics,Monitor,Online,1,237.01,237.01,162.91,74.1
ORD-100309,46085,North,Emily Chen,Home,Vacuum,Online,1,181.08,181.08,123.87,57.21
ORD-100318,46085,North,Emily Chen,Home,Air Fryer,Online,3,161.95,485.85,319.1,166.75
ORD-100351,46085,South,Ana Lopez,Clothing,Sneakers,Store,5,110.83,554.15,335.31,218.84
ORD-100714,46085,South,Chris Brown,Home,Air Fryer,Online,4,140.05,560.2,374.47,185.73
ORD-100795,46085,East,Marcus Reed,Sports,Dumbbells,Online,3,70.12,210.36,132.76,77.6
ORD-101594,46085,East,Sarah Kim,Clothing,Hoodie,Online,2,64.87,129.74,66.82,62.92
ORD-101849,46085,North,Emily Chen,Clothing,Hoodie,Store,3,59.35,178.05,89.79,88.26
ORD-102021,46085,East,David Lee,Clothing,Jacket,Store,5,101.41,507.05,275.89,231.16
ORD-102156,46085,East,Marcus Reed,Clothing,Jacket,Store,2,91.59,183.18,101.86,81.32
ORD-102632,46085,West,Jordan Smith,Electronics,Headphones,Online,6,93.39,560.34,344.2,216.14
ORD-102701,46085,East,Marcus Reed,Electronics,Webcam,Online,6,117.09,702.54,406.37,296.17
ORD-102901,46085,South,Chris Brown,Home,Vacuum,Store,6,193.56,1161.36,782.72,378.64
ORD-103307,46085,North,James Wilson,Sports,Yoga Mat,Online,1,42.08,42.08,20.45,21.63
ORD-103455,46085,South,Chris Brown,Sports,Fitness Tracker,Online,4,150.42,601.68,383.36,218.32
ORD-103573,46085,South,Ana Lopez,Electronics,Webcam,Store,6,113.03,678.18,397.8,280.38
ORD-103683,46085,South,Ana Lopez,Sports,Running Shoes,Marketplace,2,135.39,270.78,163.33,107.45
ORD-103882,46085,South,Chris Brown,Home,Blender,Online,5,91.51,457.55,303.11,154.44
ORD-103917,46085,North,Nina Patel,Sports,Fitness Tracker,Store,6,136.78,820.68,525.95,294.73
ORD-104312,46085,East,David Lee,Electronics,Webcam,Online,2,112.04,224.08,139.44,84.64
ORD-104468,46085,South,Ana Lopez,Home,Blender,Online,6,82.92,497.52,340.9,156.62
ORD-104518,46085,East,Marcus Reed,Electronics,Monitor,Online,2,259.68,519.36,369.14,150.22
ORD-104574,46085,East,David Lee,Electronics,Headphones,Store,2,85.91,171.82,106.27,65.55
ORD-104719,46085,West,Jordan Smith,Sports,Dumbbells,Online,6,74.06,444.36,276.99,167.37
ORD-104810,46085,East,Sarah Kim,Clothing,Sneakers,Store,1,114.19,114.19,69.44,44.75
ORD-104838,46085,East,David Lee,Home,Blender,Marketplace,1,86.78,86.78,57,29.78
ORD-100314,46086,South,Ana Lopez,Electronics,Monitor,Store,4,228.38,913.52,640.09,273.43
ORD-100346,46086,East,Sarah Kim,Home,Blender,Marketplace,1,78.61,78.61,52.16,26.45
ORD-100361,46086,South,Mike Davis,Home,Vacuum,Marketplace,4,176.74,706.96,503.94,203.02
ORD-100406,46086,South,Ana Lopez,Electronics,Keyboard,Online,3,68.73,206.19,118.95,87.24
ORD-100528,46086,East,David Lee,Clothing,Jeans,Store,1,73.53,73.53,38,35.53
ORD-100685,46086,South,Mike Davis,Home,Vacuum,Online,1,207.3,207.3,140.93,66.37
ORD-100731,46086,South,Mike Davis,Clothing,Sneakers,Online,6,119.38,716.28,433.26,283.02
ORD-100752,46086,North,James Wilson,Electronics,Webcam,Store,4,102.41,409.64,253.37,156.27
ORD-100909,46086,West,Rachel Green,Home,Vacuum,Online,3,195.3,585.9,404.92,180.98
ORD-100941,46086,South,Chris Brown,Clothing,Jacket,Store,2,90.39,180.78,95.48,85.3
ORD-100971,46086,North,James Wilson,Clothing,Jeans,Store,4,70.78,283.12,150.43,132.69
ORD-101022,46086,South,Chris Brown,Clothing,Jacket,Store,4,104.49,417.96,231.32,186.64
ORD-101024,46086,South,Ana Lopez,Sports,Yoga Mat,Online,6,41.74,250.44,117.3,133.14
ORD-101038,46086,West,Rachel Green,Sports,Fitness Tracker,Online,4,141.75,567,360.89,206.11
ORD-101386,46086,North,James Wilson,Home,Blender,Online,1,77.6,77.6,51.14,26.46
ORD-101703,46086,West,Jordan Smith,Sports,Running Shoes,Marketplace,5,123.54,617.7,371.49,246.21
ORD-101749,46086,East,Marcus Reed,Sports,Yoga Mat,Store,5,37.78,188.9,90.77,98.13
ORD-101874,46086,East,Sarah Kim,Electronics,Keyboard,Marketplace,1,65.57,65.57,39.39,26.18
ORD-101983,46086,North,James Wilson,Electronics,Webcam,Store,2,106.14,212.28,129.35,82.93
ORD-101985,46086,East,Marcus Reed,Sports,Running Shoes,Marketplace,6,124.48,746.88,429.05,317.83
ORD-102182,46086,East,Sarah Kim,Electronics,Webcam,Store,2,100.47,200.94,122.29,78.65
ORD-102665,46086,East,Sarah Kim,Clothing,Jeans,Marketplace,5,66.24,331.2,177.49,153.71
ORD-102700,46086,West,Rachel Green,Home,Coffee Maker,Marketplace,5,131.75,658.75,424.43,234.32
ORD-102774,46086,North,Emily Chen,Home,Coffee Maker,Store,2,119.43,238.86,150.39,88.47
ORD-102866,46086,West,Rachel Green,Sports,Yoga Mat,Marketplace,5,42.58,212.9,98.47,114.43
ORD-102868,46086,East,Sarah Kim,Sports,Fitness Tracker,Online,3,130.28,390.84,268.01,122.83
ORD-102952,46086,East,Sarah Kim,Clothing,Hoodie,Online,2,59.46,118.92,58.24,60.68
ORD-103040,46086,North,Emily Chen,Sports,Dumbbells,Online,1,75.47,75.47,47.25,28.22
ORD-103095,46086,West,Tom Nguyen,Home,Blender,Store,6,86.77,520.62,344.83,175.79
ORD-103154,46086,South,Mike Davis,Clothing,Hoodie,Store,5,64.12,320.6,161.66,158.94
ORD-103954,46086,North,Nina Patel,Clothing,Jeans,Online,1,74.75,74.75,40.24,34.51
ORD-104029,46086,West,Rachel Green,Sports,Running Shoes,Store,4,115.42,461.68,275.87,185.81
ORD-104032,46086,North,James Wilson,Clothing,Jacket,Online,4,98.36,393.44,217.48,175.96
ORD-104359,46086,East,Sarah Kim,Clothing,Sneakers,Store,5,107.52,537.6,332.61,204.99
ORD-104543,46086,West,Jordan Smith,Electronics,Keyboard,Store,2,65.89,131.78,75.33,56.45
ORD-104666,46086,West,Rachel Green,Home,Air Fryer,Store,5,153.43,767.15,502.43,264.72
ORD-104720,46086,East,Marcus Reed,Clothing,Hoodie,Online,6,58.17,349.02,173.04,175.98
ORD-104923,46086,East,Sarah Kim,Home,Coffee Maker,Online,1,124.05,124.05,80.35,43.7
ORD-100207,46087,East,Sarah Kim,Electronics,Headphones,Marketplace,4,90.67,362.68,227.13,135.55
ORD-100633,46087,North,James Wilson,Electronics,Keyboard,Online,1,58.89,58.89,33.63,25.26
ORD-100786,46087,West,Rachel Green,Electronics,Headphones,Online,1,84.08,84.08,52.16,31.92
ORD-100858,46087,North,Nina Patel,Electronics,Keyboard,Online,4,59.29,237.16,137.54,99.62
ORD-101016,46087,South,Mike Davis,Clothing,Jacket,Online,3,103.7,311.1,172.26,138.84
ORD-101210,46087,South,Chris Brown,Home,Blender,Store,3,85.38,256.14,172.24,83.9
ORD-101413,46087,West,Rachel Green,Clothing,Jeans,Online,5,75.81,379.05,198.28,180.77
ORD-101427,46087,South,Chris Brown,Clothing,Hoodie,Marketplace,6,63.77,382.62,188.85,193.77
ORD-101473,46087,South,Chris Brown,Home,Coffee Maker,Store,1,111.17,111.17,68.45,42.72
ORD-101939,46087,East,David Lee,Home,Vacuum,Online,6,173.38,1040.28,744.16,296.12
ORD-102042,46087,North,Emily Chen,Home,Coffee Maker,Online,6,122.36,734.16,483.95,250.21
ORD-102056,46087,South,Ana Lopez,Home,Vacuum,Online,3,196.86,590.58,404.94,185.64
ORD-102087,46087,West,Tom Nguyen,Sports,Running Shoes,Online,6,125.79,754.74,453.71,301.03
ORD-102269,46087,West,Jordan Smith,Clothing,Hoodie,Online,5,59.13,295.65,145.32,150.33
ORD-102492,46087,East,David Lee,Sports,Fitness Tracker,Online,1,143.4,143.4,96.18,47.22
ORD-102778,46087,East,Sarah Kim,Electronics,Webcam,Store,3,101.88,305.64,184.23,121.41
ORD-102879,46087,North,James Wilson,Electronics,Webcam,Store,6,107.79,646.74,399.27,247.47
ORD-102892,46087,West,Jordan Smith,Home,Vacuum,Online,5,174.85,874.25,609.54,264.71
ORD-103467,46087,North,James Wilson,Sports,Fitness Tracker,Online,3,142.55,427.65,280.68,146.97
ORD-103552,46087,South,Ana Lopez,Electronics,Keyboard,Online,4,69.28,277.12,163.36,113.76
ORD-103826,46087,South,Mike Davis,Electronics,Webcam,Online,2,106.86,213.72,127.27,86.45
ORD-103944,46087,South,Chris Brown,Home,Air Fryer,Online,5,141.93,709.65,466.39,243.26
ORD-104021,46087,North,Emily Chen,Clothing,Jacket,Online,1,99.98,99.98,55.09,44.89
ORD-104256,46087,West,Jordan Smith,Clothing,Sneakers,Online,2,107.49,214.98,126.32,88.66
ORD-104261,46087,North,Emily Chen,Sports,Dumbbells,Store,5,67.62,338.1,203.49,134.61
ORD-104681,46087,North,Emily Chen,Home,Vacuum,Online,1,199.95,199.95,135.24,64.71
ORD-100198,46088,North,James Wilson,Electronics,Headphones,Marketplace,4,98.26,393.04,234.72,158.32
ORD-100266,46088,East,Marcus Reed,Electronics,Monitor,Online,2,254.12,508.24,369.81,138.43
ORD-100483,46088,North,James Wilson,Electronics,Keyboard,Store,6,70.91,425.46,242.56,182.9
ORD-100866,46088,East,Sarah Kim,Clothing,Jacket,Marketplace,5,97.57,487.85,266.24,221.61
ORD-101189,46088,West,Jordan Smith,Electronics,Webcam,Online,3,110.97,332.91,192.77,140.14
ORD-101230,46088,South,Chris Brown,Home,Vacuum,Store,2,180.89,361.78,242.89,118.89
ORD-101291,46088,West,Tom Nguyen,Home,Blender,Store,6,81.41,488.46,342.8,145.66
ORD-101464,46088,East,Sarah Kim,Home,Blender,Store,2,77.31,154.62,104.21,50.41
ORD-101482,46088,South,Ana Lopez,Sports,Running Shoes,Online,2,115.28,230.56,133.25,97.31
ORD-101995,46088,East,Marcus Reed,Sports,Running Shoes,Marketplace,2,124.59,249.18,151.02,98.16
ORD-102110,46088,East,Sarah Kim,Sports,Fitness Tracker,Store,1,131.37,131.37,85.45,45.92
ORD-102112,46088,West,Rachel Green,Electronics,Webcam,Store,4,111.7,446.8,274.84,171.96
ORD-102152,46088,West,Jordan Smith,Electronics,Monitor,Marketplace,2,252.24,504.48,344,160.48
ORD-102270,46088,South,Chris Brown,Clothing,Sneakers,Online,6,119.98,719.88,418.13,301.75
ORD-102328,46088,North,James Wilson,Electronics,Keyboard,Store,2,64.08,128.16,73.89,54.27
ORD-102517,46088,South,Mike Davis,Home,Coffee Maker,Marketplace,4,113.87,455.48,301.76,153.72
ORD-102881,46088,East,David Lee,Home,Blender,Store,5,89.48,447.4,292.92,154.48
ORD-102959,46088,East,David Lee,Sports,Dumbbells,Marketplace,4,73.87,295.48,179.88,115.6
ORD-103019,46088,South,Chris Brown,Home,Blender,Store,1,83.82,83.82,56.18,27.64
ORD-103078,46088,South,Mike Davis,Home,Air Fryer,Online,1,140.88,140.88,90.98,49.9
ORD-103085,46088,South,Chris Brown,Home,Vacuum,Online,3,190.72,572.16,394.02,178.14
ORD-103541,46088,East,David Lee,Home,Vacuum,Store,3,199.83,599.49,408.63,190.86
ORD-103698,46088,West,Jordan Smith,Home,Blender,Marketplace,1,90.15,90.15,60.01,30.14
ORD-103888,46088,North,James Wilson,Home,Vacuum,Store,3,204.01,612.03,416.26,195.77
ORD-104078,46088,East,Sarah Kim,Electronics,Webcam,Marketplace,6,110.17,661.02,402.71,258.31
ORD-104151,46088,North,Emily Chen,Electronics,Webcam,Marketplace,6,107.89,647.34,400.6,246.74
ORD-104453,46088,West,Rachel Green,Electronics,Keyboard,Marketplace,2,65.43,130.86,76.6,54.26
ORD-104613,46088,East,Sarah Kim,Electronics,Headphones,Online,5,97.22,486.1,291.22,194.88
ORD-104783,46088,North,Emily Chen,Electronics,Webcam,Online,2,114.98,229.96,136.83,93.13
ORD-104853,46088,West,Tom Nguyen,Electronics,Webcam,Store,2,113.49,226.98,136.21,90.77
ORD-104958,46088,West,Rachel Green,Sports,Fitness Tracker,Online,1,147.44,147.44,97.14,50.3
ORD-100029,46089,West,Tom Nguyen,Electronics,Monitor,Store,2,273.59,547.18,383.05,164.13
ORD-100216,46089,South,Ana Lopez,Home,Air Fryer,Store,2,138.93,277.86,181.68,96.18
ORD-100826,46089,South,Mike Davis,Home,Coffee Maker,Online,5,131.89,659.45,438.74,220.71
ORD-100896,46089,East,Marcus Reed,Sports,Dumbbells,Online,1,74.42,74.42,44.38,30.04
ORD-101192,46089,North,Emily Chen,Clothing,Sneakers,Store,1,113.78,113.78,67.47,46.31
ORD-101296,46089,North,James Wilson,Clothing,Jeans,Online,5,66.03,330.15,169.23,160.92
ORD-101348,46089,South,Chris Brown,Electronics,Webcam,Store,4,115.98,463.92,279.59,184.33
ORD-101959,46089,North,Emily Chen,Sports,Running Shoes,Online,1,127.51,127.51,78.12,49.39
ORD-102035,46089,East,David Lee,Electronics,Headphones,Store,1,85.26,85.26,52.14,33.12
ORD-102224,46089,South,Chris Brown,Sports,Running Shoes,Store,4,130.53,522.12,308.67,213.45
ORD-102241,46089,North,James Wilson,Electronics,Headphones,Online,5,86.05,430.25,276.29,153.96
ORD-102327,46089,North,Emily Chen,Clothing,Jeans,Store,5,70.17,350.85,175.77,175.08
ORD-102403,46089,South,Chris Brown,Sports,Dumbbells,Marketplace,1,77.42,77.42,46.48,30.94
ORD-102428,46089,North,Nina Patel,Home,Air Fryer,Store,4,143.11,572.44,368.8,203.64
ORD-102439,46089,North,Emily Chen,Electronics,Monitor,Marketplace,2,237.45,474.9,319.66,155.24
ORD-102468,46089,East,Marcus Reed,Home,Coffee Maker,Store,3,111,333,215.19,117.81
ORD-102567,46089,West,Tom Nguyen,Home,Vacuum,Marketplace,5,191.92,959.6,652.05,307.55
ORD-102736,46089,South,Chris Brown,Sports,Fitness Tracker,Online,3,136.17,408.51,276.41,132.1
ORD-102852,46089,East,Sarah Kim,Sports,Running Shoes,Online,5,136.85,684.25,418.43,265.82
ORD-103165,46089,South,Ana Lopez,Sports,Fitness Tracker,Online,6,149.89,899.34,585.19,314.15
ORD-103288,46089,East,Marcus Reed,Electronics,Webcam,Store,5,102.53,512.65,307.34,205.31
ORD-103645,46089,North,Nina Patel,Sports,Running Shoes,Store,3,120.83,362.49,208.65,153.84
ORD-103651,46089,East,Sarah Kim,Clothing,Sneakers,Online,1,111.36,111.36,68.03,43.33
ORD-104018,46089,West,Tom Nguyen,Home,Vacuum,Store,1,173.72,173.72,122.91,50.81
ORD-104220,46089,West,Rachel Green,Electronics,Headphones,Online,5,84.62,423.1,258.54,164.56
ORD-104336,46089,West,Tom Nguyen,Sports,Dumbbells,Online,3,70.05,210.15,127.94,82.21
ORD-104417,46089,East,Marcus Reed,Sports,Dumbbells,Online,6,73.45,440.7,278.8,161.9
ORD-104776,46089,East,Marcus Reed,Sports,Dumbbells,Online,4,68.46,273.84,164.35,109.49
ORD-104788,46089,West,Jordan Smith,Electronics,Headphones,Online,2,89.05,178.1,110.11,67.99
ORD-104799,46089,South,Chris Brown,Sports,Yoga Mat,Online,3,41.56,124.68,57.68,67
ORD-104876,46089,South,Ana Lopez,Home,Air Fryer,Store,3,135.22,405.66,275.93,129.73
ORD-100217,46090,South,Ana Lopez,Sports,Running Shoes,Online,2,136.4,272.8,156.5,116.3
ORD-100372,46090,West,Tom Nguyen,Sports,Dumbbells,Store,3,74.35,223.05,138.82,84.23
ORD-100690,46090,North,Nina Patel,Home,Vacuum,Online,2,200.9,401.8,286.31,115.49
ORD-100694,46090,West,Jordan Smith,Electronics,Webcam,Marketplace,1,109.19,109.19,66.2,42.99
ORD-100839,46090,South,Chris Brown,Electronics,Headphones,Store,2,86.21,172.42,103.65,68.77
ORD-100850,46090,East,Marcus Reed,Electronics,Headphones,Store,1,87.63,87.63,54.99,32.64
ORD-100976,46090,East,David Lee,Sports,Running Shoes,Store,4,124.85,499.4,297.44,201.96
ORD-101161,46090,South,Ana Lopez,Clothing,Hoodie,Marketplace,2,58.27,116.54,57.89,58.65
ORD-101440,46090,East,Marcus Reed,Clothing,Jacket,Online,4,99.14,396.56,221.84,174.72
ORD-101604,46090,East,David Lee,Home,Blender,Online,1,81.49,81.49,56.38,25.11
ORD-101707,46090,East,Sarah Kim,Electronics,Monitor,Online,4,246.57,986.28,691.68,294.6
ORD-101875,46090,South,Ana Lopez,Electronics,Monitor,Online,4,271.57,1086.28,786.79,299.49
ORD-102208,46090,North,Emily Chen,Clothing,Jacket,Online,6,89.49,536.94,305.9,231.04
ORD-102336,46090,North,Emily Chen,Sports,Running Shoes,Online,6,113,678,399.79,278.21
ORD-102356,46090,South,Chris Brown,Sports,Running Shoes,Online,4,124.01,496.04,282.03,214.01
ORD-103001,46090,South,Ana Lopez,Clothing,Sneakers,Store,5,104.1,520.5,307.03,213.47
ORD-103043,46090,South,Ana Lopez,Home,Vacuum,Store,2,182.56,365.12,243.35,121.77
ORD-103140,46090,West,Rachel Green,Clothing,Sneakers,Online,2,99.57,199.14,116.87,82.27
ORD-103485,46090,East,Sarah Kim,Electronics,Keyboard,Online,1,71.34,71.34,41.23,30.11
ORD-103538,46090,East,Marcus Reed,Sports,Fitness Tracker,Marketplace,1,136.11,136.11,87.32,48.79
ORD-103618,46090,West,Rachel Green,Sports,Fitness Tracker,Online,5,149.68,748.4,500,248.4
ORD-103680,46090,South,Ana Lopez,Sports,Running Shoes,Marketplace,1,113.56,113.56,69.58,43.98
ORD-103911,46090,East,David Lee,Clothing,Sneakers,Marketplace,5,101.32,506.6,302.51,204.09
ORD-104167,46090,South,Chris Brown,Electronics,Monitor,Online,2,269.8,539.6,382.72,156.88
ORD-104422,46090,West,Rachel Green,Home,Air Fryer,Marketplace,5,161.37,806.85,556.62,250.23
ORD-100028,46091,West,Rachel Green,Electronics,Headphones,Marketplace,1,83.76,83.76,50.6,33.16
ORD-100378,46091,South,Mike Davis,Clothing,Hoodie,Marketplace,4,57.49,229.96,118.49,111.47
ORD-100434,46091,East,Sarah Kim,Electronics,Headphones,Store,6,92.12,552.72,329.12,223.6
ORD-100505,46091,North,Nina Patel,Electronics,Webcam,Store,1,102.62,102.62,62.58,40.04
ORD-100948,46091,South,Chris Brown,Electronics,Keyboard,Store,6,68.8,412.8,234.88,177.92
ORD-101213,46091,West,Jordan Smith,Sports,Fitness Tracker,Store,1,145.85,145.85,94,51.85
ORD-101301,46091,South,Mike Davis,Home,Coffee Maker,Store,5,125.5,627.5,392.01,235.49
ORD-101441,46091,East,David Lee,Electronics,Headphones,Store,6,95.57,573.42,361.12,212.3
ORD-101580,46091,North,James Wilson,Clothing,Jacket,Online,2,103.28,206.56,109.81,96.75
ORD-101669,46091,West,Rachel Green,Home,Vacuum,Online,3,188.17,564.51,400.97,163.54
ORD-101852,46091,West,Tom Nguyen,Sports,Yoga Mat,Store,1,42.33,42.33,20.75,21.58
ORD-101892,46091,East,Marcus Reed,Electronics,Keyboard,Online,1,71.39,71.39,40.27,31.12
ORD-101982,46091,East,Marcus Reed,Sports,Yoga Mat,Online,3,43.16,129.48,64.12,65.36
ORD-102350,46091,East,Marcus Reed,Clothing,Hoodie,Online,3,55.51,166.53,81.81,84.72
ORD-102408,46091,West,Tom Nguyen,Home,Blender,Store,1,90.02,90.02,60.69,29.33
ORD-102923,46091,South,Mike Davis,Sports,Yoga Mat,Store,5,42.89,214.45,105.21,109.24
ORD-103312,46091,West,Tom Nguyen,Sports,Yoga Mat,Online,4,38.64,154.56,76.31,78.25
ORD-103332,46091,East,David Lee,Electronics,Headphones,Online,4,81.71,326.84,204.02,122.82
ORD-103381,46091,South,Chris Brown,Clothing,Hoodie,Online,3,60.46,181.38,91.86,89.52
ORD-103534,46091,East,Marcus Reed,Clothing,Jeans,Store,2,73.05,146.1,72.98,73.12
ORD-103639,46091,South,Chris Brown,Electronics,Headphones,Marketplace,5,89.77,448.85,270.63,178.22
ORD-103737,46091,West,Rachel Green,Home,Coffee Maker,Store,4,130.5,522,321.65,200.35
ORD-103906,46091,South,Ana Lopez,Clothing,Hoodie,Online,4,62.55,250.2,127.41,122.79
ORD-104212,46091,East,Sarah Kim,Clothing,Jeans,Marketplace,2,74.01,148.02,79.12,68.9
ORD-104339,46091,South,Ana Lopez,Sports,Fitness Tracker,Store,4,128.76,515.04,337.76,177.28
ORD-100645,46092,North,Nina Patel,Clothing,Hoodie,Marketplace,4,55.46,221.84,107.5,114.34
ORD-101027,46092,North,Nina Patel,Electronics,Headphones,Online,3,86.85,260.55,157.19,103.36
ORD-101232,46092,East,Marcus Reed,Clothing,Jacket,Store,6,89.23,535.38,298.69,236.69
ORD-101294,46092,West,Tom Nguyen,Clothing,Sneakers,Marketplace,6,113,678,422.91,255.09
ORD-101345,46092,South,Chris Brown,Home,Air Fryer,Online,3,163.86,491.58,338.85,152.73
ORD-101353,46092,East,Marcus Reed,Electronics,Webcam,Store,4,103.97,415.88,252.93,162.95
ORD-101651,46092,West,Rachel Green,Clothing,Hoodie,Store,1,59.17,59.17,28.88,30.29
ORD-101695,46092,South,Ana Lopez,Sports,Fitness Tracker,Marketplace,6,148.55,891.3,581.95,309.35
ORD-101706,46092,West,Tom Nguyen,Sports,Dumbbells,Store,3,75.6,226.8,137.85,88.95
ORD-101963,46092,West,Jordan Smith,Home,Coffee Maker,Marketplace,3,123.22,369.66,237.41,132.25
ORD-102652,46092,North,Emily Chen,Clothing,Jeans,Store,3,67.33,201.99,100.89,101.1
ORD-102835,46092,North,James Wilson,Electronics,Webcam,Marketplace,6,110.65,663.9,412.84,251.06
ORD-102913,46092,West,Tom Nguyen,Sports,Running Shoes,Online,1,125.66,125.66,74.37,51.29
ORD-103146,46092,East,David Lee,Electronics,Webcam,Store,5,99.59,497.95,288.27,209.68
ORD-103171,46092,East,Marcus Reed,Electronics,Keyboard,Online,1,70.27,70.27,41.15,29.12
ORD-103230,46092,East,David Lee,Clothing,Jeans,Marketplace,2,70.13,140.26,71.38,68.88
ORD-103598,46092,South,Ana Lopez,Electronics,Headphones,Online,1,96.05,96.05,61.02,35.03
ORD-103607,46092,North,Emily Chen,Electronics,Webcam,Store,5,119.03,595.15,344.62,250.53
ORD-103660,46092,West,Tom Nguyen,Sports,Running Shoes,Marketplace,2,129.81,259.62,149.97,109.65
ORD-103808,46092,North,Emily Chen,Home,Air Fryer,Online,6,159.88,959.28,644.29,314.99
ORD-103892,46092,South,Mike Davis,Electronics,Headphones,Online,4,89.69,358.76,216.98,141.78
ORD-104206,46092,North,Nina Patel,Clothing,Hoodie,Online,6,57.28,343.68,168.85,174.83
ORD-104394,46092,South,Ana Lopez,Home,Vacuum,Online,1,176.36,176.36,120.25,56.11
ORD-104471,46092,West,Tom Nguyen,Home,Air Fryer,Store,3,136.52,409.56,266.48,143.08
ORD-104713,46092,North,Emily Chen,Sports,Running Shoes,Store,4,124.59,498.36,284.56,213.8
ORD-104846,46092,South,Chris Brown,Clothing,Jacket,Store,5,86.66,433.3,245.47,187.83
ORD-104976,46092,North,Nina Patel,Clothing,Jacket,Online,1,89.19,89.19,47.94,41.25
ORD-100725,46093,South,Mike Davis,Electronics,Monitor,Store,3,250.29,750.87,545.97,204.9
ORD-100854,46093,South,Mike Davis,Sports,Yoga Mat,Online,6,42.05,252.3,119.6,132.7
ORD-101198,46093,South,Ana Lopez,Clothing,Sneakers,Online,1,102.78,102.78,61.1,41.68
ORD-101715,46093,South,Chris Brown,Home,Air Fryer,Online,3,164.73,494.19,322.49,171.7
ORD-101753,46093,East,Marcus Reed,Home,Air Fryer,Online,2,139.3,278.6,192.18,86.42
ORD-101979,46093,East,Marcus Reed,Sports,Dumbbells,Store,2,74.81,149.62,89.58,60.04
ORD-102121,46093,North,Emily Chen,Home,Coffee Maker,Online,4,112.02,448.08,280.11,167.97
ORD-102326,46093,East,Sarah Kim,Sports,Running Shoes,Online,5,137.11,685.55,414.43,271.12
ORD-102534,46093,West,Rachel Green,Electronics,Monitor,Marketplace,6,231.12,1386.72,984.92,401.8
ORD-102840,46093,East,Sarah Kim,Clothing,Hoodie,Store,6,55.71,334.26,169.05,165.21
ORD-103111,46093,North,Nina Patel,Home,Vacuum,Online,2,173.36,346.72,229.68,117.04
ORD-103132,46093,East,David Lee,Sports,Fitness Tracker,Online,2,148.71,297.42,202.94,94.48
ORD-103138,46093,East,Marcus Reed,Sports,Running Shoes,Online,2,126.7,253.4,145.95,107.45
ORD-103524,46093,North,Nina Patel,Electronics,Headphones,Online,5,88.37,441.85,273.12,168.73
ORD-103863,46093,East,David Lee,Clothing,Sneakers,Online,3,112.83,338.49,210.48,128.01
ORD-103965,46093,West,Rachel Green,Clothing,Sneakers,Online,3,102.07,306.21,186.81,119.4
ORD-104153,46093,South,Ana Lopez,Electronics,Monitor,Marketplace,5,239.54,1197.7,867.3,330.4
ORD-104169,46093,South,Mike Davis,Sports,Dumbbells,Online,4,78.64,314.56,184.73,129.83
ORD-104239,46093,South,Chris Brown,Clothing,Jacket,Store,6,97.92,587.52,332.65,254.87
ORD-104347,46093,East,Marcus Reed,Electronics,Keyboard,Marketplace,2,65.21,130.42,77.5,52.92
ORD-104558,46093,North,James Wilson,Home,Vacuum,Store,5,192.1,960.5,645.41,315.09
ORD-104575,46093,West,Jordan Smith,Sports,Running Shoes,Marketplace,5,132.42,662.1,389.11,272.99
ORD-104631,46093,East,Marcus Reed,Clothing,Sneakers,Marketplace,4,111.28,445.12,262.38,182.74
ORD-104828,46093,North,Nina Patel,Clothing,Hoodie,Online,6,57.22,343.32,174.19,169.13
ORD-104883,46093,North,Nina Patel,Home,Blender,Marketplace,2,92.05,184.1,125.36,58.74
ORD-100144,46094,East,David Lee,Electronics,Webcam,Online,4,119.28,477.12,282.13,194.99
ORD-100148,46094,South,Ana Lopez,Clothing,Jeans,Marketplace,4,68.87,275.48,144.94,130.54
ORD-100380,46094,North,Nina Patel,Sports,Yoga Mat,Store,3,36.85,110.55,51.9,58.65
ORD-100879,46094,North,Nina Patel,Sports,Fitness Tracker,Store,5,146.19,730.95,476.96,253.99
ORD-101130,46094,West,Tom Nguyen,Electronics,Monitor,Store,4,250.45,1001.8,693.53,308.27
ORD-101152,46094,South,Mike Davis,Sports,Yoga Mat,Online,4,40.35,161.4,79.06,82.34
ORD-101264,46094,East,Sarah Kim,Clothing,Sneakers,Store,5,116.81,584.05,352.99,231.06
ORD-101305,46094,South,Mike Davis,Electronics,Headphones,Online,5,91.57,457.85,273.1,184.75
ORD-101339,46094,West,Jordan Smith,Clothing,Jacket,Marketplace,5,87.1,435.5,243.3,192.2
ORD-101350,46094,South,Mike Davis,Electronics,Headphones,Store,4,85.45,341.8,209.34,132.46
ORD-101512,46094,East,David Lee,Electronics,Headphones,Online,5,90.17,450.85,278.84,172.01
ORD-101690,46094,South,Ana Lopez,Electronics,Webcam,Online,3,104.42,313.26,181.79,131.47
ORD-102097,46094,North,James Wilson,Sports,Dumbbells,Store,1,78.31,78.31,46.35,31.96
ORD-102251,46094,West,Rachel Green,Home,Blender,Store,4,81.01,324.04,216.41,107.63
ORD-102397,46094,East,Marcus Reed,Home,Blender,Store,6,83.89,503.34,342.73,160.61
ORD-102562,46094,South,Chris Brown,Clothing,Jacket,Online,3,87.08,261.24,149.05,112.19
ORD-102678,46094,West,Rachel Green,Electronics,Webcam,Marketplace,3,108.69,326.07,202.09,123.98
ORD-102776,46094,West,Rachel Green,Clothing,Jeans,Marketplace,3,67.74,203.22,109.12,94.1
ORD-102972,46094,South,Mike Davis,Home,Blender,Marketplace,1,92.3,92.3,64.01,28.29
ORD-103011,46094,East,Marcus Reed,Sports,Dumbbells,Online,5,69.65,348.25,209.88,138.37
ORD-103134,46094,West,Tom Nguyen,Electronics,Headphones,Store,2,81.67,163.34,98.44,64.9
ORD-103298,46094,South,Mike Davis,Home,Vacuum,Online,3,173.78,521.34,356.24,165.1
ORD-103403,46094,East,David Lee,Clothing,Jeans,Store,2,74.09,148.18,77.62,70.56
ORD-103525,46094,East,David Lee,Clothing,Sneakers,Store,6,119.92,719.52,423.34,296.18
ORD-103784,46094,West,Tom Nguyen,Electronics,Monitor,Online,2,261.92,523.84,372.19,151.65
ORD-104003,46094,West,Jordan Smith,Clothing,Jacket,Online,1,97.66,97.66,55.06,42.6
ORD-104100,46094,West,Rachel Green,Clothing,Jeans,Marketplace,3,64.45,193.35,97.54,95.81
ORD-104265,46094,East,Sarah Kim,Electronics,Keyboard,Online,2,69.67,139.34,78.9,60.44
ORD-104285,46094,West,Jordan Smith,Home,Blender,Store,6,82.97,497.82,350.55,147.27
ORD-104609,46094,South,Mike Davis,Clothing,Sneakers,Store,6,116.59,699.54,427.51,272.03
ORD-104800,46094,South,Ana Lopez,Clothing,Hoodie,Online,6,61.96,371.76,185.44,186.32
ORD-104921,46094,West,Tom Nguyen,Electronics,Headphones,Store,5,93.01,465.05,296.29,168.76
ORD-104966,46094,North,Emily Chen,Electronics,Monitor,Store,1,262.74,262.74,186.27,76.47
ORD-100149,46095,North,James Wilson,Home,Coffee Maker,Online,1,124.02,124.02,80.36,43.66
ORD-100338,46095,West,Rachel Green,Electronics,Monitor,Marketplace,3,258.26,774.78,550.38,224.4
ORD-100426,46095,South,Chris Brown,Clothing,Jacket,Marketplace,5,97.16,485.8,262.45,223.35
ORD-100513,46095,West,Jordan Smith,Home,Blender,Store,3,81.47,244.41,170.24,74.17
ORD-100692,46095,East,Sarah Kim,Electronics,Headphones,Online,6,85.95,515.7,317.92,197.78
ORD-101001,46095,West,Jordan Smith,Clothing,Jacket,Marketplace,4,94.13,376.52,212.25,164.27
ORD-101475,46095,North,Nina Patel,Sports,Fitness Tracker,Online,4,142.25,569,367.07,201.93
ORD-101553,46095,East,David Lee,Electronics,Headphones,Store,1,98.52,98.52,60.86,37.66
ORD-101578,46095,West,Jordan Smith,Home,Blender,Online,5,86.89,434.45,302.63,131.82
ORD-101643,46095,North,Nina Patel,Electronics,Monitor,Store,6,244.69,1468.14,1029.25,438.89
ORD-101653,46095,North,Emily Chen,Home,Air Fryer,Online,5,152.79,763.95,525.46,238.49
ORD-102569,46095,West,Tom Nguyen,Sports,Running Shoes,Marketplace,1,126.22,126.22,76.97,49.25
ORD-102570,46095,South,Chris Brown,Home,Coffee Maker,Online,1,124.46,124.46,81.97,42.49
ORD-103027,46095,East,Marcus Reed,Home,Coffee Maker,Store,2,128.48,256.96,163.98,92.98
ORD-103431,46095,North,Nina Patel,Sports,Fitness Tracker,Store,2,153.75,307.5,207.96,99.54
ORD-103450,46095,North,Emily Chen,Clothing,Jeans,Store,2,66.33,132.66,69.88,62.78
ORD-103468,46095,West,Tom Nguyen,Electronics,Keyboard,Online,1,65.05,65.05,38.37,26.68
ORD-103637,46095,East,David Lee,Electronics,Keyboard,Store,5,60.42,302.1,176.11,125.99
ORD-103782,46095,East,David Lee,Clothing,Jeans,Marketplace,1,66.49,66.49,34.21,32.28
ORD-103806,46095,West,Rachel Green,Sports,Fitness Tracker,Online,4,144.89,579.56,391.09,188.47
ORD-103825,46095,West,Rachel Green,Home,Vacuum,Online,2,181.68,363.36,249.94,113.42
ORD-103951,46095,West,Tom Nguyen,Clothing,Sneakers,Store,4,106.68,426.72,254.41,172.31
ORD-104006,46095,South,Mike Davis,Home,Vacuum,Store,6,176.59,1059.54,752.76,306.78
ORD-104019,46095,North,Nina Patel,Electronics,Keyboard,Store,5,60.39,301.95,178.76,123.19
ORD-104139,46095,South,Mike Davis,Sports,Yoga Mat,Store,2,43.52,87.04,42.26,44.78
ORD-104177,46095,East,Marcus Reed,Electronics,Keyboard,Online,2,69.46,138.92,79.89,59.03
ORD-104269,46095,South,Ana Lopez,Home,Vacuum,Store,1,171.2,171.2,115.49,55.71
ORD-104384,46095,West,Rachel Green,Clothing,Sneakers,Online,3,101.5,304.5,186.38,118.12
ORD-104566,46095,East,Sarah Kim,Home,Blender,Store,2,93.34,186.68,129.01,57.67
ORD-104803,46095,South,Ana Lopez,Electronics,Keyboard,Store,2,64.1,128.2,72.04,56.16
ORD-100050,46096,West,Tom Nguyen,Sports,Fitness Tracker,Online,6,142.52,855.12,546.1,309.02
ORD-100236,46096,North,James Wilson,Sports,Yoga Mat,Store,6,38.13,228.78,107.83,120.95
ORD-100590,46096,West,Tom Nguyen,Electronics,Headphones,Store,4,95.37,381.48,244.25,137.23
ORD-100667,46096,East,David Lee,Clothing,Jacket,Store,3,91.97,275.91,156.3,119.61
ORD-100688,46096,South,Ana Lopez,Clothing,Hoodie,Marketplace,4,59.14,236.56,113.7,122.86
ORD-100763,46096,West,Tom Nguyen,Clothing,Jeans,Store,4,66.88,267.52,137.33,130.19
ORD-101007,46096,East,Sarah Kim,Sports,Fitness Tracker,Online,6,135.12,810.72,535.5,275.22
ORD-101145,46096,South,Chris Brown,Sports,Running Shoes,Store,5,121.54,607.7,344.27,263.43
ORD-101568,46096,South,Ana Lopez,Sports,Fitness Tracker,Online,6,143.03,858.18,556.39,301.79
ORD-101730,46096,South,Ana Lopez,Clothing,Jacket,Online,5,91.29,456.45,241.35,215.1
ORD-101819,46096,South,Chris Brown,Home,Vacuum,Marketplace,4,174.78,699.12,472.5,226.62
ORD-101910,46096,North,Nina Patel,Electronics,Webcam,Online,3,113.83,341.49,207.1,134.39
ORD-102027,46096,North,James Wilson,Sports,Running Shoes,Online,1,123.43,123.43,74.21,49.22
ORD-102063,46096,West,Rachel Green,Electronics,Webcam,Online,5,114.57,572.85,335.84,237.01
ORD-102436,46096,East,Marcus Reed,Sports,Yoga Mat,Online,3,40.08,120.24,56.69,63.55
ORD-102637,46096,West,Tom Nguyen,Sports,Fitness Tracker,Store,6,134.59,807.54,547,260.54
ORD-102656,46096,East,Sarah Kim,Electronics,Keyboard,Online,1,62.75,62.75,35.84,26.91
ORD-102708,46096,West,Jordan Smith,Home,Coffee Maker,Online,6,124.24,745.44,487.84,257.6
ORD-102825,46096,East,Marcus Reed,Electronics,Monitor,Store,1,256.4,256.4,172.45,83.95
ORD-102966,46096,West,Rachel Green,Home,Coffee Maker,Online,2,110.57,221.14,146.03,75.11
ORD-102991,46096,West,Jordan Smith,Sports,Running Shoes,Store,6,128.81,772.86,443.89,328.97
ORD-103032,46096,West,Jordan Smith,Home,Coffee Maker,Online,1,111.97,111.97,74.29,37.68
ORD-103389,46096,West,Rachel Green,Electronics,Keyboard,Store,3,70.98,212.94,121.54,91.4
ORD-103517,46096,North,Emily Chen,Sports,Running Shoes,Store,3,128.52,385.56,221.95,163.61
ORD-103742,46096,North,Emily Chen,Sports,Dumbbells,Marketplace,3,74.89,224.67,133.53,91.14
ORD-104352,46096,East,David Lee,Electronics,Headphones,Store,5,81.71,408.55,251.48,157.07
ORD-104501,46096,West,Tom Nguyen,Home,Air Fryer,Online,4,159.25,637,423.45,213.55
ORD-104825,46096,East,Sarah Kim,Home,Air Fryer,Marketplace,6,152.2,913.2,625.17,288.03
ORD-104991,46096,West,Tom Nguyen,Electronics,Monitor,Online,5,263.98,1319.9,959.7,360.2
ORD-100132,46097,North,Emily Chen,Home,Coffee Maker,Marketplace,1,122.8,122.8,78.86,43.94
ORD-100145,46097,North,Nina Patel,Clothing,Jeans,Store,4,76.3,305.2,156.71,148.49
ORD-100532,46097,West,Jordan Smith,Home,Blender,Store,4,90.97,363.88,246.08,117.8
ORD-101120,46097,South,Chris Brown,Home,Coffee Maker,Store,2,125.79,251.58,158.79,92.79
ORD-101176,46097,South,Mike Davis,Electronics,Headphones,Store,6,85.16,510.96,309.42,201.54
ORD-101194,46097,West,Jordan Smith,Electronics,Keyboard,Store,4,67.27,269.08,151.27,117.81
ORD-101281,46097,North,Emily Chen,Clothing,Sneakers,Online,4,102.68,410.72,246.54,164.18
ORD-101306,46097,South,Chris Brown,Clothing,Hoodie,Online,2,59.23,118.46,61.33,57.13
ORD-101358,46097,South,Mike Davis,Clothing,Jeans,Online,4,71.11,284.44,149.39,135.05
ORD-101406,46097,East,Sarah Kim,Home,Blender,Marketplace,6,86.61,519.66,345.23,174.43
ORD-101693,46097,North,James Wilson,Clothing,Sneakers,Online,4,100.28,401.12,233.47,167.65
ORD-101716,46097,East,Sarah Kim,Sports,Yoga Mat,Store,5,43.64,218.2,100.99,117.21
ORD-101743,46097,East,Sarah Kim,Electronics,Keyboard,Store,2,68.36,136.72,81.54,55.18
ORD-101799,46097,North,Emily Chen,Home,Vacuum,Store,5,204.11,1020.55,720.12,300.43
ORD-101802,46097,North,Nina Patel,Sports,Running Shoes,Online,5,115.66,578.3,346.73,231.57
ORD-102049,46097,West,Tom Nguyen,Home,Vacuum,Store,3,182.48,547.44,375.69,171.75
ORD-102058,46097,East,Marcus Reed,Electronics,Webcam,Store,6,119.45,716.7,443.16,273.54
ORD-102440,46097,North,Emily Chen,Home,Vacuum,Store,1,202.37,202.37,136.43,65.94
ORD-102575,46097,South,Ana Lopez,Sports,Running Shoes,Online,5,129.44,647.2,392.46,254.74
ORD-103101,46097,West,Rachel Green,Home,Coffee Maker,Online,4,113.79,455.16,295.79,159.37
ORD-103302,46097,East,Sarah Kim,Electronics,Keyboard,Online,3,67.57,202.71,115.97,86.74
ORD-103593,46097,North,James Wilson,Electronics,Monitor,Marketplace,3,239.54,718.62,493.86,224.76
ORD-103666,46097,East,Marcus Reed,Home,Vacuum,Store,2,176.45,352.9,248.92,103.98
ORD-103684,46097,East,Sarah Kim,Sports,Yoga Mat,Store,5,43.21,216.05,99.88,116.17
ORD-103744,46097,South,Mike Davis,Electronics,Webcam,Online,5,108.41,542.05,329.29,212.76
ORD-103879,46097,South,Chris Brown,Sports,Fitness Tracker,Online,4,148.5,594,391.63,202.37
ORD-104055,46097,North,Emily Chen,Clothing,Jacket,Store,6,99.3,595.8,322.25,273.55
ORD-104096,46097,North,James Wilson,Home,Vacuum,Online,2,175.72,351.44,240.74,110.7
ORD-104125,46097,East,Sarah Kim,Sports,Dumbbells,Marketplace,3,74.38,223.14,130.79,92.35
ORD-104202,46097,North,James Wilson,Clothing,Jacket,Store,1,97.99,97.99,52.47,45.52
ORD-104208,46097,West,Jordan Smith,Clothing,Sneakers,Online,4,108.87,435.48,256.44,179.04
ORD-104360,46097,South,Chris Brown,Clothing,Hoodie,Store,5,56.7,283.5,141.79,141.71
ORD-104420,46097,West,Tom Nguyen,Clothing,Jacket,Online,2,95.65,191.3,102.01,89.29
ORD-104523,46097,East,Marcus Reed,Electronics,Keyboard,Online,6,59.65,357.9,199.56,158.34
ORD-104768,46097,South,Mike Davis,Home,Air Fryer,Online,6,144.65,867.9,591.91,275.99
ORD-104982,46097,North,Nina Patel,Electronics,Webcam,Store,6,110.52,663.12,394.45,268.67
ORD-100078,46098,West,Jordan Smith,Home,Blender,Marketplace,6,78.91,473.46,320.62,152.84
ORD-100086,46098,South,Mike Davis,Clothing,Jeans,Store,6,69.69,418.14,221.98,196.16
ORD-100107,46098,East,Marcus Reed,Home,Coffee Maker,Online,3,118.35,355.05,232.33,122.72
ORD-100806,46098,East,Marcus Reed,Clothing,Sneakers,Store,1,107.61,107.61,66.1,41.51
ORD-100832,46098,North,Emily Chen,Home,Air Fryer,Marketplace,5,156.63,783.15,511.03,272.12
ORD-101195,46098,East,Marcus Reed,Electronics,Keyboard,Store,6,63.35,380.1,221.4,158.7
ORD-101282,46098,West,Rachel Green,Home,Coffee Maker,Online,6,127.86,767.16,473.56,293.6
ORD-101415,46098,West,Jordan Smith,Electronics,Monitor,Store,2,250.07,500.14,352.88,147.26
ORD-101780,46098,South,Chris Brown,Sports,Yoga Mat,Online,2,42.37,84.74,39.48,45.26
ORD-102043,46098,West,Tom Nguyen,Electronics,Headphones,Online,3,91.1,273.3,175.64,97.66
ORD-102423,46098,East,David Lee,Electronics,Keyboard,Store,3,60.75,182.25,109.22,73.03
ORD-102563,46098,South,Mike Davis,Electronics,Monitor,Online,4,263.38,1053.52,739.14,314.38
ORD-102624,46098,East,David Lee,Clothing,Jeans,Online,1,76.86,76.86,40.04,36.82
ORD-102941,46098,North,Emily Chen,Electronics,Keyboard,Store,1,60.55,60.55,34.15,26.4
ORD-103451,46098,East,David Lee,Sports,Dumbbells,Online,6,69.44,416.64,258.93,157.71
ORD-103533,46098,East,David Lee,Electronics,Keyboard,Store,6,63.41,380.46,226.77,153.69
ORD-103594,46098,North,Emily Chen,Electronics,Webcam,Online,5,104.44,522.2,302.34,219.86
ORD-103623,46098,West,Tom Nguyen,Home,Blender,Store,3,78.01,234.03,161.9,72.13
ORD-103981,46098,East,Marcus Reed,Clothing,Jacket,Online,4,90.83,363.32,197.96,165.36
ORD-104373,46098,South,Chris Brown,Home,Blender,Online,5,76.93,384.65,260.35,124.3
ORD-104380,46098,South,Mike Davis,Sports,Fitness Tracker,Online,6,138.47,830.82,528.11,302.71
ORD-104687,46098,South,Ana Lopez,Home,Vacuum,Marketplace,2,198.48,396.96,267.26,129.7
ORD-100512,46099,South,Mike Davis,Electronics,Headphones,Store,5,88.23,441.15,278.38,162.77
ORD-100898,46099,West,Rachel Green,Electronics,Webcam,Online,3,117.45,352.35,212.44,139.91
ORD-100934,46099,South,Chris Brown,Electronics,Keyboard,Online,3,60.1,180.3,105.3,75
ORD-101053,46099,East,Sarah Kim,Electronics,Webcam,Marketplace,5,119.36,596.8,352.3,244.5
ORD-101239,46099,South,Ana Lopez,Clothing,Jacket,Online,6,92.14,552.84,315.87,236.97
ORD-101410,46099,East,Marcus Reed,Home,Air Fryer,Store,1,139.99,139.99,96.98,43.01
ORD-101589,46099,North,Emily Chen,Home,Vacuum,Marketplace,5,191.91,959.55,671.43,288.12
ORD-102757,46099,East,David Lee,Electronics,Webcam,Online,2,111.06,222.12,132.2,89.92
ORD-102946,46099,South,Mike Davis,Sports,Fitness Tracker,Store,6,135.77,814.62,542.45,272.17
ORD-103199,46099,South,Ana Lopez,Electronics,Keyboard,Online,5,69.87,349.35,203.48,145.87
ORD-103253,46099,South,Ana Lopez,Sports,Yoga Mat,Store,6,41.35,248.1,117.12,130.98
ORD-103635,46099,South,Mike Davis,Electronics,Headphones,Store,2,87.46,174.92,108.84,66.08
ORD-103642,46099,North,Emily Chen,Clothing,Sneakers,Store,5,120.75,603.75,355.75,248
ORD-103710,46099,South,Mike Davis,Sports,Yoga Mat,Store,6,38.07,228.42,113.64,114.78
ORD-100040,46100,South,Ana Lopez,Home,Vacuum,Store,2,204.25,408.5,289.78,118.72
ORD-100263,46100,East,Sarah Kim,Electronics,Keyboard,Store,3,68.04,204.12,113.96,90.16
ORD-100502,46100,South,Chris Brown,Electronics,Keyboard,Store,6,71.34,428.04,257.62,170.42
ORD-101055,46100,North,James Wilson,Home,Air Fryer,Marketplace,3,136.88,410.64,266.74,143.9
ORD-101112,46100,East,Marcus Reed,Clothing,Jacket,Online,5,95.09,475.45,255.7,219.75
ORD-101461,46100,South,Chris Brown,Clothing,Hoodie,Store,5,62.69,313.45,159.71,153.74
ORD-101842,46100,West,Rachel Green,Home,Vacuum,Store,5,181.55,907.75,607.26,300.49
ORD-102791,46100,West,Rachel Green,Home,Blender,Marketplace,5,91.04,455.2,316.53,138.67
ORD-102944,46100,East,Marcus Reed,Sports,Fitness Tracker,Store,3,138.6,415.8,269.18,146.62
ORD-103126,46100,South,Chris Brown,Electronics,Webcam,Store,5,115.33,576.65,341.7,234.95
ORD-103150,46100,West,Rachel Green,Electronics,Monitor,Online,3,262.22,786.66,569.72,216.94
ORD-103430,46100,North,Emily Chen,Electronics,Keyboard,Marketplace,1,62.17,62.17,36.93,25.24
ORD-103565,46100,East,Marcus Reed,Electronics,Keyboard,Online,5,68.36,341.8,198.92,142.88
ORD-103714,46100,North,James Wilson,Sports,Fitness Tracker,Online,4,145.41,581.64,370.47,211.17
ORD-103786,46100,West,Jordan Smith,Sports,Running Shoes,Store,5,132.75,663.75,393.61,270.14
ORD-104025,46100,East,Sarah Kim,Home,Coffee Maker,Store,3,117.46,352.38,216.74,135.64
ORD-104145,46100,South,Ana Lopez,Sports,Dumbbells,Store,1,79.68,79.68,48.9,30.78
ORD-104298,46100,North,Emily Chen,Electronics,Keyboard,Store,5,62.46,312.3,174.68,137.62
ORD-104451,46100,East,Sarah Kim,Electronics,Keyboard,Online,1,59.21,59.21,34.05,25.16
ORD-104700,46100,South,Chris Brown,Electronics,Webcam,Online,2,116.47,232.94,135.82,97.12
ORD-104727,46100,North,Nina Patel,Electronics,Monitor,Online,6,273.74,1642.44,1191.14,451.3
ORD-104887,46100,West,Rachel Green,Electronics,Monitor,Online,3,249.02,747.06,519.19,227.87
ORD-100012,46101,South,Ana Lopez,Clothing,Hoodie,Online,4,63.77,255.08,124.14,130.94
ORD-100030,46101,East,Sarah Kim,Electronics,Monitor,Store,1,231.09,231.09,161.84,69.25
ORD-100032,46101,West,Rachel Green,Home,Vacuum,Store,2,196.19,392.38,280.61,111.77
ORD-100191,46101,South,Chris Brown,Home,Blender,Marketplace,6,91.05,546.3,362.2,184.1
ORD-100195,46101,East,Marcus Reed,Clothing,Jacket,Store,3,86.26,258.78,141.89,116.89
ORD-100279,46101,West,Rachel Green,Electronics,Monitor,Marketplace,6,225.6,1353.6,967.46,386.14
ORD-100489,46101,West,Tom Nguyen,Electronics,Headphones,Marketplace,6,87.16,522.96,328.36,194.6
ORD-100687,46101,North,Emily Chen,Sports,Fitness Tracker,Online,5,142.65,713.25,468.34,244.91
ORD-100709,46101,East,Marcus Reed,Home,Air Fryer,Online,5,139.77,698.85,467.72,231.13
ORD-100727,46101,East,David Lee,Sports,Yoga Mat,Store,3,39.33,117.99,58.62,59.37
ORD-100910,46101,West,Rachel Green,Home,Air Fryer,Online,3,151.6,454.8,309.64,145.16
ORD-101201,46101,East,David Lee,Clothing,Jeans,Marketplace,6,74.55,447.3,226.81,220.49
ORD-101224,46101,West,Rachel Green,Electronics,Keyboard,Online,3,70.17,210.51,121.66,88.85
ORD-101290,46101,South,Ana Lopez,Home,Blender,Store,5,76.89,384.45,252.62,131.83
ORD-101324,46101,South,Mike Davis,Sports,Dumbbells,Store,1,74.55,74.55,46.76,27.79
ORD-101334,46101,North,Emily Chen,Clothing,Sneakers,Store,4,108.26,433.04,260.83,172.21
ORD-101365,46101,East,David Lee,Sports,Yoga Mat,Store,1,36.82,36.82,17.17,19.65
ORD-101388,46101,West,Tom Nguyen,Home,Blender,Store,6,76.53,459.18,311.94,147.24
ORD-101474,46101,South,Ana Lopez,Sports,Yoga Mat,Marketplace,5,38.77,193.85,93.11,100.74
ORD-101481,46101,South,Chris Brown,Electronics,Webcam,Online,5,103.82,519.1,318.74,200.36
ORD-101713,46101,North,Emily Chen,Electronics,Keyboard,Marketplace,2,67.17,134.34,80.54,53.8
ORD-101931,46101,North,James Wilson,Clothing,Sneakers,Online,4,117.71,470.84,278.89,191.95
ORD-102053,46101,West,Rachel Green,Sports,Yoga Mat,Marketplace,6,43.24,259.44,125.92,133.52
ORD-102123,46101,South,Chris Brown,Clothing,Jacket,Online,2,94.52,189.04,101.79,87.25
ORD-102151,46101,West,Jordan Smith,Home,Air Fryer,Marketplace,4,161.09,644.36,442.16,202.2
ORD-102191,46101,South,Chris Brown,Electronics,Monitor,Online,4,225.77,903.08,638.19,264.89
ORD-102421,46101,South,Chris Brown,Electronics,Monitor,Marketplace,6,267.29,1603.74,1159.58,444.16
ORD-102513,46101,West,Rachel Green,Sports,Fitness Tracker,Store,1,130.13,130.13,87.37,42.76
ORD-102520,46101,West,Jordan Smith,Clothing,Jeans,Online,2,76.43,152.86,81.85,71.01
ORD-102550,46101,South,Ana Lopez,Home,Blender,Online,6,78.05,468.3,319.17,149.13
ORD-102751,46101,East,David Lee,Clothing,Jeans,Online,3,63.06,189.18,96.97,92.21
ORD-103271,46101,East,David Lee,Home,Air Fryer,Online,4,145.12,580.48,383.04,197.44
ORD-103373,46101,East,David Lee,Home,Blender,Store,2,89.49,178.98,125.88,53.1
ORD-103793,46101,North,James Wilson,Electronics,Keyboard,Online,5,69.18,345.9,200.04,145.86
ORD-103928,46101,West,Jordan Smith,Electronics,Monitor,Online,3,254.38,763.14,528.85,234.29
ORD-104236,46101,South,Chris Brown,Clothing,Jeans,Store,1,70.12,70.12,37.53,32.59
ORD-104310,46101,East,David Lee,Home,Coffee Maker,Online,1,125.11,125.11,81.06,44.05
ORD-104635,46101,South,Mike Davis,Sports,Fitness Tracker,Online,5,131.82,659.1,419.04,240.06
ORD-104654,46101,West,Tom Nguyen,Sports,Running Shoes,Store,2,116.37,232.74,132.21,100.53
ORD-100221,46102,East,Marcus Reed,Home,Blender,Store,2,83.17,166.34,110.77,55.57
ORD-100445,46102,West,Rachel Green,Electronics,Keyboard,Store,2,67.03,134.06,77.45,56.61
ORD-100487,46102,West,Tom Nguyen,Sports,Fitness Tracker,Store,5,133.05,665.25,439.27,225.98
ORD-100587,46102,North,James Wilson,Sports,Running Shoes,Store,1,130.7,130.7,79.68,51.02
ORD-100625,46102,North,Emily Chen,Electronics,Webcam,Store,1,102.64,102.64,62.03,40.61
ORD-100803,46102,East,David Lee,Home,Blender,Store,6,77.67,466.02,315.45,150.57
ORD-100959,46102,South,Mike Davis,Clothing,Sneakers,Online,1,117.84,117.84,69.64,48.2
ORD-101111,46102,East,Sarah Kim,Electronics,Keyboard,Store,6,64.06,384.36,217.59,166.77
ORD-101153,46102,East,Marcus Reed,Electronics,Monitor,Online,3,274.02,822.06,571.96,250.1
ORD-101392,46102,South,Mike Davis,Clothing,Sneakers,Online,4,111.68,446.72,271.11,175.61
ORD-101399,46102,North,Emily Chen,Electronics,Keyboard,Online,6,60.07,360.42,201.27,159.15
ORD-101533,46102,West,Jordan Smith,Clothing,Jacket,Store,4,102.53,410.12,225.91,184.21
ORD-101755,46102,South,Ana Lopez,Electronics,Webcam,Marketplace,6,105.08,630.48,382.17,248.31
ORD-102226,46102,West,Rachel Green,Electronics,Headphones,Store,4,82.38,329.52,199.63,129.89
ORD-102714,46102,South,Ana Lopez,Sports,Fitness Tracker,Marketplace,3,139.29,417.87,274.85,143.02
ORD-102790,46102,West,Tom Nguyen,Clothing,Jacket,Store,2,97.32,194.64,108.55,86.09
ORD-103169,46102,East,Marcus Reed,Electronics,Headphones,Marketplace,4,91.21,364.84,230.41,134.43
ORD-103272,46102,East,Sarah Kim,Home,Blender,Online,1,79.3,79.3,55.23,24.07
ORD-103289,46102,South,Mike Davis,Clothing,Jacket,Store,2,94.5,189,105.67,83.33
ORD-103297,46102,North,James Wilson,Electronics,Monitor,Marketplace,6,272.88,1637.28,1145.67,491.61
ORD-103303,46102,West,Rachel Green,Sports,Fitness Tracker,Online,1,130.71,130.71,89.44,41.27
ORD-103422,46102,East,Marcus Reed,Clothing,Hoodie,Online,1,58.68,58.68,30.43,28.25
ORD-104626,46102,West,Rachel Green,Home,Blender,Online,1,81.23,81.23,54.59,26.64
ORD-104815,46102,South,Mike Davis,Clothing,Hoodie,Online,6,64.47,386.82,195.95,190.87
ORD-100020,46103,South,Ana Lopez,Electronics,Headphones,Store,6,95.09,570.54,341.93,228.61
ORD-100063,46103,East,Sarah Kim,Electronics,Keyboard,Store,4,66.69,266.76,159.07,107.69
ORD-100155,46103,North,James Wilson,Electronics,Monitor,Marketplace,6,267.17,1603.02,1165.04,437.98
ORD-100181,46103,North,Emily Chen,Home,Coffee Maker,Store,6,127.35,764.1,476.13,287.97
ORD-100403,46103,South,Mike Davis,Electronics,Webcam,Online,4,119.31,477.24,281.48,195.76
ORD-100492,46103,East,Sarah Kim,Clothing,Sneakers,Online,2,99.89,199.78,118.57,81.21
ORD-100503,46103,West,Jordan Smith,Clothing,Hoodie,Store,2,63.18,126.36,63.29,63.07
ORD-100741,46103,North,James Wilson,Electronics,Headphones,Online,5,96.59,482.95,287.99,194.96
ORD-100902,46103,North,Nina Patel,Clothing,Hoodie,Marketplace,1,65.42,65.42,31.8,33.62
ORD-101327,46103,East,David Lee,Home,Blender,Marketplace,1,86.03,86.03,58.05,27.98
ORD-101733,46103,West,Jordan Smith,Electronics,Headphones,Online,4,96.68,386.72,240.07,146.65
ORD-101879,46103,East,Marcus Reed,Home,Coffee Maker,Store,2,126.64,253.28,160.77,92.51
ORD-102046,46103,South,Mike Davis,Clothing,Hoodie,Store,4,60.94,243.76,123.73,120.03
ORD-102583,46103,West,Tom Nguyen,Home,Vacuum,Online,3,208.56,625.68,445.27,180.41
ORD-102812,46103,South,Ana Lopez,Electronics,Monitor,Marketplace,1,253.47,253.47,173.34,80.13
ORD-103057,46103,East,Sarah Kim,Home,Air Fryer,Online,2,144.38,288.76,199.28,89.48
ORD-103114,46103,West,Tom Nguyen,Sports,Yoga Mat,Online,3,42.67,128.01,62.48,65.53
ORD-103265,46103,South,Chris Brown,Home,Air Fryer,Online,3,144.98,434.94,289.44,145.5
ORD-103434,46103,West,Tom Nguyen,Home,Air Fryer,Online,4,135.93,543.72,373.31,170.41
ORD-103569,46103,East,David Lee,Clothing,Jacket,Online,5,95.51,477.55,265.32,212.23
ORD-103716,46103,West,Rachel Green,Electronics,Monitor,Store,4,263.18,1052.72,726.28,326.44
ORD-103718,46103,South,Mike Davis,Electronics,Keyboard,Online,1,59.49,59.49,34.68,24.81
ORD-103994,46103,West,Rachel Green,Clothing,Hoodie,Store,2,55.13,110.26,53.82,56.44
ORD-104106,46103,North,Emily Chen,Home,Air Fryer,Online,6,151.51,909.06,586.21,322.85
ORD-104158,46103,South,Mike Davis,Electronics,Monitor,Store,4,270.21,1080.84,769.7,311.14
ORD-104440,46103,North,James Wilson,Electronics,Headphones,Store,4,93.45,373.8,229,144.8
ORD-104577,46103,East,David Lee,Clothing,Jeans,Store,2,66.45,132.9,70.11,62.79
ORD-104619,46103,East,Sarah Kim,Clothing,Jeans,Online,2,70.79,141.58,74.78,66.8
ORD-104696,46103,North,Nina Patel,Electronics,Monitor,Store,3,260.19,780.57,545.8,234.77
ORD-104779,46103,South,Ana Lopez,Electronics,Headphones,Store,3,81.73,245.19,150.97,94.22
ORD-100064,46104,South,Mike Davis,Electronics,Headphones,Store,2,98.64,197.28,123.41,73.87
ORD-100096,46104,West,Jordan Smith,Sports,Running Shoes,Online,2,115.92,231.84,137.6,94.24
ORD-100099,46104,West,Tom Nguyen,Clothing,Jeans,Online,4,75.56,302.24,153.83,148.41
ORD-100138,46104,South,Ana Lopez,Home,Coffee Maker,Online,1,130.85,130.85,83.62,47.23
ORD-100290,46104,North,Emily Chen,Home,Vacuum,Online,5,191.16,955.8,664.44,291.36
ORD-100641,46104,South,Ana Lopez,Sports,Running Shoes,Marketplace,2,119.51,239.02,144.13,94.89
ORD-100790,46104,North,Nina Patel,Sports,Fitness Tracker,Online,2,152.73,305.46,206.61,98.85
ORD-101012,46104,East,Marcus Reed,Sports,Fitness Tracker,Marketplace,5,148.26,741.3,477.84,263.46
ORD-101628,46104,North,Emily Chen,Home,Vacuum,Online,5,204.1,1020.5,714.27,306.23
ORD-101758,46104,East,Sarah Kim,Home,Vacuum,Online,6,196.4,1178.4,805.06,373.34
ORD-101950,46104,East,Sarah Kim,Sports,Fitness Tracker,Store,4,128.74,514.96,338.73,176.23
ORD-102102,46104,South,Ana Lopez,Clothing,Hoodie,Store,2,65,130,63.36,66.64
ORD-102204,46104,South,Mike Davis,Electronics,Monitor,Online,4,269.02,1076.08,766.62,309.46
ORD-102752,46104,West,Tom Nguyen,Electronics,Keyboard,Store,4,66.94,267.76,153.17,114.59
ORD-102895,46104,West,Rachel Green,Clothing,Jacket,Online,1,101.64,101.64,56.76,44.88
ORD-102900,46104,East,Sarah Kim,Electronics,Keyboard,Marketplace,2,71.5,143,80.58,62.42
ORD-103340,46104,South,Ana Lopez,Home,Blender,Online,6,81.88,491.28,339.47,151.81
ORD-103376,46104,East,Marcus Reed,Electronics,Webcam,Online,2,107.95,215.9,131.79,84.11
ORD-103532,46104,South,Ana Lopez,Electronics,Keyboard,Online,5,61.66,308.3,178.53,129.77
ORD-103622,46104,South,Chris Brown,Sports,Running Shoes,Online,2,132.01,264.02,153.89,110.13
ORD-103674,46104,North,Emily Chen,Clothing,Hoodie,Online,4,57.95,231.8,116.78,115.02
ORD-104128,46104,South,Ana Lopez,Home,Blender,Online,1,88.41,88.41,59.96,28.45
ORD-104366,46104,East,David Lee,Home,Air Fryer,Online,2,142.03,284.06,193.55,90.51
ORD-104560,46104,West,Jordan Smith,Electronics,Webcam,Marketplace,2,109.05,218.1,134.36,83.74
ORD-104708,46104,East,Marcus Reed,Home,Blender,Store,4,89.05,356.2,234.88,121.32
ORD-100112,46105,West,Rachel Green,Sports,Dumbbells,Marketplace,2,74.32,148.64,91.42,57.22
ORD-100622,46105,South,Chris Brown,Sports,Running Shoes,Online,2,128.9,257.8,146.65,111.15
ORD-100775,46105,North,Emily Chen,Home,Vacuum,Store,3,171.23,513.69,366.71,146.98
ORD-100833,46105,East,David Lee,Clothing,Jeans,Store,2,74.09,148.18,78.11,70.07
ORD-100911,46105,East,Marcus Reed,Sports,Dumbbells,Online,5,70.57,352.85,211.73,141.12
ORD-101212,46105,North,James Wilson,Sports,Yoga Mat,Online,1,42.62,42.62,20.54,22.08
ORD-101240,46105,East,Sarah Kim,Clothing,Jacket,Store,5,100.25,501.25,279.96,221.29
ORD-101359,46105,East,David Lee,Clothing,Jacket,Store,1,93.79,93.79,50.55,43.24
ORD-101431,46105,South,Chris Brown,Electronics,Headphones,Marketplace,1,82.86,82.86,51.93,30.93
ORD-101857,46105,East,David Lee,Sports,Dumbbells,Marketplace,3,72.82,218.46,136.88,81.58
ORD-102227,46105,East,Marcus Reed,Sports,Yoga Mat,Online,4,38.29,153.16,71.38,81.78
ORD-102610,46105,North,James Wilson,Clothing,Hoodie,Online,3,55.96,167.88,85.15,82.73
ORD-102955,46105,North,James Wilson,Clothing,Jacket,Store,5,100.31,501.55,266.35,235.2
ORD-103343,46105,South,Mike Davis,Home,Blender,Online,4,83.14,332.56,223.4,109.16
ORD-103554,46105,South,Chris Brown,Home,Coffee Maker,Marketplace,6,110.09,660.54,421.41,239.13
ORD-103756,46105,North,Emily Chen,Electronics,Headphones,Online,6,88.51,531.06,322.95,208.11
ORD-103973,46105,South,Ana Lopez,Clothing,Jeans,Store,3,69.8,209.4,110.31,99.09
ORD-104046,46105,South,Mike Davis,Home,Air Fryer,Online,2,155.28,310.56,204.62,105.94
ORD-104605,46105,East,Sarah Kim,Electronics,Keyboard,Store,2,59.16,118.32,68.73,49.59
ORD-100068,46106,North,James Wilson,Home,Blender,Online,1,81.23,81.23,54.37,26.86
ORD-100177,46106,South,Mike Davis,Electronics,Webcam,Online,1,108.3,108.3,63.3,45
ORD-100180,46106,East,David Lee,Sports,Fitness Tracker,Store,5,140.73,703.65,482.86,220.79
ORD-100409,46106,North,James Wilson,Clothing,Jacket,Online,3,95.48,286.44,155.24,131.2
ORD-100471,46106,South,Ana Lopez,Clothing,Jeans,Store,3,76.53,229.59,121.83,107.76
ORD-100674,46106,South,Mike Davis,Sports,Dumbbells,Online,4,72.67,290.68,178.6,112.08
ORD-100782,46106,South,Mike Davis,Electronics,Monitor,Online,4,272.22,1088.88,744.39,344.49
ORD-100861,46106,West,Jordan Smith,Electronics,Keyboard,Marketplace,6,69.82,418.92,236.2,182.72
ORD-100891,46106,North,Nina Patel,Sports,Fitness Tracker,Online,2,128.1,256.2,168.02,88.18
ORD-100963,46106,West,Rachel Green,Electronics,Webcam,Store,4,106.3,425.2,257.13,168.07
ORD-100990,46106,North,James Wilson,Electronics,Monitor,Marketplace,2,240.45,480.9,349.42,131.48
ORD-101511,46106,South,Ana Lopez,Home,Coffee Maker,Store,3,124.26,372.78,243.8,128.98
ORD-101625,46106,West,Tom Nguyen,Electronics,Keyboard,Online,3,70.98,212.94,119.18,93.76
ORD-101934,46106,East,Sarah Kim,Sports,Yoga Mat,Store,4,41.98,167.92,83.2,84.72
ORD-102011,46106,South,Chris Brown,Home,Blender,Store,4,83.21,332.84,222.18,110.66
ORD-102030,46106,West,Jordan Smith,Electronics,Webcam,Marketplace,5,100.08,500.4,293.59,206.81
ORD-102385,46106,South,Ana Lopez,Electronics,Keyboard,Store,5,60.45,302.25,180.47,121.78
ORD-102537,46106,East,Marcus Reed,Home,Coffee Maker,Online,5,129.28,646.4,405.19,241.21
ORD-102603,46106,West,Jordan Smith,Clothing,Sneakers,Online,1,104.2,104.2,63.38,40.82
ORD-103093,46106,North,Emily Chen,Sports,Running Shoes,Store,1,134.33,134.33,81.09,53.24
ORD-103224,46106,North,James Wilson,Electronics,Keyboard,Online,4,64.08,256.32,145.55,110.77
ORD-103341,46106,West,Tom Nguyen,Electronics,Keyboard,Marketplace,1,59.07,59.07,34.75,24.32
ORD-103353,46106,West,Tom Nguyen,Home,Coffee Maker,Store,6,122.06,732.36,459.34,273.02
ORD-103640,46106,West,Rachel Green,Electronics,Headphones,Online,2,82.9,165.8,102.98,62.82
ORD-103734,46106,West,Jordan Smith,Clothing,Sneakers,Online,3,106.14,318.42,186.53,131.89
ORD-104181,46106,West,Rachel Green,Sports,Running Shoes,Store,4,131.73,526.92,305.9,221.02
ORD-104378,46106,West,Jordan Smith,Electronics,Monitor,Store,6,225.14,1350.84,976.87,373.97
ORD-104475,46106,East,David Lee,Clothing,Jacket,Online,5,104.08,520.4,280.67,239.73
ORD-104540,46106,East,David Lee,Sports,Yoga Mat,Store,2,42.31,84.62,41.72,42.9
ORD-104669,46106,East,David Lee,Electronics,Keyboard,Store,2,70.63,141.26,80.22,61.04
ORD-104870,46106,East,Sarah Kim,Home,Coffee Maker,Marketplace,5,118.42,592.1,370.91,221.19
ORD-104941,46106,West,Rachel Green,Electronics,Monitor,Online,5,256.74,1283.7,912.9,370.8
ORD-105000,46106,North,Emily Chen,Clothing,Jacket,Store,6,90.71,544.26,294.11,250.15
ORD-100108,46107,East,Marcus Reed,Home,Air Fryer,Store,2,155.5,311,203.84,107.16
ORD-100173,46107,East,Sarah Kim,Clothing,Sneakers,Online,3,108.21,324.63,198.8,125.83
ORD-100321,46107,East,Sarah Kim,Home,Air Fryer,Online,2,140.91,281.82,185.22,96.6
ORD-100413,46107,East,David Lee,Electronics,Monitor,Online,6,231.34,1388.04,944.15,443.89
ORD-100442,46107,South,Ana Lopez,Sports,Dumbbells,Marketplace,6,80.25,481.5,304.63,176.87
ORD-100462,46107,South,Mike Davis,Home,Blender,Online,3,85.31,255.93,168.46,87.47
ORD-100980,46107,East,David Lee,Home,Vacuum,Online,2,179.17,358.34,239.59,118.75
ORD-101129,46107,East,David Lee,Sports,Fitness Tracker,Online,2,143.46,286.92,196.11,90.81
ORD-101430,46107,North,Emily Chen,Electronics,Monitor,Marketplace,3,234.05,702.15,484.38,217.77
ORD-101479,46107,South,Ana Lopez,Home,Coffee Maker,Online,5,119.81,599.05,385.24,213.81
ORD-101627,46107,South,Ana Lopez,Home,Vacuum,Online,2,197.83,395.66,265.76,129.9
ORD-102189,46107,East,Marcus Reed,Home,Coffee Maker,Store,1,122.59,122.59,77.37,45.22
ORD-102434,46107,South,Mike Davis,Home,Coffee Maker,Store,3,131.14,393.42,244.68,148.74
ORD-102568,46107,West,Rachel Green,Clothing,Hoodie,Marketplace,2,65.04,130.08,67.05,63.03
ORD-102585,46107,North,James Wilson,Clothing,Sneakers,Online,4,107.75,431,256.7,174.3
ORD-102595,46107,North,Nina Patel,Clothing,Jacket,Marketplace,5,100.2,501,270.78,230.22
ORD-102601,46107,North,Nina Patel,Electronics,Webcam,Online,1,106.82,106.82,65.81,41.01
ORD-102731,46107,North,Emily Chen,Clothing,Jeans,Online,3,64,192,101.26,90.74
ORD-102924,46107,South,Ana Lopez,Home,Coffee Maker,Store,1,125.32,125.32,78.43,46.89
ORD-103269,46107,East,Sarah Kim,Sports,Dumbbells,Store,3,81.77,245.31,147.99,97.32
ORD-103370,46107,East,David Lee,Clothing,Hoodie,Store,2,56.87,113.74,56.43,57.31
ORD-103851,46107,East,Marcus Reed,Clothing,Sneakers,Online,1,113.49,113.49,69.6,43.89
ORD-104331,46107,West,Rachel Green,Home,Vacuum,Online,4,206.1,824.4,553.62,270.78
ORD-104443,46107,South,Chris Brown,Electronics,Keyboard,Online,6,67.16,402.96,242.9,160.06
ORD-104445,46107,East,Sarah Kim,Sports,Yoga Mat,Marketplace,1,41.31,41.31,20.48,20.83
ORD-104573,46107,East,David Lee,Sports,Dumbbells,Online,5,79.49,397.45,243.56,153.89
ORD-104786,46107,East,Sarah Kim,Clothing,Jacket,Store,5,95.53,477.65,257.25,220.4
ORD-104805,46107,East,David Lee,Sports,Fitness Tracker,Store,1,137.58,137.58,93.78,43.8
ORD-104994,46107,North,Nina Patel,Electronics,Keyboard,Store,2,62.56,125.12,70.71,54.41
ORD-100172,46108,North,James Wilson,Clothing,Jacket,Store,4,101.24,404.96,226.48,178.48
ORD-100183,46108,North,Emily Chen,Electronics,Webcam,Marketplace,1,111.97,111.97,66.42,45.55
ORD-100209,46108,North,Emily Chen,Sports,Fitness Tracker,Store,3,141.13,423.39,272.35,151.04
ORD-100224,46108,West,Tom Nguyen,Sports,Running Shoes,Store,5,114.53,572.65,324.78,247.87
ORD-100840,46108,East,Sarah Kim,Home,Air Fryer,Online,4,156.37,625.48,411.73,213.75
ORD-101079,46108,East,David Lee,Electronics,Keyboard,Marketplace,1,67.23,67.23,38.36,28.87
ORD-101128,46108,South,Ana Lopez,Sports,Dumbbells,Online,1,73.25,73.25,45.24,28.01
ORD-101438,46108,West,Jordan Smith,Home,Vacuum,Online,5,192.75,963.75,687.56,276.19
ORD-101455,46108,South,Mike Davis,Sports,Dumbbells,Online,4,68.24,272.96,160.44,112.52
ORD-101621,46108,East,David Lee,Home,Coffee Maker,Store,2,120.4,240.8,157.02,83.78
ORD-101836,46108,North,James Wilson,Sports,Running Shoes,Store,1,130.27,130.27,79.76,50.51
ORD-101906,46108,East,David Lee,Sports,Yoga Mat,Online,5,36.93,184.65,85.77,98.88
ORD-102277,46108,West,Rachel Green,Home,Air Fryer,Marketplace,1,152.31,152.31,103.95,48.36
ORD-102358,46108,West,Rachel Green,Electronics,Webcam,Store,1,108.81,108.81,66.82,41.99
ORD-102413,46108,East,David Lee,Clothing,Jacket,Online,6,100.44,602.64,322.33,280.31
ORD-102417,46108,West,Tom Nguyen,Clothing,Hoodie,Online,3,55.67,167.01,80.17,86.84
ORD-102591,46108,East,David Lee,Electronics,Headphones,Marketplace,3,84.15,252.45,154.06,98.39
ORD-102820,46108,South,Chris Brown,Clothing,Hoodie,Marketplace,4,58.08,232.32,114.12,118.2
ORD-103251,46108,South,Chris Brown,Home,Vacuum,Online,3,192.39,577.17,393.73,183.44
ORD-103333,46108,North,James Wilson,Sports,Yoga Mat,Online,1,43.01,43.01,20.03,22.98
ORD-103419,46108,West,Jordan Smith,Sports,Dumbbells,Marketplace,3,75.43,226.29,139.56,86.73
ORD-103444,46108,South,Mike Davis,Home,Blender,Store,5,80.1,400.5,269.21,131.29
ORD-103629,46108,South,Ana Lopez,Home,Blender,Online,4,91.83,367.32,247.25,120.07
ORD-103898,46108,East,David Lee,Clothing,Jacket,Online,3,90.06,270.18,148.92,121.26
ORD-103946,46108,South,Mike Davis,Electronics,Keyboard,Online,1,63.46,63.46,36.94,26.52
ORD-104195,46108,West,Jordan Smith,Clothing,Jeans,Online,5,76.13,380.65,201.17,179.48
ORD-104565,46108,West,Tom Nguyen,Electronics,Headphones,Online,3,84.6,253.8,163.49,90.31
ORD-104600,46108,West,Rachel Green,Electronics,Webcam,Store,4,108.38,433.52,259.68,173.84
ORD-104840,46108,North,Emily Chen,Clothing,Sneakers,Online,3,101.65,304.95,184.38,120.57
ORD-104948,46108,South,Mike Davis,Electronics,Keyboard,Marketplace,6,61.78,370.68,220.18,150.5
ORD-100038,46109,East,David Lee,Sports,Dumbbells,Online,2,81.31,162.62,96.54,66.08
ORD-100057,46109,South,Ana Lopez,Electronics,Headphones,Store,3,86.32,258.96,160.02,98.94
ORD-100111,46109,South,Mike Davis,Clothing,Jeans,Online,6,74.95,449.7,236.07,213.63
ORD-100319,46109,East,Marcus Reed,Electronics,Headphones,Online,4,92.8,371.2,222.67,148.53
ORD-100446,46109,East,David Lee,Clothing,Hoodie,Online,2,55.95,111.9,55.2,56.7
ORD-100802,46109,North,James Wilson,Clothing,Jeans,Store,1,67.02,67.02,35.27,31.75
ORD-100842,46109,West,Rachel Green,Electronics,Headphones,Store,6,90.32,541.92,345.33,196.59
ORD-101488,46109,South,Mike Davis,Electronics,Headphones,Store,1,86.57,86.57,55.67,30.9
ORD-101999,46109,West,Rachel Green,Sports,Running Shoes,Store,2,112.52,225.04,133.39,91.65
ORD-102062,46109,North,Emily Chen,Clothing,Hoodie,Store,3,63.66,190.98,98.37,92.61
ORD-102673,46109,North,Emily Chen,Home,Air Fryer,Marketplace,2,158.97,317.94,212.91,105.03
ORD-102723,46109,South,Mike Davis,Clothing,Jacket,Online,2,91.54,183.08,100.25,82.83
ORD-102826,46109,North,Emily Chen,Electronics,Monitor,Online,1,267.35,267.35,190.15,77.2
ORD-102859,46109,South,Ana Lopez,Clothing,Jacket,Online,1,101.84,101.84,55.4,46.44
ORD-103240,46109,North,Nina Patel,Electronics,Webcam,Online,3,111.68,335.04,203.96,131.08
ORD-103335,46109,West,Jordan Smith,Clothing,Jeans,Store,1,73.12,73.12,36.54,36.58
ORD-103472,46109,East,Marcus Reed,Clothing,Jacket,Online,5,92.05,460.25,243.57,216.68
ORD-103735,46109,West,Tom Nguyen,Electronics,Headphones,Online,1,89.3,89.3,53.23,36.07
ORD-103768,46109,South,Mike Davis,Electronics,Keyboard,Marketplace,5,68.31,341.55,195.15,146.4
ORD-104491,46109,South,Mike Davis,Sports,Dumbbells,Online,1,76.81,76.81,46.25,30.56
ORD-104586,46109,North,Emily Chen,Electronics,Monitor,Store,1,232.85,232.85,158.22,74.63
ORD-104691,46109,West,Tom Nguyen,Home,Coffee Maker,Online,4,130.38,521.52,327.49,194.03
ORD-104728,46109,South,Ana Lopez,Electronics,Webcam,Marketplace,3,99.25,297.75,175.66,122.09
ORD-104836,46109,North,James Wilson,Clothing,Jeans,Online,1,76.93,76.93,39.73,37.2
ORD-104917,46109,West,Jordan Smith,Sports,Running Shoes,Online,5,118.27,591.35,347.38,243.97
ORD-100312,46110,East,Marcus Reed,Sports,Yoga Mat,Marketplace,5,42.71,213.55,99.57,113.98
ORD-100557,46110,South,Ana Lopez,Sports,Fitness Tracker,Online,4,137.2,548.8,351.59,197.21
ORD-100581,46110,South,Chris Brown,Electronics,Monitor,Online,4,264.46,1057.84,727.53,330.31
ORD-101008,46110,West,Rachel Green,Electronics,Keyboard,Online,3,60.13,180.39,103.65,76.74
ORD-101047,46110,West,Tom Nguyen,Clothing,Jeans,Marketplace,3,69,207,105.72,101.28
ORD-101179,46110,East,Sarah Kim,Home,Blender,Online,1,78.85,78.85,54.61,24.24
ORD-101745,46110,East,Sarah Kim,Sports,Dumbbells,Store,1,80.47,80.47,49.08,31.39
ORD-101841,46110,South,Mike Davis,Home,Coffee Maker,Marketplace,6,128.38,770.28,485.97,284.31
ORD-102215,46110,East,David Lee,Clothing,Sneakers,Online,6,120.92,725.52,424.04,301.48
ORD-102577,46110,West,Rachel Green,Home,Vacuum,Store,1,194.87,194.87,138.43,56.44
ORD-102579,46110,South,Mike Davis,Clothing,Jeans,Marketplace,4,66.68,266.72,144.13,122.59
ORD-102802,46110,East,Marcus Reed,Electronics,Webcam,Store,1,109.78,109.78,65.01,44.77
ORD-102998,46110,West,Jordan Smith,Clothing,Jeans,Store,6,68.23,409.38,215.32,194.06
ORD-103296,46110,South,Ana Lopez,Electronics,Monitor,Store,1,263.99,263.99,191.32,72.67
ORD-103368,46110,West,Rachel Green,Sports,Yoga Mat,Store,5,36.38,181.9,89.66,92.24
ORD-103490,46110,North,Nina Patel,Clothing,Jeans,Online,2,75.88,151.76,80.88,70.88
ORD-103502,46110,West,Rachel Green,Home,Coffee Maker,Store,5,129.26,646.3,422.27,224.03
ORD-103696,46110,South,Chris Brown,Sports,Fitness Tracker,Store,3,152.73,458.19,293.31,164.88
ORD-103956,46110,West,Jordan Smith,Home,Vacuum,Store,6,180.93,1085.58,773.01,312.57
ORD-104037,46110,East,Sarah Kim,Sports,Running Shoes,Store,6,116.85,701.1,405.55,295.55
ORD-104109,46110,East,Marcus Reed,Clothing,Sneakers,Store,4,111.95,447.8,273.49,174.31
ORD-104268,46110,South,Chris Brown,Clothing,Hoodie,Online,4,64.94,259.76,131.84,127.92
ORD-104462,46110,East,Sarah Kim,Sports,Dumbbells,Marketplace,6,75.81,454.86,287.13,167.73
ORD-104978,46110,East,Marcus Reed,Sports,Yoga Mat,Online,4,41.97,167.88,82.29,85.59
ORD-100053,46111,North,James Wilson,Clothing,Jacket,Online,5,102.57,512.85,287.99,224.86
ORD-100373,46111,East,Sarah Kim,Clothing,Hoodie,Store,2,58.21,116.42,60.01,56.41
ORD-100561,46111,West,Rachel Green,Home,Coffee Maker,Online,6,121.44,728.64,467.7,260.94
ORD-100580,46111,West,Tom Nguyen,Sports,Yoga Mat,Marketplace,2,39.16,78.32,38.5,39.82
ORD-100588,46111,North,James Wilson,Sports,Fitness Tracker,Store,5,147.5,737.5,477.71,259.79
ORD-100594,46111,North,James Wilson,Home,Air Fryer,Online,4,162.23,648.92,419.86,229.06
ORD-100949,46111,South,Mike Davis,Sports,Yoga Mat,Online,3,42.55,127.65,59.83,67.82
ORD-101025,46111,East,David Lee,Home,Coffee Maker,Store,4,123.59,494.36,312.81,181.55
ORD-101252,46111,North,Emily Chen,Electronics,Webcam,Online,4,104.94,419.76,255.19,164.57
ORD-101325,46111,West,Jordan Smith,Electronics,Keyboard,Marketplace,5,66.58,332.9,194.64,138.26
ORD-101445,46111,North,Nina Patel,Home,Coffee Maker,Online,2,128.66,257.32,158.24,99.08
ORD-101503,46111,East,Marcus Reed,Electronics,Monitor,Store,4,272.6,1090.4,788.1,302.3
ORD-101565,46111,East,David Lee,Home,Vacuum,Online,6,199.76,1198.56,854.99,343.57
ORD-101683,46111,East,Sarah Kim,Electronics,Keyboard,Online,3,70.83,212.49,118.76,93.73
ORD-101903,46111,North,Emily Chen,Home,Vacuum,Store,2,172.56,345.12,232.35,112.77
ORD-101992,46111,South,Mike Davis,Sports,Fitness Tracker,Online,5,145.78,728.9,469.8,259.1
ORD-102203,46111,East,Sarah Kim,Home,Vacuum,Online,5,171.36,856.8,598.76,258.04
ORD-102366,46111,East,Sarah Kim,Home,Vacuum,Online,2,199.68,399.36,272.42,126.94
ORD-102717,46111,South,Ana Lopez,Electronics,Webcam,Store,3,105.61,316.83,185.26,131.57
ORD-102822,46111,North,James Wilson,Clothing,Sneakers,Store,1,103.63,103.63,64.18,39.45
ORD-102882,46111,South,Mike Davis,Home,Air Fryer,Marketplace,5,154.8,774,515.15,258.85
ORD-102975,46111,West,Jordan Smith,Home,Air Fryer,Store,1,153.04,153.04,102.42,50.62
ORD-103020,46111,West,Tom Nguyen,Home,Air Fryer,Marketplace,1,138.39,138.39,96.2,42.19
ORD-103601,46111,West,Rachel Green,Clothing,Jeans,Store,4,65.01,260.04,133.97,126.07
ORD-103647,46111,South,Ana Lopez,Electronics,Keyboard,Marketplace,1,66,66,37.42,28.58
ORD-103920,46111,North,Nina Patel,Clothing,Jacket,Online,2,95.56,191.12,101.79,89.33
ORD-104043,46111,West,Tom Nguyen,Electronics,Webcam,Marketplace,4,108.81,435.24,262.81,172.43
ORD-104467,46111,North,James Wilson,Home,Blender,Online,5,92.57,462.85,307.64,155.21
ORD-104524,46111,East,Marcus Reed,Home,Coffee Maker,Online,2,114.97,229.94,151.73,78.21
ORD-104625,46111,East,Marcus Reed,Electronics,Headphones,Online,3,85.38,256.14,153.83,102.31
ORD-104936,46111,West,Jordan Smith,Sports,Dumbbells,Store,6,81.58,489.48,301.32,188.16
ORD-100623,46112,South,Chris Brown,Sports,Running Shoes,Store,2,131.04,262.08,151.45,110.63
ORD-100631,46112,East,David Lee,Clothing,Jacket,Online,1,100.23,100.23,55.28,44.95
ORD-100761,46112,South,Mike Davis,Sports,Dumbbells,Online,1,69.7,69.7,42.86,26.84
ORD-101091,46112,South,Ana Lopez,Sports,Running Shoes,Online,4,112.56,450.24,265.58,184.66
ORD-101385,46112,East,Sarah Kim,Home,Blender,Store,2,77.49,154.98,105.81,49.17
ORD-101484,46112,East,David Lee,Sports,Dumbbells,Online,5,77.03,385.15,236.85,148.3
ORD-101636,46112,West,Rachel Green,Electronics,Monitor,Store,5,266.87,1334.35,968.45,365.9
ORD-101742,46112,East,Sarah Kim,Electronics,Monitor,Online,4,229.28,917.12,635.95,281.17
ORD-101866,46112,East,Sarah Kim,Clothing,Hoodie,Store,3,57.65,172.95,89.53,83.42
ORD-102272,46112,East,Sarah Kim,Home,Blender,Online,1,90.79,90.79,63.95,26.84
ORD-102283,46112,South,Ana Lopez,Home,Blender,Online,6,93.16,558.96,365.91,193.05
ORD-102399,46112,East,David Lee,Clothing,Jacket,Store,2,96.12,192.24,105.15,87.09
ORD-102491,46112,East,Sarah Kim,Electronics,Keyboard,Online,2,69.37,138.74,80.44,58.3
ORD-102555,46112,North,Emily Chen,Home,Air Fryer,Store,2,135.08,270.16,179.27,90.89
ORD-102674,46112,East,David Lee,Home,Air Fryer,Marketplace,4,150.03,600.12,391.06,209.06
ORD-103259,46112,West,Jordan Smith,Electronics,Monitor,Marketplace,3,258.53,775.59,548.88,226.71
ORD-103263,46112,North,Nina Patel,Sports,Dumbbells,Online,1,75.46,75.46,45.07,30.39
ORD-103586,46112,South,Chris Brown,Home,Vacuum,Store,2,190.27,380.54,262.5,118.04
ORD-103707,46112,East,Sarah Kim,Clothing,Jeans,Online,2,71.01,142.02,71.85,70.17
ORD-103868,46112,North,Emily Chen,Sports,Fitness Tracker,Store,5,151.53,757.65,488.16,269.49
ORD-103883,46112,North,Emily Chen,Electronics,Headphones,Store,2,88.29,176.58,105.16,71.42
ORD-103905,46112,South,Ana Lopez,Home,Air Fryer,Store,4,163.34,653.36,449.57,203.79
ORD-103921,46112,South,Ana Lopez,Electronics,Webcam,Online,6,118.7,712.2,427.03,285.17
ORD-103974,46112,South,Mike Davis,Home,Vacuum,Online,2,190.39,380.78,252.43,128.35
ORD-104162,46112,West,Jordan Smith,Electronics,Monitor,Store,4,247.52,990.08,704.96,285.12
ORD-104179,46112,North,Nina Patel,Clothing,Jacket,Online,1,94.64,94.64,52.58,42.06
ORD-104281,46112,East,Sarah Kim,Home,Coffee Maker,Online,1,125.15,125.15,80.08,45.07
ORD-104683,46112,West,Tom Nguyen,Clothing,Hoodie,Marketplace,4,65.18,260.72,131.72,129
ORD-104910,46112,North,James Wilson,Sports,Dumbbells,Online,5,78.08,390.4,243.66,146.74
ORD-104965,46112,North,Nina Patel,Sports,Dumbbells,Online,6,72.26,433.56,273.05,160.51
ORD-100014,46113,North,Nina Patel,Home,Blender,Store,2,82.65,165.3,108.7,56.6
ORD-100739,46113,South,Ana Lopez,Electronics,Webcam,Store,2,112.77,225.54,138.97,86.57
ORD-101006,46113,East,David Lee,Clothing,Sneakers,Marketplace,6,113.52,681.12,398.78,282.34
ORD-101268,46113,South,Ana Lopez,Sports,Dumbbells,Store,1,67.84,67.84,40.73,27.11
ORD-101529,46113,South,Ana Lopez,Sports,Yoga Mat,Store,6,39.26,235.56,109.83,125.73
ORD-101664,46113,North,Emily Chen,Clothing,Jacket,Online,4,96.58,386.32,209.92,176.4
ORD-101754,46113,North,Emily Chen,Electronics,Monitor,Online,5,272.18,1360.9,965.15,395.75
ORD-101768,46113,West,Rachel Green,Electronics,Keyboard,Online,1,60.87,60.87,34.43,26.44
ORD-101823,46113,West,Jordan Smith,Electronics,Webcam,Online,2,107.92,215.84,132.79,83.05
ORD-101859,46113,North,James Wilson,Clothing,Jeans,Store,3,71.47,214.41,115.84,98.57
ORD-101920,46113,West,Jordan Smith,Home,Air Fryer,Online,2,144.8,289.6,188.1,101.5
ORD-102357,46113,South,Ana Lopez,Electronics,Monitor,Store,2,264.68,529.36,384.96,144.4
ORD-102364,46113,North,James Wilson,Sports,Dumbbells,Store,6,72.1,432.6,263.52,169.08
ORD-102454,46113,North,Nina Patel,Electronics,Webcam,Online,3,112.35,337.05,206.18,130.87
ORD-102782,46113,South,Chris Brown,Electronics,Monitor,Store,3,246.77,740.31,500.59,239.72
ORD-103012,46113,West,Rachel Green,Home,Vacuum,Store,3,182.13,546.39,388.21,158.18
ORD-103046,46113,North,Nina Patel,Home,Vacuum,Marketplace,4,200.64,802.56,550.6,251.96
ORD-103295,46113,West,Rachel Green,Home,Blender,Marketplace,4,89.65,358.6,237.96,120.64
ORD-103324,46113,North,Nina Patel,Home,Vacuum,Online,2,190.66,381.32,263.95,117.37
ORD-103523,46113,South,Chris Brown,Sports,Dumbbells,Online,5,70.43,352.15,211.76,140.39
ORD-103562,46113,East,David Lee,Electronics,Webcam,Store,6,99.6,597.6,368.61,228.99
ORD-103899,46113,South,Ana Lopez,Sports,Fitness Tracker,Online,1,137.63,137.63,89.03,48.6
ORD-103968,46113,South,Mike Davis,Electronics,Keyboard,Online,2,62.99,125.98,75.16,50.82
ORD-104503,46113,East,David Lee,Home,Coffee Maker,Store,3,122.23,366.69,236.33,130.36
ORD-104882,46113,East,Sarah Kim,Clothing,Sneakers,Store,3,99.09,297.27,172.23,125.04
ORD-104893,46113,East,Marcus Reed,Electronics,Monitor,Online,3,240.87,722.61,499.85,222.76
ORD-100125,46114,East,Sarah Kim,Clothing,Sneakers,Marketplace,1,107.3,107.3,65.51,41.79
ORD-100299,46114,North,James Wilson,Clothing,Sneakers,Online,3,117.76,353.28,213.19,140.09
ORD-100438,46114,South,Mike Davis,Home,Blender,Marketplace,2,82.86,165.72,112.2,53.52
ORD-100611,46114,North,Nina Patel,Sports,Running Shoes,Online,6,113.55,681.3,398.9,282.4
ORD-101004,46114,North,Nina Patel,Home,Air Fryer,Store,1,152.99,152.99,100.46,52.53
ORD-101181,46114,East,David Lee,Sports,Dumbbells,Store,6,81.97,491.82,310.43,181.39
ORD-101380,46114,West,Jordan Smith,Sports,Yoga Mat,Online,3,43.45,130.35,62.05,68.3
ORD-101496,46114,North,Nina Patel,Electronics,Monitor,Online,3,236.79,710.37,500.17,210.2
ORD-101708,46114,West,Tom Nguyen,Home,Coffee Maker,Marketplace,1,128.28,128.28,83.15,45.13
ORD-101761,46114,North,James Wilson,Electronics,Webcam,Online,3,102.97,308.91,186.65,122.26
ORD-101864,46114,East,David Lee,Clothing,Sneakers,Store,6,112.73,676.38,409.43,266.95
ORD-102017,46114,East,David Lee,Home,Blender,Marketplace,1,76.9,76.9,53.06,23.84
ORD-102113,46114,North,Emily Chen,Sports,Yoga Mat,Store,6,40.46,242.76,118.98,123.78
ORD-102254,46114,South,Mike Davis,Electronics,Monitor,Marketplace,3,228.57,685.71,498.8,186.91
ORD-102367,46114,South,Mike Davis,Sports,Running Shoes,Online,5,125.36,626.8,381.7,245.1
ORD-102481,46114,East,Marcus Reed,Electronics,Webcam,Store,1,100,100,61.93,38.07
ORD-102541,46114,West,Rachel Green,Electronics,Headphones,Store,6,84.98,509.88,313.38,196.5
ORD-102760,46114,North,James Wilson,Electronics,Webcam,Online,4,112.31,449.24,265.45,183.79
ORD-102765,46114,West,Jordan Smith,Electronics,Keyboard,Store,1,61.1,61.1,36.84,24.26
ORD-102990,46114,South,Ana Lopez,Sports,Running Shoes,Store,3,124.07,372.21,212.9,159.31
ORD-103245,46114,East,Sarah Kim,Clothing,Jacket,Online,6,92.88,557.28,310.6,246.68
ORD-103300,46114,East,David Lee,Sports,Fitness Tracker,Online,6,143.13,858.78,560.62,298.16
ORD-103429,46114,West,Tom Nguyen,Electronics,Keyboard,Store,3,65.5,196.5,111.12,85.38
ORD-103693,46114,North,Nina Patel,Electronics,Headphones,Marketplace,5,97.78,488.9,293.69,195.21
ORD-103849,46114,South,Ana Lopez,Clothing,Hoodie,Online,5,56.59,282.95,138.5,144.45
ORD-103949,46114,East,Sarah Kim,Home,Vacuum,Store,6,201.4,1208.4,831.96,376.44
ORD-104102,46114,East,David Lee,Clothing,Sneakers,Online,2,112.55,225.1,135.2,89.9
ORD-104620,46114,West,Tom Nguyen,Sports,Yoga Mat,Store,4,42.53,170.12,78.49,91.63
ORD-100065,46115,South,Mike Davis,Electronics,Headphones,Store,6,84.12,504.72,302.71,202.01
ORD-100076,46115,West,Tom Nguyen,Sports,Dumbbells,Online,5,77.81,389.05,241.22,147.83
ORD-100593,46115,East,David Lee,Electronics,Headphones,Online,5,88.48,442.4,268.8,173.6
ORD-100610,46115,South,Chris Brown,Home,Coffee Maker,Store,3,127.03,381.09,248.91,132.18
ORD-100702,46115,South,Mike Davis,Electronics,Webcam,Store,1,107.52,107.52,66.79,40.73
ORD-100712,46115,West,Rachel Green,Sports,Yoga Mat,Online,6,38.49,230.94,107.84,123.1
ORD-100922,46115,South,Ana Lopez,Clothing,Jacket,Online,2,94.83,189.66,102.42,87.24
ORD-101033,46115,East,David Lee,Electronics,Headphones,Online,2,98.8,197.6,120.58,77.02
ORD-101379,46115,South,Ana Lopez,Electronics,Headphones,Marketplace,3,95.42,286.26,172.7,113.56
ORD-101522,46115,East,Marcus Reed,Electronics,Keyboard,Online,5,69.12,345.6,194.73,150.87
ORD-101585,46115,South,Chris Brown,Home,Vacuum,Store,2,185.24,370.48,246.29,124.19
ORD-101701,46115,North,Emily Chen,Home,Coffee Maker,Online,2,125.15,250.3,161.7,88.6
ORD-101847,46115,East,Sarah Kim,Sports,Dumbbells,Store,1,68.41,68.41,40.32,28.09
ORD-102024,46115,West,Tom Nguyen,Clothing,Hoodie,Online,1,60.63,60.63,30.93,29.7
ORD-102081,46115,West,Tom Nguyen,Sports,Yoga Mat,Store,5,40.22,201.1,97.81,103.29
ORD-102252,46115,South,Mike Davis,Electronics,Monitor,Marketplace,2,244.29,488.58,342.3,146.28
ORD-102406,46115,South,Ana Lopez,Home,Air Fryer,Marketplace,3,144.15,432.45,287.49,144.96
ORD-102524,46115,East,Sarah Kim,Clothing,Sneakers,Online,2,106.49,212.98,127.41,85.57
ORD-102641,46115,North,James Wilson,Home,Coffee Maker,Store,5,116.38,581.9,383.54,198.36
ORD-102743,46115,North,Nina Patel,Electronics,Webcam,Store,4,107.22,428.88,262.43,166.45
ORD-102850,46115,East,David Lee,Clothing,Jeans,Online,5,67.7,338.5,181.69,156.81
ORD-103003,46115,North,Nina Patel,Home,Coffee Maker,Online,6,114.98,689.88,447.48,242.4
ORD-103236,46115,West,Jordan Smith,Electronics,Monitor,Online,2,265.31,530.62,365.69,164.93
ORD-103602,46115,West,Jordan Smith,Home,Blender,Marketplace,1,83.22,83.22,55.77,27.45
ORD-103609,46115,East,Sarah Kim,Clothing,Jacket,Online,3,87.63,262.89,146.5,116.39
ORD-103980,46115,South,Mike Davis,Home,Air Fryer,Online,4,136.92,547.68,357.56,190.12
ORD-104305,46115,South,Ana Lopez,Clothing,Jacket,Online,2,99.72,199.44,109.97,89.47
ORD-104374,46115,West,Jordan Smith,Home,Blender,Online,2,92.4,184.8,122.96,61.84
ORD-104414,46115,North,James Wilson,Electronics,Headphones,Online,5,85.07,425.35,259,166.35
ORD-104647,46115,North,Nina Patel,Electronics,Headphones,Online,1,85.36,85.36,51.04,34.32
ORD-104675,46115,West,Tom Nguyen,Electronics,Webcam,Store,2,111.6,223.2,131.25,91.95
ORD-104945,46115,East,Sarah Kim,Clothing,Sneakers,Store,4,102.89,411.56,243.09,168.47
ORD-100114,46116,North,James Wilson,Electronics,Webcam,Online,1,99.42,99.42,58.06,41.36
ORD-100273,46116,North,James Wilson,Home,Coffee Maker,Store,1,129.43,129.43,79.59,49.84
ORD-100417,46116,South,Ana Lopez,Home,Coffee Maker,Online,1,128.51,128.51,79.18,49.33
ORD-100463,46116,East,Sarah Kim,Sports,Yoga Mat,Online,2,38.58,77.16,38.22,38.94
ORD-100517,46116,West,Tom Nguyen,Clothing,Jeans,Online,5,65.24,326.2,167.19,159.01
ORD-100652,46116,East,Marcus Reed,Clothing,Jeans,Online,6,66.84,401.04,213.77,187.27
ORD-100874,46116,East,David Lee,Sports,Running Shoes,Store,3,122.17,366.51,209.87,156.64
ORD-101155,46116,West,Jordan Smith,Electronics,Keyboard,Online,4,66.01,264.04,148.56,115.48
ORD-101370,46116,West,Jordan Smith,Sports,Yoga Mat,Store,2,42.19,84.38,39.33,45.05
ORD-101527,46116,West,Jordan Smith,Clothing,Jeans,Store,4,75.23,300.92,156.23,144.69
ORD-101592,46116,North,Nina Patel,Electronics,Webcam,Online,2,114.78,229.56,132.51,97.05
ORD-101960,46116,South,Ana Lopez,Electronics,Headphones,Online,4,92.04,368.16,220.75,147.41
ORD-102005,46116,West,Jordan Smith,Home,Coffee Maker,Online,5,119.46,597.3,384.81,212.49
ORD-102125,46116,North,James Wilson,Home,Air Fryer,Marketplace,6,152.29,913.74,608.19,305.55
ORD-102295,46116,North,Nina Patel,Home,Vacuum,Store,2,185.06,370.12,252.27,117.85
ORD-102317,46116,East,Sarah Kim,Clothing,Hoodie,Store,4,59.25,237,119.82,117.18
ORD-102516,46116,West,Tom Nguyen,Electronics,Headphones,Online,5,81.63,408.15,253.78,154.37
ORD-102586,46116,East,Sarah Kim,Home,Blender,Online,5,83.02,415.1,285.67,129.43
ORD-102599,46116,South,Ana Lopez,Home,Blender,Marketplace,5,78.21,391.05,260.05,131
ORD-102699,46116,East,David Lee,Clothing,Sneakers,Online,5,112.42,562.1,345.1,217
ORD-103187,46116,North,Emily Chen,Sports,Fitness Tracker,Online,3,153.1,459.3,313.78,145.52
ORD-103411,46116,West,Tom Nguyen,Sports,Fitness Tracker,Online,2,150.27,300.54,203.72,96.82
ORD-103418,46116,East,David Lee,Sports,Dumbbells,Online,4,72.95,291.8,179.13,112.67
ORD-103457,46116,West,Tom Nguyen,Home,Air Fryer,Marketplace,5,161.13,805.65,518.58,287.07
ORD-103570,46116,West,Tom Nguyen,Home,Vacuum,Store,4,176.19,704.76,468.54,236.22
ORD-104233,46116,East,David Lee,Clothing,Jacket,Store,1,101.46,101.46,54.66,46.8
ORD-104367,46116,South,Ana Lopez,Home,Coffee Maker,Marketplace,3,130.38,391.14,255.63,135.51
ORD-104515,46116,West,Rachel Green,Electronics,Headphones,Store,1,84.21,84.21,51.59,32.62
ORD-104889,46116,East,Marcus Reed,Sports,Fitness Tracker,Marketplace,2,137.76,275.52,182.32,93.2
ORD-104905,46116,West,Jordan Smith,Sports,Fitness Tracker,Store,6,138.6,831.6,539.77,291.83
ORD-104906,46116,West,Jordan Smith,Electronics,Webcam,Online,4,104.53,418.12,248.53,169.59
ORD-100033,46117,West,Rachel Green,Electronics,Keyboard,Store,4,59.88,239.52,134.92,104.6
ORD-100051,46117,East,David Lee,Clothing,Jacket,Store,4,95.43,381.72,214.38,167.34
ORD-100133,46117,East,Sarah Kim,Electronics,Headphones,Store,6,94.23,565.38,344.82,220.56
ORD-100410,46117,North,Emily Chen,Electronics,Webcam,Store,3,119.48,358.44,207.08,151.36
ORD-100485,46117,East,David Lee,Electronics,Monitor,Marketplace,5,226.42,1132.1,807.71,324.39
ORD-100697,46117,South,Chris Brown,Home,Coffee Maker,Online,4,124.33,497.32,315.42,181.9
ORD-100700,46117,South,Mike Davis,Home,Blender,Store,2,91.61,183.22,127.5,55.72
ORD-101098,46117,West,Jordan Smith,Clothing,Jeans,Marketplace,3,63.33,189.99,101.44,88.55
ORD-101143,46117,North,Emily Chen,Electronics,Monitor,Online,3,272.6,817.8,575.18,242.62
ORD-101251,46117,North,Nina Patel,Clothing,Jacket,Online,5,90.02,450.1,243,207.1
ORD-101262,46117,East,Marcus Reed,Sports,Yoga Mat,Store,1,36.72,36.72,17.72,19
ORD-101476,46117,East,Sarah Kim,Electronics,Monitor,Marketplace,3,244.39,733.17,527.39,205.78
ORD-101612,46117,North,Emily Chen,Electronics,Webcam,Store,1,110.04,110.04,63.79,46.25
ORD-101649,46117,East,David Lee,Clothing,Jeans,Marketplace,5,63.69,318.45,164.64,153.81
ORD-101751,46117,East,Sarah Kim,Clothing,Hoodie,Online,1,64.86,64.86,32.96,31.9
ORD-101833,46117,West,Tom Nguyen,Sports,Fitness Tracker,Store,1,129.77,129.77,84.78,44.99
ORD-101882,46117,North,Emily Chen,Electronics,Webcam,Online,6,117.7,706.2,422.71,283.49
ORD-101970,46117,West,Rachel Green,Clothing,Hoodie,Online,4,55.79,223.16,112.73,110.43
ORD-102029,46117,North,Emily Chen,Sports,Yoga Mat,Store,4,43.33,173.32,85.68,87.64
ORD-102052,46117,East,Marcus Reed,Home,Air Fryer,Online,1,164.03,164.03,110.53,53.5
ORD-102382,46117,South,Ana Lopez,Home,Blender,Marketplace,6,78.4,470.4,316.51,153.89
ORD-102446,46117,North,Nina Patel,Electronics,Keyboard,Store,6,63.02,378.12,215.27,162.85
ORD-103042,46117,East,David Lee,Home,Coffee Maker,Store,6,108.16,648.96,400.6,248.36
ORD-103221,46117,West,Rachel Green,Clothing,Sneakers,Online,2,115.1,230.2,135.74,94.46
ORD-103355,46117,West,Rachel Green,Electronics,Headphones,Marketplace,6,86.07,516.42,319.06,197.36
ORD-103550,46117,West,Tom Nguyen,Home,Blender,Online,5,92.16,460.8,305.46,155.34
ORD-103723,46117,East,David Lee,Clothing,Hoodie,Marketplace,2,59.71,119.42,59.51,59.91
ORD-103732,46117,South,Mike Davis,Home,Air Fryer,Online,6,163.04,978.24,650.57,327.67
ORD-103801,46117,South,Ana Lopez,Sports,Dumbbells,Online,1,79.28,79.28,47.24,32.04
ORD-103817,46117,West,Tom Nguyen,Clothing,Sneakers,Store,2,99.04,198.08,122.54,75.54
ORD-104028,46117,West,Jordan Smith,Clothing,Sneakers,Online,5,118.34,591.7,344.91,246.79
ORD-104079,46117,South,Chris Brown,Clothing,Jeans,Online,6,64.94,389.64,206.71,182.93
ORD-104685,46117,West,Jordan Smith,Electronics,Keyboard,Online,1,63.58,63.58,37.68,25.9
ORD-104741,46117,East,Sarah Kim,Electronics,Webcam,Online,4,100.46,401.84,233.05,168.79
ORD-100072,46118,North,James Wilson,Home,Vacuum,Marketplace,5,206,1030,710.91,319.09
ORD-100395,46118,South,Chris Brown,Clothing,Hoodie,Online,6,57.79,346.74,167.44,179.3
ORD-100398,46118,East,Sarah Kim,Electronics,Headphones,Online,4,84.9,339.6,213.78,125.82
ORD-100500,46118,East,David Lee,Sports,Yoga Mat,Store,5,39.14,195.7,96.6,99.1
ORD-100542,46118,North,Emily Chen,Clothing,Jacket,Online,2,85.94,171.88,91.91,79.97
ORD-100551,46118,North,James Wilson,Home,Vacuum,Store,3,179.36,538.08,380.31,157.77
ORD-100679,46118,South,Ana Lopez,Sports,Fitness Tracker,Online,1,140.83,140.83,91.94,48.89
ORD-100843,46118,West,Rachel Green,Electronics,Headphones,Store,6,82.1,492.6,313.55,179.05
ORD-100917,46118,West,Tom Nguyen,Home,Vacuum,Online,1,178.71,178.71,127.04,51.67
ORD-101302,46118,West,Tom Nguyen,Home,Air Fryer,Online,6,149.93,899.58,601.49,298.09
ORD-101595,46118,East,Sarah Kim,Electronics,Headphones,Online,5,97.77,488.85,311.03,177.82
ORD-101648,46118,South,Ana Lopez,Electronics,Headphones,Store,1,82.9,82.9,50.34,32.56
ORD-101887,46118,East,David Lee,Home,Coffee Maker,Online,3,129.41,388.23,249.19,139.04
ORD-102012,46118,North,James Wilson,Clothing,Jeans,Online,3,67.76,203.28,104.66,98.62
ORD-102238,46118,West,Jordan Smith,Clothing,Sneakers,Store,6,103,618,379.68,238.32
ORD-102498,46118,North,James Wilson,Electronics,Webcam,Store,1,119.4,119.4,68.92,50.48
ORD-102526,46118,West,Rachel Green,Clothing,Hoodie,Store,4,65.14,260.56,129.46,131.1
ORD-102777,46118,East,David Lee,Sports,Dumbbells,Store,5,76.72,383.6,228.73,154.87
ORD-102903,46118,North,Nina Patel,Sports,Running Shoes,Store,4,116.5,466,269.9,196.1
ORD-102931,46118,East,Sarah Kim,Clothing,Hoodie,Marketplace,2,57.4,114.8,55.8,59
ORD-103023,46118,East,David Lee,Electronics,Monitor,Marketplace,6,237.13,1422.78,973,449.78
ORD-103212,46118,North,James Wilson,Home,Vacuum,Online,6,195.41,1172.46,830.61,341.85
ORD-103342,46118,North,Emily Chen,Sports,Fitness Tracker,Online,3,147.12,441.36,280.12,161.24
ORD-103498,46118,West,Rachel Green,Home,Coffee Maker,Online,2,116.6,233.2,147.06,86.14
ORD-103636,46118,West,Tom Nguyen,Home,Coffee Maker,Store,2,109.67,219.34,135.23,84.11
ORD-103646,46118,West,Rachel Green,Sports,Running Shoes,Online,2,114.28,228.56,137.59,90.97
ORD-103664,46118,East,David Lee,Home,Blender,Store,3,87.73,263.19,176.99,86.2
ORD-103904,46118,South,Ana Lopez,Sports,Running Shoes,Store,6,116.42,698.52,416.07,282.45
ORD-104194,46118,South,Mike Davis,Sports,Fitness Tracker,Online,2,151.15,302.3,200.6,101.7
ORD-104322,46118,North,James Wilson,Home,Air Fryer,Online,6,139.13,834.78,566.71,268.07
ORD-104342,46118,North,James Wilson,Electronics,Keyboard,Store,2,60.16,120.32,72.26,48.06
ORD-100026,46119,North,Emily Chen,Sports,Yoga Mat,Store,6,43.13,258.78,128.12,130.66
ORD-100875,46119,East,Marcus Reed,Electronics,Keyboard,Store,3,62.94,188.82,105.72,83.1
ORD-100930,46119,West,Jordan Smith,Electronics,Webcam,Online,6,111.95,671.7,405.45,266.25
ORD-101106,46119,South,Ana Lopez,Home,Coffee Maker,Online,1,120.18,120.18,76.66,43.52
ORD-101367,46119,South,Mike Davis,Clothing,Hoodie,Online,4,63.73,254.92,123.13,131.79
ORD-101796,46119,North,Emily Chen,Home,Coffee Maker,Store,6,124.3,745.8,493.11,252.69
ORD-101925,46119,East,Sarah Kim,Clothing,Hoodie,Online,5,55.52,277.6,138.2,139.4
ORD-101948,46119,East,David Lee,Sports,Dumbbells,Online,6,78.78,472.68,281.76,190.92
ORD-102076,46119,West,Tom Nguyen,Sports,Dumbbells,Online,2,70.67,141.34,83.43,57.91
ORD-102510,46119,South,Ana Lopez,Home,Vacuum,Store,2,176.08,352.16,246.34,105.82
ORD-102587,46119,North,Emily Chen,Electronics,Webcam,Online,4,108.85,435.4,263.25,172.15
ORD-102628,46119,East,Marcus Reed,Electronics,Headphones,Marketplace,2,87.32,174.64,111.19,63.45
ORD-102800,46119,South,Mike Davis,Sports,Dumbbells,Online,3,75.99,227.97,138.87,89.1
ORD-103327,46119,West,Tom Nguyen,Electronics,Headphones,Online,2,83.83,167.66,101.79,65.87
ORD-103339,46119,North,Nina Patel,Sports,Yoga Mat,Online,1,39.92,39.92,19.09,20.83
ORD-103385,46119,South,Chris Brown,Home,Coffee Maker,Store,5,111.33,556.65,362.08,194.57
ORD-103459,46119,West,Tom Nguyen,Electronics,Webcam,Store,2,118.27,236.54,139.52,97.02
ORD-103553,46119,South,Ana Lopez,Home,Blender,Online,1,81.12,81.12,53.96,27.16
ORD-103580,46119,East,Sarah Kim,Sports,Yoga Mat,Store,2,36.35,72.7,33.91,38.79
ORD-103842,46119,North,Nina Patel,Clothing,Jacket,Online,3,90.33,270.99,151.39,119.6
ORD-103969,46119,East,Marcus Reed,Electronics,Webcam,Online,6,115.31,691.86,401.35,290.51
ORD-103983,46119,South,Ana Lopez,Electronics,Monitor,Online,6,242.08,1452.48,1051.14,401.34
ORD-104363,46119,East,Marcus Reed,Electronics,Webcam,Store,1,120.22,120.22,72.99,47.23
ORD-104529,46119,South,Mike Davis,Electronics,Headphones,Online,2,91.41,182.82,111.47,71.35
ORD-104539,46119,North,James Wilson,Home,Air Fryer,Online,3,135.66,406.98,275.24,131.74
ORD-104678,46119,East,Marcus Reed,Sports,Yoga Mat,Marketplace,2,41.05,82.1,39.13,42.97
ORD-104758,46119,West,Rachel Green,Electronics,Monitor,Marketplace,5,242.33,1211.65,855.15,356.5
ORD-104770,46119,South,Mike Davis,Clothing,Jacket,Marketplace,2,97.57,195.14,110.99,84.15
ORD-104774,46119,South,Mike Davis,Home,Coffee Maker,Store,6,127.17,763.02,492.63,270.39
ORD-104790,46119,East,Marcus Reed,Home,Air Fryer,Store,2,162.73,325.46,224.66,100.8
ORD-104807,46119,East,Marcus Reed,Home,Blender,Online,6,85.33,511.98,355.91,156.07
ORD-104950,46119,West,Jordan Smith,Sports,Fitness Tracker,Online,3,150.99,452.97,293.97,159
ORD-104975,46119,South,Mike Davis,Electronics,Keyboard,Store,5,66.41,332.05,188.29,143.76
ORD-100041,46120,East,Sarah Kim,Electronics,Headphones,Store,2,88.49,176.98,105.77,71.21
ORD-100324,46120,North,Nina Patel,Electronics,Monitor,Online,4,262.58,1050.32,735.68,314.64
ORD-100422,46120,West,Jordan Smith,Sports,Fitness Tracker,Store,1,130.14,130.14,88.73,41.41
ORD-100440,46120,West,Jordan Smith,Sports,Running Shoes,Store,3,127.72,383.16,221.86,161.3
ORD-100507,46120,East,Marcus Reed,Home,Air Fryer,Store,3,164.93,494.79,321.28,173.51
ORD-100723,46120,North,Nina Patel,Home,Air Fryer,Store,4,136.66,546.64,356.54,190.1
ORD-100844,46120,East,Sarah Kim,Sports,Fitness Tracker,Marketplace,3,143.79,431.37,287.52,143.85
ORD-101030,46120,South,Chris Brown,Home,Air Fryer,Online,4,140.21,560.84,379.47,181.37
ORD-101043,46120,West,Tom Nguyen,Clothing,Jacket,Marketplace,1,97.72,97.72,53.56,44.16
ORD-101062,46120,South,Mike Davis,Sports,Fitness Tracker,Store,5,146.03,730.15,467.8,262.35
ORD-101132,46120,West,Rachel Green,Home,Air Fryer,Online,4,159.41,637.64,429.81,207.83
ORD-101156,46120,West,Jordan Smith,Electronics,Keyboard,Online,3,62.91,188.73,105.65,83.08
ORD-101214,46120,North,Nina Patel,Sports,Fitness Tracker,Store,4,130.47,521.88,355.86,166.02
ORD-101705,46120,West,Jordan Smith,Clothing,Sneakers,Online,4,112.98,451.92,279.55,172.37
ORD-101883,46120,East,Sarah Kim,Home,Vacuum,Online,3,207.44,622.32,428.14,194.18
ORD-102198,46120,North,Nina Patel,Electronics,Headphones,Marketplace,6,82.9,497.4,310.37,187.03
ORD-102345,46120,North,Nina Patel,Electronics,Headphones,Store,5,98.09,490.45,304.79,185.66
ORD-103117,46120,South,Chris Brown,Home,Air Fryer,Online,6,159.02,954.12,623.29,330.83
ORD-103360,46120,East,Sarah Kim,Electronics,Keyboard,Online,3,64.16,192.48,112.51,79.97
ORD-103441,46120,West,Tom Nguyen,Home,Blender,Online,1,87.18,87.18,58.49,28.69
ORD-103805,46120,West,Rachel Green,Electronics,Monitor,Marketplace,2,272.91,545.82,373.57,172.25
ORD-104133,46120,North,James Wilson,Home,Coffee Maker,Store,5,109.77,548.85,338.77,210.08
ORD-100003,46121,East,David Lee,Home,Vacuum,Store,1,195,195,137.33,57.67
ORD-100005,46121,South,Mike Davis,Clothing,Sneakers,Online,6,107.15,642.9,384.8,258.1
ORD-100022,46121,North,James Wilson,Electronics,Monitor,Marketplace,5,232.01,1160.05,815.55,344.5
ORD-100407,46121,East,David Lee,Electronics,Monitor,Online,4,228.21,912.84,652.66,260.18
ORD-100558,46121,East,Sarah Kim,Sports,Fitness Tracker,Store,5,136.48,682.4,456.45,225.95
ORD-100656,46121,South,Chris Brown,Sports,Yoga Mat,Marketplace,4,37.88,151.52,72.71,78.81
ORD-100757,46121,South,Chris Brown,Clothing,Hoodie,Marketplace,4,56.9,227.6,111.64,115.96
ORD-100945,46121,East,Sarah Kim,Clothing,Sneakers,Store,2,101.46,202.92,126.48,76.44
ORD-101697,46121,East,Marcus Reed,Home,Air Fryer,Store,3,136.17,408.51,263.82,144.69
ORD-101700,46121,East,Marcus Reed,Electronics,Monitor,Online,3,244.16,732.48,531.27,201.21
ORD-101772,46121,East,David Lee,Clothing,Jeans,Store,5,72.11,360.55,185.93,174.62
ORD-101951,46121,East,Marcus Reed,Electronics,Headphones,Online,3,84.34,253.02,162.57,90.45
ORD-102020,46121,South,Ana Lopez,Home,Coffee Maker,Marketplace,4,114.03,456.12,298.75,157.37
ORD-102066,46121,East,Sarah Kim,Electronics,Webcam,Online,4,113.65,454.6,275.17,179.43
ORD-102175,46121,South,Mike Davis,Electronics,Monitor,Store,4,250.06,1000.24,702.52,297.72
ORD-102477,46121,West,Rachel Green,Electronics,Monitor,Marketplace,5,256.51,1282.55,906.79,375.76
ORD-102589,46121,East,Sarah Kim,Home,Vacuum,Store,5,183.09,915.45,632.09,283.36
ORD-102593,46121,North,Nina Patel,Sports,Fitness Tracker,Marketplace,6,150.27,901.62,605.45,296.17
ORD-102729,46121,North,James Wilson,Electronics,Webcam,Online,2,108.13,216.26,131.02,85.24
ORD-103081,46121,West,Rachel Green,Electronics,Webcam,Store,2,112.51,225.02,136.09,88.93
ORD-103330,46121,East,Sarah Kim,Clothing,Jacket,Store,4,103.89,415.56,228.65,186.91
ORD-103399,46121,West,Tom Nguyen,Electronics,Headphones,Store,1,81.07,81.07,50.51,30.56
ORD-103461,46121,South,Mike Davis,Sports,Fitness Tracker,Store,6,141.72,850.32,552.57,297.75
ORD-103627,46121,East,Sarah Kim,Clothing,Jeans,Store,3,74.9,224.7,118.54,106.16
ORD-103778,46121,East,Sarah Kim,Clothing,Hoodie,Online,5,58.36,291.8,142.85,148.95
ORD-103813,46121,North,Emily Chen,Clothing,Jeans,Online,6,72.88,437.28,224.38,212.9
ORD-104066,46121,West,Rachel Green,Electronics,Keyboard,Online,6,64.9,389.4,219.85,169.55
ORD-104442,46121,South,Chris Brown,Home,Vacuum,Store,4,196.65,786.6,554.07,232.53
ORD-104548,46121,South,Ana Lopez,Sports,Fitness Tracker,Store,4,140.65,562.6,361.69,200.91
ORD-104899,46121,North,Nina Patel,Clothing,Hoodie,Online,6,54.17,325.02,164.15,160.87
ORD-104907,46121,South,Mike Davis,Electronics,Monitor,Store,4,264.36,1057.44,716.32,341.12
ORD-100274,46122,West,Rachel Green,Home,Air Fryer,Online,1,154.8,154.8,105.58,49.22
ORD-100366,46122,East,Marcus Reed,Electronics,Monitor,Online,3,255.88,767.64,545.01,222.63
ORD-100914,46122,North,James Wilson,Electronics,Monitor,Store,4,264.66,1058.64,720.63,338.01
ORD-101193,46122,South,Chris Brown,Clothing,Jeans,Online,1,63.71,63.71,34.2,29.51
ORD-101299,46122,West,Rachel Green,Home,Air Fryer,Store,3,151.25,453.75,295.05,158.7
ORD-101508,46122,West,Tom Nguyen,Electronics,Headphones,Online,6,94.85,569.1,364.69,204.41
ORD-101571,46122,South,Ana Lopez,Clothing,Jeans,Marketplace,2,74.59,149.18,76.64,72.54
ORD-101757,46122,South,Mike Davis,Clothing,Sneakers,Marketplace,5,99.89,499.45,292.53,206.92
ORD-101807,46122,North,Emily Chen,Home,Air Fryer,Online,6,144.74,868.44,567.53,300.91
ORD-101871,46122,South,Ana Lopez,Home,Coffee Maker,Online,5,120.86,604.3,373.07,231.23
ORD-102231,46122,North,Emily Chen,Home,Air Fryer,Store,1,157.51,157.51,109.38,48.13
ORD-102785,46122,West,Rachel Green,Home,Coffee Maker,Online,5,115.39,576.95,382.97,193.98
ORD-102980,46122,South,Ana Lopez,Home,Vacuum,Online,1,176.33,176.33,117.42,58.91
ORD-103028,46122,West,Jordan Smith,Clothing,Sneakers,Store,2,104.06,208.12,124.46,83.66
ORD-103073,46122,East,David Lee,Home,Air Fryer,Store,4,161.39,645.56,448.51,197.05
ORD-103447,46122,West,Rachel Green,Sports,Yoga Mat,Online,2,37.25,74.5,34.96,39.54
ORD-103568,46122,North,Emily Chen,Electronics,Keyboard,Online,6,63.65,381.9,228.8,153.1
ORD-103583,46122,South,Ana Lopez,Home,Air Fryer,Marketplace,1,150.29,150.29,99.26,51.03
ORD-103751,46122,East,David Lee,Electronics,Webcam,Store,4,103.94,415.76,255.28,160.48
ORD-103755,46122,East,Marcus Reed,Sports,Running Shoes,Store,1,130.1,130.1,74.23,55.87
ORD-103874,46122,North,Nina Patel,Clothing,Jeans,Online,5,66.55,332.75,177.51,155.24
ORD-104262,46122,South,Chris Brown,Sports,Fitness Tracker,Marketplace,1,132.41,132.41,86.22,46.19
ORD-104416,46122,East,Sarah Kim,Electronics,Keyboard,Online,3,65.19,195.57,112.63,82.94
ORD-104465,46122,North,James Wilson,Electronics,Monitor,Online,3,256.88,770.64,553.11,217.53
ORD-104557,46122,North,Emily Chen,Electronics,Monitor,Online,1,248.53,248.53,177.87,70.66
ORD-104746,46122,East,Marcus Reed,Clothing,Jacket,Store,4,102.43,409.72,233.29,176.43
ORD-104808,46122,South,Chris Brown,Sports,Yoga Mat,Online,1,39.42,39.42,18.4,21.02
ORD-100009,46123,South,Ana Lopez,Electronics,Headphones,Store,1,89.48,89.48,55.77,33.71
ORD-100117,46123,South,Chris Brown,Electronics,Keyboard,Marketplace,6,65.47,392.82,230.06,162.76
ORD-100146,46123,South,Mike Davis,Sports,Running Shoes,Online,1,134.81,134.81,81.13,53.68
ORD-100335,46123,East,David Lee,Electronics,Keyboard,Store,1,62.24,62.24,36.75,25.49
ORD-100375,46123,West,Jordan Smith,Sports,Fitness Tracker,Online,6,152.09,912.54,605.71,306.83
ORD-100606,46123,North,Emily Chen,Sports,Dumbbells,Store,4,79.25,317,198.45,118.55
ORD-100846,46123,West,Tom Nguyen,Clothing,Hoodie,Online,6,59.59,357.54,171.75,185.79
ORD-101432,46123,East,Marcus Reed,Clothing,Jeans,Online,2,67.37,134.74,72.85,61.89
ORD-101641,46123,South,Ana Lopez,Electronics,Webcam,Online,5,110.42,552.1,343.31,208.79
ORD-101824,46123,North,James Wilson,Clothing,Hoodie,Online,3,55.29,165.87,81.78,84.09
ORD-102253,46123,North,James Wilson,Electronics,Monitor,Store,6,260.99,1565.94,1136.38,429.56
ORD-102388,46123,East,David Lee,Home,Vacuum,Store,3,175.21,525.63,352.63,173
ORD-102609,46123,South,Ana Lopez,Electronics,Headphones,Store,5,94.69,473.45,296.03,177.42
ORD-102712,46123,East,Marcus Reed,Clothing,Sneakers,Store,3,99.51,298.53,171.95,126.58
ORD-103069,46123,East,Marcus Reed,Sports,Running Shoes,Store,1,131.93,131.93,76.33,55.6
ORD-103112,46123,South,Ana Lopez,Home,Air Fryer,Online,4,150.8,603.2,413.05,190.15
ORD-103323,46123,South,Mike Davis,Home,Coffee Maker,Marketplace,6,116.83,700.98,459.75,241.23
ORD-103950,46123,West,Jordan Smith,Clothing,Jacket,Store,4,103.68,414.72,229.14,185.58
ORD-103987,46123,West,Tom Nguyen,Home,Coffee Maker,Marketplace,1,116.76,116.76,74.17,42.59
ORD-104034,46123,North,Nina Patel,Sports,Fitness Tracker,Online,6,147.63,885.78,607.44,278.34
ORD-104130,46123,South,Ana Lopez,Sports,Yoga Mat,Store,2,37.95,75.9,35.07,40.83
ORD-104302,46123,South,Chris Brown,Sports,Running Shoes,Marketplace,3,115.57,346.71,206.04,140.67
ORD-104927,46123,West,Tom Nguyen,Electronics,Monitor,Online,1,250.9,250.9,174.05,76.85
ORD-100100,46124,West,Rachel Green,Home,Vacuum,Store,5,195.83,979.15,664.77,314.38
ORD-100142,46124,North,Emily Chen,Sports,Running Shoes,Store,4,132.34,529.36,305.13,224.23
ORD-100388,46124,West,Tom Nguyen,Electronics,Monitor,Online,2,268.03,536.06,367.03,169.03
ORD-100603,46124,East,David Lee,Clothing,Sneakers,Marketplace,1,114.06,114.06,66.69,47.37
ORD-101028,46124,South,Ana Lopez,Electronics,Keyboard,Store,4,68.85,275.4,165.56,109.84
ORD-101272,46124,North,Emily Chen,Electronics,Headphones,Marketplace,2,95.11,190.22,116.47,73.75
ORD-101428,46124,North,James Wilson,Home,Air Fryer,Online,3,145.68,437.04,291.57,145.47
ORD-101545,46124,West,Rachel Green,Home,Coffee Maker,Online,4,124.86,499.44,309.45,189.99
ORD-101668,46124,North,Nina Patel,Clothing,Jacket,Store,3,85.6,256.8,138.03,118.77
ORD-101831,46124,South,Chris Brown,Electronics,Webcam,Online,2,107.16,214.32,133.25,81.07
ORD-101894,46124,North,Emily Chen,Electronics,Webcam,Online,5,109.23,546.15,332.85,213.3
ORD-101987,46124,South,Ana Lopez,Electronics,Headphones,Online,6,89.09,534.54,330.25,204.29
ORD-102128,46124,West,Tom Nguyen,Home,Air Fryer,Marketplace,2,147.47,294.94,203.53,91.41
ORD-102192,46124,West,Rachel Green,Clothing,Jacket,Marketplace,2,95.88,191.76,102.65,89.11
ORD-102218,46124,East,Marcus Reed,Clothing,Jeans,Online,3,71.88,215.64,113.69,101.95
ORD-102547,46124,West,Tom Nguyen,Home,Coffee Maker,Online,6,118.56,711.36,455.29,256.07
ORD-102915,46124,South,Mike Davis,Electronics,Headphones,Online,4,85.29,341.16,208.14,133.02
ORD-103035,46124,West,Tom Nguyen,Electronics,Monitor,Online,4,243.77,975.08,685.09,289.99
ORD-103037,46124,North,Nina Patel,Home,Blender,Online,1,93.27,93.27,61.79,31.48
ORD-103356,46124,East,David Lee,Clothing,Hoodie,Online,4,64.75,259,127.45,131.55
ORD-103371,46124,South,Ana Lopez,Electronics,Webcam,Store,4,103.54,414.16,249.13,165.03
ORD-103384,46124,South,Mike Davis,Home,Coffee Maker,Online,4,131.07,524.28,331.01,193.27
ORD-103400,46124,North,Emily Chen,Clothing,Hoodie,Store,4,55.89,223.56,109.94,113.62
ORD-103464,46124,North,Emily Chen,Electronics,Keyboard,Store,3,65.4,196.2,116.63,79.57
ORD-103519,46124,North,James Wilson,Clothing,Jeans,Store,1,74.9,74.9,39.02,35.88
ORD-103829,46124,East,Sarah Kim,Electronics,Headphones,Marketplace,6,86.76,520.56,309.94,210.62
ORD-104049,46124,South,Ana Lopez,Electronics,Webcam,Store,4,115.58,462.32,276.31,186.01
ORD-104604,46124,North,Nina Patel,Sports,Dumbbells,Online,1,78.95,78.95,48.55,30.4
ORD-104891,46124,South,Ana Lopez,Clothing,Sneakers,Online,4,107.73,430.92,263.33,167.59
ORD-100190,46125,North,Nina Patel,Sports,Fitness Tracker,Store,3,133.57,400.71,257.29,143.42
ORD-100205,46125,North,Nina Patel,Sports,Fitness Tracker,Online,4,130.41,521.64,336.18,185.46
ORD-100458,46125,West,Jordan Smith,Sports,Fitness Tracker,Store,6,151.99,911.94,597.87,314.07
ORD-101104,46125,East,Marcus Reed,Home,Vacuum,Online,6,175.48,1052.88,712.88,340
ORD-101205,46125,South,Chris Brown,Electronics,Headphones,Marketplace,1,92.62,92.62,58.63,33.99
ORD-101539,46125,North,Emily Chen,Sports,Yoga Mat,Online,5,38.42,192.1,91.64,100.46
ORD-101709,46125,East,Marcus Reed,Clothing,Sneakers,Store,2,102.92,205.84,126.01,79.83
ORD-101996,46125,North,Nina Patel,Clothing,Jacket,Store,2,101.08,202.16,109.37,92.79
ORD-102221,46125,South,Ana Lopez,Electronics,Monitor,Store,4,235.76,943.04,662.95,280.09
ORD-102361,46125,East,Marcus Reed,Sports,Fitness Tracker,Store,1,140.32,140.32,90.37,49.95
ORD-102394,46125,North,James Wilson,Clothing,Sneakers,Store,4,104.56,418.24,251.46,166.78
ORD-102549,46125,North,Emily Chen,Home,Air Fryer,Online,5,147.18,735.9,504.31,231.59
ORD-102815,46125,South,Mike Davis,Electronics,Webcam,Store,5,100.4,502,298.61,203.39
ORD-103242,46125,East,Marcus Reed,Clothing,Jacket,Store,5,98.09,490.45,259.44,231.01
ORD-103516,46125,West,Rachel Green,Electronics,Keyboard,Online,3,60.71,182.13,107.8,74.33
ORD-103522,46125,South,Chris Brown,Sports,Running Shoes,Store,6,115.09,690.54,406.41,284.13
ORD-103728,46125,East,David Lee,Sports,Running Shoes,Online,6,131.88,791.28,470.58,320.7
ORD-104104,46125,North,Emily Chen,Sports,Yoga Mat,Store,1,36.15,36.15,17.11,19.04
ORD-104551,46125,East,Sarah Kim,Clothing,Sneakers,Online,5,102.14,510.7,296.47,214.23
ORD-104568,46125,South,Mike Davis,Clothing,Sneakers,Online,5,102.55,512.75,313.52,199.23
ORD-100158,46126,East,Sarah Kim,Home,Coffee Maker,Marketplace,5,111.32,556.6,364.04,192.56
ORD-100232,46126,West,Tom Nguyen,Electronics,Headphones,Store,2,95.58,191.16,114.62,76.54
ORD-100402,46126,East,Marcus Reed,Electronics,Headphones,Marketplace,1,93.48,93.48,55.82,37.66
ORD-100449,46126,East,Marcus Reed,Clothing,Jacket,Online,3,88.79,266.37,152.32,114.05
ORD-100710,46126,East,Sarah Kim,Electronics,Headphones,Online,3,81.56,244.68,153.17,91.51
ORD-100711,46126,East,David Lee,Home,Air Fryer,Store,6,147.36,884.16,590.73,293.43
ORD-100958,46126,East,David Lee,Clothing,Sneakers,Online,6,109.09,654.54,392.54,262
ORD-101108,46126,West,Jordan Smith,Electronics,Headphones,Marketplace,6,88.64,531.84,340.53,191.31
ORD-101534,46126,South,Mike Davis,Sports,Running Shoes,Store,2,121.53,243.06,142.15,100.91
ORD-101574,46126,South,Chris Brown,Electronics,Keyboard,Store,6,65.22,391.32,225.21,166.11
ORD-101806,46126,East,David Lee,Clothing,Jeans,Store,4,70.97,283.88,147.81,136.07
ORD-101943,46126,North,Nina Patel,Home,Coffee Maker,Online,5,122.92,614.6,397.05,217.55
ORD-102010,46126,North,James Wilson,Clothing,Sneakers,Store,6,113.21,679.26,415.51,263.75
ORD-102234,46126,East,David Lee,Sports,Running Shoes,Marketplace,5,130.51,652.55,377.14,275.41
ORD-102245,46126,East,Sarah Kim,Sports,Yoga Mat,Online,3,41.7,125.1,60.55,64.55
ORD-102318,46126,East,David Lee,Home,Air Fryer,Store,4,148,592,394.61,197.39
ORD-102368,46126,South,Mike Davis,Clothing,Jeans,Online,5,75.7,378.5,194.02,184.48
ORD-102425,46126,South,Mike Davis,Clothing,Sneakers,Marketplace,6,100.91,605.46,377.24,228.22
ORD-102448,46126,West,Rachel Green,Electronics,Webcam,Online,6,104.87,629.22,390.24,238.98
ORD-102486,46126,East,Marcus Reed,Sports,Fitness Tracker,Online,5,149.71,748.55,504.46,244.09
ORD-102606,46126,South,Chris Brown,Clothing,Hoodie,Online,3,59.3,177.9,85.72,92.18
ORD-102961,46126,North,Emily Chen,Electronics,Monitor,Store,1,257.47,257.47,179.02,78.45
ORD-103216,46126,North,Nina Patel,Sports,Fitness Tracker,Store,5,138.02,690.1,472.27,217.83
ORD-104013,46126,South,Chris Brown,Electronics,Headphones,Store,3,85.57,256.71,162.81,93.9
ORD-104086,46126,North,James Wilson,Home,Blender,Online,3,76.94,230.82,160,70.82
ORD-104160,46126,West,Rachel Green,Sports,Fitness Tracker,Online,4,150.53,602.12,410.11,192.01
ORD-104187,46126,East,David Lee,Electronics,Monitor,Store,6,225.54,1353.24,946.55,406.69
ORD-104217,46126,South,Mike Davis,Electronics,Webcam,Store,6,99.35,596.1,347.17,248.93
ORD-104235,46126,East,David Lee,Home,Coffee Maker,Online,3,122.05,366.15,236.79,129.36
ORD-104238,46126,East,Marcus Reed,Home,Coffee Maker,Online,1,125.4,125.4,81.89,43.51
ORD-104567,46126,South,Ana Lopez,Sports,Fitness Tracker,Store,2,143.19,286.38,192.55,93.83
ORD-104599,46126,South,Ana Lopez,Electronics,Webcam,Marketplace,2,119.19,238.38,146.54,91.84
ORD-104689,46126,East,Sarah Kim,Electronics,Webcam,Store,2,105.21,210.42,126.59,83.83
ORD-104794,46126,West,Tom Nguyen,Electronics,Monitor,Store,6,265.11,1590.66,1132.4,458.26
ORD-100127,46127,North,Nina Patel,Electronics,Monitor,Online,3,231.56,694.68,473.16,221.52
ORD-100746,46127,North,James Wilson,Electronics,Monitor,Online,2,230.12,460.24,323.74,136.5
ORD-100800,46127,South,Mike Davis,Clothing,Jeans,Online,6,71.04,426.24,221.2,205.04
ORD-100845,46127,East,Sarah Kim,Sports,Running Shoes,Store,1,119.31,119.31,69.06,50.25
ORD-101031,46127,West,Tom Nguyen,Clothing,Hoodie,Store,4,54.82,219.28,111.31,107.97
ORD-101490,46127,South,Mike Davis,Home,Coffee Maker,Store,1,118.22,118.22,76.33,41.89
ORD-102069,46127,West,Tom Nguyen,Electronics,Keyboard,Store,3,67.27,201.81,120.35,81.46
ORD-102683,46127,North,James Wilson,Electronics,Webcam,Online,2,106.02,212.04,128.05,83.99
ORD-103896,46127,East,David Lee,Electronics,Headphones,Online,6,86.93,521.58,315.37,206.21
ORD-104185,46127,South,Mike Davis,Home,Blender,Marketplace,1,78.05,78.05,55.1,22.95
ORD-104242,46127,South,Chris Brown,Clothing,Hoodie,Online,1,54.21,54.21,26.03,28.18
ORD-104379,46127,South,Chris Brown,Clothing,Hoodie,Store,2,62.78,125.56,63.09,62.47
ORD-104482,46127,North,Emily Chen,Electronics,Headphones,Store,3,92.6,277.8,168.35,109.45
ORD-104652,46127,North,Emily Chen,Clothing,Jacket,Online,2,102.07,204.14,109.93,94.21
ORD-104664,46127,West,Jordan Smith,Electronics,Headphones,Marketplace,1,82.21,82.21,52.9,29.31
ORD-104843,46127,South,Chris Brown,Electronics,Headphones,Online,6,98.04,588.24,354.25,233.99
ORD-100102,46128,North,Nina Patel,Home,Vacuum,Store,6,201.96,1211.76,863.04,348.72
ORD-100225,46128,South,Ana Lopez,Home,Coffee Maker,Store,4,128.08,512.32,317.62,194.7
ORD-100384,46128,East,Marcus Reed,Clothing,Jeans,Store,2,66.34,132.68,69.94,62.74
ORD-101046,46128,West,Rachel Green,Sports,Yoga Mat,Online,3,36.38,109.14,50.45,58.69
ORD-101109,46128,East,Sarah Kim,Home,Coffee Maker,Online,4,130.61,522.44,327.8,194.64
ORD-101607,46128,South,Ana Lopez,Sports,Yoga Mat,Online,3,39.93,119.79,56.35,63.44
ORD-101736,46128,North,Emily Chen,Clothing,Hoodie,Store,2,54.44,108.88,56.17,52.71
ORD-102127,46128,East,Sarah Kim,Clothing,Sneakers,Store,5,117.05,585.25,361.02,224.23
ORD-102376,46128,East,Marcus Reed,Home,Blender,Online,1,76.76,76.76,50.77,25.99
ORD-102469,46128,North,Nina Patel,Home,Air Fryer,Online,1,162.95,162.95,113.33,49.62
ORD-102544,46128,North,Nina Patel,Clothing,Sneakers,Marketplace,2,102.82,205.64,126.64,79
ORD-102828,46128,East,David Lee,Clothing,Jacket,Online,6,101.62,609.72,326.76,282.96
ORD-102905,46128,West,Jordan Smith,Electronics,Monitor,Online,2,237.58,475.16,322.21,152.95
ORD-102932,46128,West,Jordan Smith,Clothing,Jeans,Online,6,69.44,416.64,211.53,205.11
ORD-102960,46128,West,Jordan Smith,Electronics,Monitor,Store,3,274.61,823.83,554.15,269.68
ORD-103194,46128,North,James Wilson,Sports,Running Shoes,Online,6,129.29,775.74,451.77,323.97
ORD-103293,46128,West,Jordan Smith,Electronics,Keyboard,Store,3,63.36,190.08,109.18,80.9
ORD-103328,46128,North,Emily Chen,Clothing,Hoodie,Online,5,55.01,275.05,140.38,134.67
ORD-103631,46128,West,Tom Nguyen,Sports,Yoga Mat,Marketplace,5,41.84,209.2,100.51,108.69
ORD-103924,46128,East,Sarah Kim,Clothing,Sneakers,Store,6,100.19,601.14,348.22,252.92
ORD-104090,46128,South,Mike Davis,Electronics,Headphones,Marketplace,3,85.55,256.65,160.84,95.81
ORD-104299,46128,South,Mike Davis,Electronics,Keyboard,Store,4,67.44,269.76,151.77,117.99
ORD-104590,46128,West,Jordan Smith,Sports,Dumbbells,Store,4,75.22,300.88,182.93,117.95
ORD-104645,46128,East,Sarah Kim,Sports,Dumbbells,Online,6,82.05,492.3,294.74,197.56
ORD-104709,46128,North,James Wilson,Home,Coffee Maker,Online,6,110.51,663.06,421.27,241.79
ORD-100071,46129,South,Chris Brown,Clothing,Jeans,Store,2,70.69,141.38,73.11,68.27
ORD-100868,46129,West,Rachel Green,Electronics,Monitor,Online,1,265.54,265.54,186.23,79.31
ORD-101107,46129,West,Jordan Smith,Clothing,Jeans,Store,4,72.02,288.08,147.26,140.82
ORD-101146,46129,West,Rachel Green,Clothing,Sneakers,Store,2,103.3,206.6,121.62,84.98
ORD-101433,46129,East,Sarah Kim,Sports,Yoga Mat,Marketplace,1,41.2,41.2,19.9,21.3
ORD-101468,46129,South,Mike Davis,Sports,Fitness Tracker,Online,4,131.26,525.04,336.39,188.65
ORD-101783,46129,South,Ana Lopez,Clothing,Jacket,Marketplace,4,94.48,377.92,213.84,164.08
ORD-101932,46129,North,Emily Chen,Clothing,Jeans,Marketplace,4,70.58,282.32,143.56,138.76
ORD-102187,46129,East,Marcus Reed,Electronics,Keyboard,Online,5,69.36,346.8,203.37,143.43
ORD-102201,46129,North,Emily Chen,Electronics,Keyboard,Store,5,70.13,350.65,199.16,151.49
ORD-102320,46129,West,Tom Nguyen,Electronics,Monitor,Store,6,230.55,1383.3,1003.36,379.94
ORD-102402,46129,South,Mike Davis,Home,Air Fryer,Marketplace,6,160.38,962.28,648.23,314.05
ORD-102419,46129,East,Marcus Reed,Electronics,Monitor,Marketplace,1,230.12,230.12,159.02,71.1
ORD-102750,46129,South,Chris Brown,Electronics,Keyboard,Store,1,67.8,67.8,38.09,29.71
ORD-102799,46129,East,Sarah Kim,Home,Air Fryer,Online,3,164.98,494.94,326.31,168.63
ORD-103380,46129,South,Ana Lopez,Electronics,Headphones,Online,5,89.53,447.65,279.43,168.22
ORD-103386,46129,South,Ana Lopez,Clothing,Sneakers,Online,4,106.01,424.04,249.35,174.69
ORD-103466,46129,North,James Wilson,Sports,Dumbbells,Online,2,78.62,157.24,98.54,58.7
ORD-103528,46129,South,Chris Brown,Electronics,Webcam,Online,1,113.23,113.23,66.04,47.19
ORD-103531,46129,West,Jordan Smith,Home,Air Fryer,Store,6,152.75,916.5,629.73,286.77
ORD-103810,46129,North,James Wilson,Home,Coffee Maker,Store,1,110.68,110.68,69.91,40.77
ORD-103995,46129,East,Sarah Kim,Electronics,Monitor,Online,6,242.76,1456.56,986.94,469.62
ORD-104173,46129,East,Marcus Reed,Sports,Running Shoes,Store,3,128.13,384.39,219.46,164.93
ORD-104234,46129,South,Ana Lopez,Clothing,Sneakers,Online,3,108.23,324.69,194.6,130.09
ORD-104717,46129,North,Emily Chen,Electronics,Keyboard,Marketplace,6,67.29,403.74,233.13,170.61
ORD-104844,46129,South,Mike Davis,Electronics,Keyboard,Store,1,68.1,68.1,38.84,29.26
ORD-104875,46129,North,Emily Chen,Home,Coffee Maker,Online,2,111.37,222.74,144.62,78.12
ORD-100396,46130,North,Nina Patel,Clothing,Jacket,Marketplace,6,88.57,531.42,299.28,232.14
ORD-100639,46130,South,Mike Davis,Sports,Fitness Tracker,Marketplace,2,133.8,267.6,178.71,88.89
ORD-100920,46130,South,Chris Brown,Home,Blender,Online,4,91.02,364.08,249.06,115.02
ORD-100967,46130,South,Chris Brown,Home,Vacuum,Marketplace,4,189.08,756.32,535.21,221.11
ORD-101065,46130,North,James Wilson,Electronics,Keyboard,Online,2,66.34,132.68,79.76,52.92
ORD-101486,46130,East,David Lee,Home,Air Fryer,Store,6,162.82,976.92,636.36,340.56
ORD-101771,46130,South,Ana Lopez,Clothing,Jacket,Online,1,92.65,92.65,49.83,42.82
ORD-101818,46130,North,Emily Chen,Electronics,Keyboard,Marketplace,1,59.75,59.75,33.62,26.13
ORD-101991,46130,South,Chris Brown,Clothing,Hoodie,Store,3,58.98,176.94,90.96,85.98
ORD-102092,46130,North,James Wilson,Sports,Fitness Tracker,Store,4,144.26,577.04,387.59,189.45
ORD-103246,46130,South,Ana Lopez,Home,Air Fryer,Store,2,146.45,292.9,199.53,93.37
ORD-103404,46130,North,James Wilson,Electronics,Monitor,Store,6,256.58,1539.48,1072.51,466.97
ORD-103508,46130,East,Marcus Reed,Electronics,Monitor,Online,6,273.96,1643.76,1180.85,462.91
ORD-103592,46130,West,Jordan Smith,Sports,Running Shoes,Online,3,132.59,397.77,236.18,161.59
ORD-103656,46130,East,Marcus Reed,Sports,Yoga Mat,Online,4,42.85,171.4,82.51,88.89
ORD-103673,46130,West,Rachel Green,Electronics,Monitor,Online,1,267.21,267.21,194.2,73.01
ORD-103713,46130,West,Rachel Green,Home,Air Fryer,Online,6,145.07,870.42,595.59,274.83
ORD-103861,46130,West,Tom Nguyen,Sports,Dumbbells,Marketplace,5,81.25,406.25,252.7,153.55
ORD-103862,46130,South,Mike Davis,Clothing,Hoodie,Store,5,60.15,300.75,156.34,144.41
ORD-103907,46130,West,Tom Nguyen,Sports,Yoga Mat,Marketplace,5,39.9,199.5,98.93,100.57
ORD-104135,46130,South,Mike Davis,Home,Blender,Online,1,83.17,83.17,56.98,26.19
ORD-104550,46130,North,Nina Patel,Electronics,Keyboard,Store,3,70.03,210.09,124.93,85.16
ORD-104754,46130,East,Marcus Reed,Electronics,Webcam,Store,4,109.33,437.32,270.93,166.39
ORD-104869,46130,North,James Wilson,Electronics,Monitor,Online,4,266.74,1066.96,725.23,341.73
ORD-104946,46130,East,Marcus Reed,Home,Coffee Maker,Online,2,121.26,242.52,155.83,86.69
ORD-104963,46130,South,Chris Brown,Clothing,Hoodie,Store,4,57.66,230.64,119.04,111.6
ORD-104990,46130,South,Ana Lopez,Electronics,Monitor,Store,6,244.48,1466.88,1024.25,442.63
ORD-100070,46131,East,Sarah Kim,Home,Coffee Maker,Online,3,121.74,365.22,234.97,130.25
ORD-100359,46131,West,Jordan Smith,Home,Vacuum,Store,4,186.95,747.8,500.27,247.53
ORD-100630,46131,North,Emily Chen,Clothing,Jeans,Online,6,75.25,451.5,228.46,223.04
ORD-100979,46131,North,Emily Chen,Electronics,Monitor,Marketplace,6,243.55,1461.3,1040.03,421.27
ORD-102643,46131,South,Mike Davis,Electronics,Keyboard,Marketplace,4,65.72,262.88,150.79,112.09
ORD-102666,46131,West,Tom Nguyen,Electronics,Headphones,Store,3,91.39,274.17,164.53,109.64
ORD-103427,46131,West,Tom Nguyen,Clothing,Hoodie,Store,3,56.71,170.13,85.85,84.28
ORD-103484,46131,South,Mike Davis,Home,Blender,Online,5,82.56,412.8,284.29,128.51
ORD-103495,46131,South,Chris Brown,Clothing,Jacket,Store,1,86.14,86.14,45.83,40.31
ORD-103686,46131,North,Nina Patel,Sports,Dumbbells,Online,2,82.12,164.24,101.53,62.71
ORD-103736,46131,East,David Lee,Electronics,Headphones,Marketplace,5,84.5,422.5,256.28,166.22
ORD-104082,46131,East,Marcus Reed,Sports,Dumbbells,Online,4,73.22,292.88,184.2,108.68
ORD-104400,46131,North,Emily Chen,Clothing,Jacket,Marketplace,6,96.51,579.06,327.55,251.51
ORD-104449,46131,West,Rachel Green,Electronics,Webcam,Online,4,101.14,404.56,236.33,168.23
ORD-104644,46131,West,Jordan Smith,Clothing,Hoodie,Store,4,65.7,262.8,132.84,129.96
ORD-104655,46131,South,Mike Davis,Clothing,Hoodie,Marketplace,4,63.17,252.68,122.92,129.76
ORD-100159,46132,North,Emily Chen,Sports,Dumbbells,Online,2,73.84,147.68,90.95,56.73
ORD-100240,46132,West,Rachel Green,Sports,Yoga Mat,Online,5,43.01,215.05,103.45,111.6
ORD-100382,46132,South,Mike Davis,Home,Coffee Maker,Online,4,117.57,470.28,300.3,169.98
ORD-100563,46132,East,David Lee,Home,Coffee Maker,Store,4,110.24,440.96,272.57,168.39
ORD-100600,46132,North,Nina Patel,Home,Vacuum,Marketplace,1,177.65,177.65,118.68,58.97
ORD-100608,46132,North,Nina Patel,Electronics,Headphones,Store,2,96.23,192.46,115.23,77.23
ORD-100637,46132,South,Ana Lopez,Home,Blender,Online,3,86.43,259.29,169.9,89.39
ORD-101021,46132,South,Ana Lopez,Clothing,Sneakers,Marketplace,1,114.93,114.93,68.07,46.86
ORD-101096,46132,West,Tom Nguyen,Home,Coffee Maker,Store,4,131.81,527.24,328.63,198.61
ORD-101245,46132,North,Emily Chen,Clothing,Sneakers,Store,1,114.74,114.74,66.11,48.63
ORD-101266,46132,West,Rachel Green,Sports,Fitness Tracker,Online,2,131.99,263.98,172.66,91.32
ORD-101369,46132,South,Mike Davis,Electronics,Keyboard,Store,1,59.33,59.33,33.65,25.68
ORD-101462,46132,East,Sarah Kim,Home,Coffee Maker,Store,4,116.03,464.12,291.69,172.43
ORD-101830,46132,South,Mike Davis,Electronics,Monitor,Marketplace,6,272.43,1634.58,1125.25,509.33
ORD-102034,46132,West,Rachel Green,Electronics,Monitor,Online,2,272.25,544.5,383.76,160.74
ORD-102314,46132,West,Rachel Green,Clothing,Jeans,Store,3,70.87,212.61,108.38,104.23
ORD-102597,46132,West,Jordan Smith,Home,Coffee Maker,Online,1,118.72,118.72,78.02,40.7
ORD-102655,46132,North,Nina Patel,Electronics,Monitor,Online,5,274.79,1373.95,955.65,418.3
ORD-104134,46132,South,Chris Brown,Clothing,Jacket,Store,6,86.9,521.4,291.69,229.71
ORD-104198,46132,South,Ana Lopez,Sports,Yoga Mat,Online,5,39.32,196.6,97.23,99.37
ORD-104330,46132,North,James Wilson,Electronics,Monitor,Store,6,231.74,1390.44,943.88,446.56
ORD-104407,46132,East,Marcus Reed,Sports,Dumbbells,Online,1,70.22,70.22,43.7,26.52
ORD-104512,46132,West,Rachel Green,Electronics,Webcam,Online,1,102.1,102.1,61.6,40.5
ORD-104611,46132,South,Chris Brown,Sports,Running Shoes,Store,6,125.38,752.28,443.1,309.18
ORD-104819,46132,North,Nina Patel,Sports,Fitness Tracker,Online,6,147.12,882.72,575.6,307.12
ORD-100259,46133,North,Emily Chen,Home,Coffee Maker,Online,1,118.58,118.58,77.37,41.21
ORD-100465,46133,North,Nina Patel,Sports,Running Shoes,Online,4,124.72,498.88,283.44,215.44
ORD-100504,46133,East,Marcus Reed,Home,Vacuum,Online,4,175.13,700.52,469.96,230.56
ORD-100629,46133,West,Rachel Green,Electronics,Webcam,Store,5,115.43,577.15,332.98,244.17
ORD-100787,46133,South,Mike Davis,Sports,Running Shoes,Online,3,122.5,367.5,221.79,145.71
ORD-100913,46133,West,Rachel Green,Electronics,Headphones,Marketplace,1,84.63,84.63,50.95,33.68
ORD-101177,46133,South,Chris Brown,Sports,Yoga Mat,Marketplace,1,40.16,40.16,19.54,20.62
ORD-101180,46133,South,Chris Brown,Electronics,Keyboard,Online,5,68.37,341.85,199.34,142.51
ORD-101523,46133,East,David Lee,Clothing,Jacket,Store,5,94.58,472.9,252.44,220.46
ORD-101848,46133,South,Ana Lopez,Clothing,Sneakers,Store,3,120.83,362.49,213.59,148.9
ORD-102160,46133,East,Marcus Reed,Home,Blender,Marketplace,1,84.01,84.01,56.75,27.26
ORD-102280,46133,North,Emily Chen,Sports,Dumbbells,Store,5,71.72,358.6,212.18,146.42
ORD-102379,46133,North,Nina Patel,Sports,Fitness Tracker,Online,6,147.97,887.82,600.65,287.17
ORD-102658,46133,West,Tom Nguyen,Electronics,Headphones,Store,2,89.84,179.68,107.37,72.31
ORD-102710,46133,North,Emily Chen,Sports,Fitness Tracker,Store,5,140.79,703.95,452.24,251.71
ORD-103363,46133,West,Jordan Smith,Electronics,Keyboard,Marketplace,1,67.98,67.98,40.87,27.11
ORD-103426,46133,West,Rachel Green,Electronics,Monitor,Marketplace,1,237.86,237.86,167.99,69.87
ORD-103563,46133,South,Chris Brown,Clothing,Hoodie,Store,5,59.93,299.65,153.81,145.84
ORD-103616,46133,West,Jordan Smith,Clothing,Sneakers,Marketplace,5,119.77,598.85,363.46,235.39
ORD-103860,46133,South,Chris Brown,Home,Vacuum,Store,6,203.37,1220.22,853.17,367.05
ORD-104830,46133,East,David Lee,Electronics,Monitor,Store,2,229.15,458.3,310.26,148.04
ORD-104857,46133,South,Ana Lopez,Electronics,Headphones,Store,2,97.69,195.38,124.86,70.52
ORD-100024,46134,East,Marcus Reed,Electronics,Headphones,Online,4,95.94,383.76,243.8,139.96
ORD-100069,46134,South,Ana Lopez,Clothing,Hoodie,Online,3,56.61,169.83,85.51,84.32
ORD-100082,46134,North,Emily Chen,Home,Vacuum,Marketplace,3,189.34,568.02,400.36,167.66
ORD-100210,46134,South,Mike Davis,Clothing,Jacket,Online,3,99.22,297.66,159.38,138.28
ORD-100245,46134,North,Nina Patel,Clothing,Jeans,Marketplace,3,75.37,226.11,115.71,110.4
ORD-100331,46134,East,Marcus Reed,Home,Blender,Online,2,81.39,162.78,107.81,54.97
ORD-100365,46134,North,Emily Chen,Home,Blender,Store,3,92.65,277.95,185.76,92.19
ORD-100545,46134,West,Jordan Smith,Clothing,Hoodie,Store,1,54.74,54.74,27.22,27.52
ORD-100695,46134,North,Emily Chen,Home,Blender,Online,6,89.68,538.08,370.64,167.44
ORD-100726,46134,North,Emily Chen,Electronics,Headphones,Store,3,84.14,252.42,157.52,94.9
ORD-100859,46134,West,Tom Nguyen,Clothing,Jacket,Store,6,98.86,593.16,313.45,279.71
ORD-100897,46134,East,David Lee,Electronics,Monitor,Online,5,257.82,1289.1,920.41,368.69
ORD-100918,46134,North,Nina Patel,Home,Air Fryer,Store,5,137.4,687,442.71,244.29
ORD-100925,46134,West,Jordan Smith,Home,Blender,Marketplace,4,86.16,344.64,227.14,117.5
ORD-101029,46134,West,Rachel Green,Clothing,Hoodie,Online,5,58.13,290.65,139.58,151.07
ORD-101276,46134,South,Ana Lopez,Sports,Fitness Tracker,Online,3,143.09,429.27,278.36,150.91
ORD-101421,46134,East,Marcus Reed,Clothing,Sneakers,Online,4,99.78,399.12,245.58,153.54
ORD-101457,46134,North,Emily Chen,Electronics,Monitor,Online,6,259.12,1554.72,1099.52,455.2
ORD-101885,46134,West,Rachel Green,Electronics,Headphones,Online,6,87.38,524.28,321.8,202.48
ORD-102163,46134,South,Ana Lopez,Electronics,Keyboard,Store,2,63.86,127.72,74.44,53.28
ORD-102342,46134,South,Ana Lopez,Home,Vacuum,Marketplace,6,189.31,1135.86,813.95,321.91
ORD-102353,46134,West,Rachel Green,Clothing,Hoodie,Online,6,57.31,343.86,170.25,173.61
ORD-102734,46134,South,Chris Brown,Home,Vacuum,Store,2,203.91,407.82,288.97,118.85
ORD-102748,46134,South,Mike Davis,Clothing,Hoodie,Marketplace,4,65.45,261.8,126.03,135.77
ORD-102904,46134,West,Jordan Smith,Home,Vacuum,Store,6,175.26,1051.56,731.73,319.83
ORD-102958,46134,West,Jordan Smith,Sports,Fitness Tracker,Store,4,144.38,577.52,391.51,186.01
ORD-102964,46134,East,Marcus Reed,Electronics,Webcam,Marketplace,1,102.52,102.52,59.99,42.53
ORD-102979,46134,South,Chris Brown,Electronics,Webcam,Online,2,117.14,234.28,142.62,91.66
ORD-103066,46134,South,Chris Brown,Sports,Yoga Mat,Online,5,36.62,183.1,90.11,92.99
ORD-103178,46134,North,Emily Chen,Clothing,Jeans,Online,1,74.39,74.39,37.93,36.46
ORD-103463,46134,North,James Wilson,Clothing,Jacket,Store,6,90.33,541.98,306.37,235.61
ORD-104642,46134,East,Marcus Reed,Electronics,Webcam,Online,6,116.29,697.74,406.36,291.38
ORD-104835,46134,East,Sarah Kim,Sports,Dumbbells,Online,4,75.96,303.84,186.84,117
ORD-104860,46134,North,Emily Chen,Electronics,Monitor,Online,6,256.37,1538.22,1068.3,469.92
ORD-104988,46134,North,Emily Chen,Electronics,Monitor,Store,3,230.83,692.49,480.87,211.62
ORD-100789,46135,East,Sarah Kim,Electronics,Keyboard,Online,4,61.74,246.96,142.43,104.53
ORD-101562,46135,West,Jordan Smith,Home,Blender,Store,2,88.82,177.64,120.85,56.79
ORD-101583,46135,North,Nina Patel,Electronics,Webcam,Online,4,115.57,462.28,280.86,181.42
ORD-101729,46135,East,David Lee,Sports,Dumbbells,Online,4,73.86,295.44,179.02,116.42
ORD-102006,46135,West,Jordan Smith,Electronics,Headphones,Online,6,90.93,545.58,347.14,198.44
ORD-102117,46135,East,Marcus Reed,Electronics,Monitor,Store,3,272.13,816.39,572.44,243.95
ORD-102164,46135,East,Marcus Reed,Home,Coffee Maker,Online,3,130.82,392.46,260.45,132.01
ORD-102237,46135,North,Nina Patel,Electronics,Monitor,Online,4,264.04,1056.16,749.95,306.21
ORD-102716,46135,West,Jordan Smith,Clothing,Jeans,Store,1,64.3,64.3,33.89,30.41
ORD-102877,46135,East,Marcus Reed,Clothing,Jacket,Online,2,86.53,173.06,95.83,77.23
ORD-102993,46135,South,Chris Brown,Home,Blender,Online,5,77.42,387.1,273.41,113.69
ORD-103357,46135,West,Rachel Green,Electronics,Headphones,Online,1,86.75,86.75,53.5,33.25
ORD-103396,46135,North,Nina Patel,Electronics,Headphones,Marketplace,3,84.25,252.75,152.76,99.99
ORD-103816,46135,North,Nina Patel,Home,Coffee Maker,Store,6,112.72,676.32,443.38,232.94
ORD-103846,46135,East,David Lee,Electronics,Keyboard,Marketplace,5,64.29,321.45,187.53,133.92
ORD-103853,46135,North,James Wilson,Home,Coffee Maker,Online,2,119.08,238.16,156.46,81.7
ORD-103864,46135,North,Emily Chen,Home,Blender,Online,5,83.73,418.65,289.26,129.39
ORD-104209,46135,West,Tom Nguyen,Home,Blender,Store,1,93.34,93.34,64.89,28.45
ORD-104340,46135,East,Marcus Reed,Electronics,Headphones,Marketplace,5,82.06,410.3,261.93,148.37
ORD-104458,46135,West,Tom Nguyen,Electronics,Headphones,Store,6,87.28,523.68,311.96,211.72
ORD-100007,46136,North,Nina Patel,Sports,Dumbbells,Online,5,71.82,359.1,222.25,136.85
ORD-100203,46136,West,Rachel Green,Home,Coffee Maker,Marketplace,4,131.32,525.28,341.69,183.59
ORD-100785,46136,South,Ana Lopez,Home,Vacuum,Online,4,183.29,733.16,520.47,212.69
ORD-101504,46136,East,Marcus Reed,Home,Coffee Maker,Online,6,131.09,786.54,509.53,277.01
ORD-101546,46136,South,Mike Davis,Clothing,Jacket,Online,2,103.69,207.38,110.45,96.93
ORD-101632,46136,West,Tom Nguyen,Sports,Fitness Tracker,Online,5,144.23,721.15,461.51,259.64
ORD-102332,46136,North,James Wilson,Home,Air Fryer,Store,5,141.02,705.1,476.57,228.53
ORD-103203,46136,South,Mike Davis,Sports,Fitness Tracker,Online,1,128.95,128.95,85.83,43.12
ORD-103232,46136,East,David Lee,Clothing,Sneakers,Online,4,102.01,408.04,235.27,172.77
ORD-103413,46136,North,Nina Patel,Clothing,Hoodie,Store,3,55.84,167.52,83.89,83.63
ORD-103518,46136,North,James Wilson,Electronics,Headphones,Store,2,82.95,165.9,99.81,66.09
ORD-103894,46136,South,Chris Brown,Sports,Fitness Tracker,Store,2,138.11,276.22,180.5,95.72
ORD-103970,46136,East,David Lee,Clothing,Jeans,Online,4,68.63,274.52,142.91,131.61
ORD-104048,46136,East,David Lee,Electronics,Webcam,Marketplace,6,115.3,691.8,415.43,276.37
ORD-104398,46136,East,Sarah Kim,Home,Air Fryer,Store,4,146.61,586.44,406.33,180.11
ORD-104546,46136,East,Sarah Kim,Electronics,Webcam,Online,6,111.02,666.12,384.5,281.62
ORD-104584,46136,East,Marcus Reed,Sports,Fitness Tracker,Online,5,129.66,648.3,428.58,219.72
ORD-104763,46136,East,Marcus Reed,Sports,Yoga Mat,Online,6,43.81,262.86,130.03,132.83
ORD-104772,46136,East,Marcus Reed,Electronics,Monitor,Store,1,236.99,236.99,169.38,67.61
ORD-100054,46137,North,Emily Chen,Home,Coffee Maker,Online,1,130.47,130.47,83.09,47.38
ORD-100157,46137,East,Sarah Kim,Clothing,Sneakers,Online,3,116.95,350.85,216.58,134.27
ORD-100277,46137,West,Jordan Smith,Clothing,Jacket,Store,1,96.96,96.96,52.24,44.72
ORD-100807,46137,North,Nina Patel,Clothing,Hoodie,Store,2,54.98,109.96,54.69,55.27
ORD-100974,46137,North,Emily Chen,Electronics,Keyboard,Online,4,66.74,266.96,151,115.96
ORD-101048,46137,East,David Lee,Sports,Dumbbells,Store,3,73.34,220.02,138.53,81.49
ORD-101080,46137,South,Mike Davis,Sports,Yoga Mat,Online,2,42.83,85.66,42.41,43.25
ORD-101577,46137,South,Chris Brown,Sports,Dumbbells,Store,6,74.34,446.04,273.24,172.8
ORD-102308,46137,East,Sarah Kim,Electronics,Webcam,Store,3,109.02,327.06,201.4,125.66
ORD-102346,46137,North,James Wilson,Clothing,Jeans,Online,3,76.81,230.43,121.94,108.49
ORD-102684,46137,East,Marcus Reed,Electronics,Webcam,Online,2,114.3,228.6,131.74,96.86
ORD-102888,46137,West,Tom Nguyen,Clothing,Hoodie,Marketplace,1,63.04,63.04,31.27,31.77
ORD-103148,46137,West,Tom Nguyen,Home,Blender,Online,6,83.6,501.6,340.79,160.81
ORD-103410,46137,West,Tom Nguyen,Clothing,Hoodie,Online,5,57.3,286.5,144.21,142.29
ORD-103491,46137,East,David Lee,Home,Air Fryer,Online,1,162.2,162.2,108.6,53.6
ORD-103606,46137,South,Chris Brown,Electronics,Webcam,Marketplace,4,118.17,472.68,286.46,186.22
ORD-104304,46137,West,Jordan Smith,Sports,Yoga Mat,Online,6,38.06,228.36,112.79,115.57
ORD-100008,46138,East,Sarah Kim,Electronics,Webcam,Store,5,114.51,572.55,351.25,221.3
ORD-100049,46138,South,Mike Davis,Electronics,Keyboard,Online,6,70.97,425.82,252.92,172.9
ORD-100175,46138,East,Marcus Reed,Electronics,Headphones,Marketplace,2,92.63,185.26,111.85,73.41
ORD-100193,46138,South,Chris Brown,Home,Vacuum,Online,3,175.5,526.5,371.85,154.65
ORD-100548,46138,North,James Wilson,Clothing,Hoodie,Store,3,57.48,172.44,85.81,86.63
ORD-100591,46138,South,Chris Brown,Home,Blender,Store,4,76.85,307.4,209.08,98.32
ORD-101344,46138,South,Ana Lopez,Home,Vacuum,Store,5,189.62,948.1,634.65,313.45
ORD-101355,46138,South,Mike Davis,Sports,Running Shoes,Marketplace,3,128.46,385.38,231.9,153.48
ORD-101381,46138,West,Tom Nguyen,Electronics,Monitor,Online,6,262.04,1572.24,1141.58,430.66
ORD-101487,46138,South,Ana Lopez,Electronics,Headphones,Store,2,93.09,186.18,116.79,69.39
ORD-101532,46138,East,Marcus Reed,Clothing,Jacket,Online,2,86.16,172.32,92.27,80.05
ORD-101827,46138,South,Ana Lopez,Clothing,Jeans,Store,3,73.92,221.76,117.88,103.88
ORD-101961,46138,East,David Lee,Clothing,Jeans,Marketplace,5,76.89,384.45,199.26,185.19
ORD-101964,46138,South,Ana Lopez,Clothing,Hoodie,Marketplace,4,64.32,257.28,128.05,129.23
ORD-102075,46138,South,Mike Davis,Home,Coffee Maker,Online,2,127.23,254.46,168.9,85.56
ORD-102091,46138,East,Sarah Kim,Sports,Running Shoes,Online,5,128.63,643.15,386.68,256.47
ORD-102211,46138,North,Emily Chen,Clothing,Jeans,Store,6,70.45,422.7,216.63,206.07
ORD-102519,46138,West,Tom Nguyen,Sports,Yoga Mat,Store,5,42.61,213.05,99.64,113.41
ORD-102588,46138,South,Chris Brown,Sports,Dumbbells,Online,5,70.98,354.9,208.81,146.09
ORD-103063,46138,West,Tom Nguyen,Home,Blender,Online,1,84.45,84.45,55.31,29.14
ORD-103122,46138,East,Sarah Kim,Electronics,Webcam,Store,6,102.15,612.9,365.57,247.33
ORD-103284,46138,West,Jordan Smith,Clothing,Jacket,Marketplace,6,86.61,519.66,278.71,240.95
ORD-103412,46138,South,Chris Brown,Sports,Running Shoes,Online,3,115.81,347.43,203.93,143.5
ORD-103511,46138,East,David Lee,Sports,Dumbbells,Online,3,68.79,206.37,124.62,81.75
ORD-103582,46138,West,Rachel Green,Electronics,Monitor,Online,2,231.93,463.86,325.64,138.22
ORD-103670,46138,East,David Lee,Home,Coffee Maker,Marketplace,6,118.33,709.98,471.83,238.15
ORD-103695,46138,South,Mike Davis,Electronics,Webcam,Store,5,108.45,542.25,322.02,220.23
ORD-103746,46138,North,Emily Chen,Sports,Dumbbells,Marketplace,6,78,468,275.86,192.14
ORD-103838,46138,West,Jordan Smith,Sports,Dumbbells,Store,4,75.14,300.56,186.12,114.44
ORD-103873,46138,North,Emily Chen,Clothing,Sneakers,Marketplace,1,108.22,108.22,66.82,41.4
ORD-103893,46138,South,Mike Davis,Electronics,Monitor,Online,3,259.36,778.08,546.35,231.73
ORD-103971,46138,North,Nina Patel,Electronics,Monitor,Online,4,268.98,1075.92,773.27,302.65
ORD-104075,46138,East,Marcus Reed,Sports,Fitness Tracker,Online,2,138.21,276.42,178.73,97.69
ORD-104116,46138,East,Marcus Reed,Clothing,Hoodie,Online,2,56.16,112.32,54.52,57.8
ORD-104419,46138,South,Chris Brown,Home,Vacuum,Online,5,187.32,936.6,654.13,282.47
ORD-104756,46138,East,David Lee,Clothing,Hoodie,Online,4,60.39,241.56,122.66,118.9
ORD-104974,46138,North,James Wilson,Electronics,Keyboard,Online,5,62.19,310.95,183.02,127.93
ORD-100285,46139,East,Marcus Reed,Electronics,Keyboard,Online,5,59.43,297.15,172.01,125.14
ORD-100521,46139,East,Sarah Kim,Sports,Running Shoes,Online,2,131.4,262.8,153.19,109.61
ORD-100706,46139,North,Emily Chen,Clothing,Hoodie,Online,4,64.3,257.2,124,133.2
ORD-100781,46139,East,Marcus Reed,Electronics,Webcam,Online,5,116.81,584.05,358.73,225.32
ORD-100825,46139,South,Ana Lopez,Sports,Yoga Mat,Online,6,40.22,241.32,113.27,128.05
ORD-101748,46139,South,Ana Lopez,Sports,Running Shoes,Online,2,135.43,270.86,164.96,105.9
ORD-101820,46139,West,Jordan Smith,Sports,Running Shoes,Marketplace,2,121.09,242.18,145.34,96.84
ORD-101878,46139,South,Chris Brown,Electronics,Webcam,Store,2,107.88,215.76,124.55,91.21
ORD-101936,46139,West,Jordan Smith,Electronics,Headphones,Online,2,83.79,167.58,106.29,61.29
ORD-102096,46139,East,David Lee,Sports,Fitness Tracker,Online,1,138.88,138.88,89.43,49.45
ORD-102145,46139,North,James Wilson,Electronics,Headphones,Store,2,95.15,190.3,117.38,72.92
ORD-102309,46139,West,Rachel Green,Sports,Fitness Tracker,Online,6,132.88,797.28,531.42,265.86
ORD-102426,46139,East,Sarah Kim,Clothing,Jacket,Marketplace,6,101.17,607.02,325.98,281.04
ORD-102580,46139,East,Sarah Kim,Electronics,Monitor,Online,1,268.27,268.27,192.61,75.66
ORD-102642,46139,South,Mike Davis,Electronics,Webcam,Marketplace,2,99.25,198.5,123.06,75.44
ORD-102735,46139,South,Mike Davis,Clothing,Jeans,Online,6,74.01,444.06,234.4,209.66
ORD-102754,46139,South,Mike Davis,Electronics,Keyboard,Online,2,58.8,117.6,67.69,49.91
ORD-102917,46139,West,Tom Nguyen,Electronics,Webcam,Store,5,118.95,594.75,350.95,243.8
ORD-103135,46139,South,Mike Davis,Clothing,Sneakers,Online,4,110.64,442.56,259.03,183.53
ORD-103155,46139,West,Jordan Smith,Clothing,Sneakers,Marketplace,1,105.72,105.72,63.02,42.7
ORD-103260,46139,West,Tom Nguyen,Home,Blender,Store,2,88.89,177.78,120.81,56.97
ORD-103415,46139,East,Sarah Kim,Electronics,Keyboard,Online,2,70.05,140.1,84.02,56.08
ORD-103581,46139,West,Jordan Smith,Electronics,Headphones,Store,2,90.53,181.06,111.41,69.65
ORD-103597,46139,West,Tom Nguyen,Electronics,Monitor,Store,4,226.14,904.56,624.57,279.99
ORD-104011,46139,South,Chris Brown,Home,Coffee Maker,Store,1,117.56,117.56,76.11,41.45
ORD-104253,46139,South,Ana Lopez,Home,Blender,Online,5,81.62,408.1,284.34,123.76
ORD-104797,46139,South,Chris Brown,Home,Air Fryer,Online,6,147.64,885.84,582.97,302.87
ORD-104928,46139,East,Sarah Kim,Home,Blender,Online,5,91.21,456.05,313.62,142.43
ORD-104969,46139,South,Ana Lopez,Home,Blender,Store,1,92.38,92.38,64.63,27.75
ORD-100056,46140,South,Chris Brown,Sports,Dumbbells,Marketplace,1,77.06,77.06,45.58,31.48
ORD-100087,46140,South,Chris Brown,Sports,Running Shoes,Marketplace,5,115.35,576.75,346.61,230.14
ORD-100955,46140,North,Emily Chen,Clothing,Jacket,Store,6,101.17,607.02,326.45,280.57
ORD-101206,46140,North,Nina Patel,Sports,Dumbbells,Online,6,78.96,473.76,284.55,189.21
ORD-101422,46140,South,Mike Davis,Home,Vacuum,Marketplace,1,201.94,201.94,139.19,62.75
ORD-101766,46140,West,Tom Nguyen,Electronics,Webcam,Marketplace,6,100.14,600.84,361.41,239.43
ORD-101911,46140,South,Mike Davis,Electronics,Webcam,Marketplace,5,118.96,594.8,348.48,246.32
ORD-102002,46140,West,Jordan Smith,Clothing,Jacket,Online,6,100.46,602.76,343.59,259.17
ORD-102324,46140,West,Jordan Smith,Electronics,Keyboard,Online,6,67.14,402.84,227.57,175.27
ORD-102410,46140,West,Rachel Green,Home,Coffee Maker,Store,3,109.41,328.23,212.48,115.75
ORD-102578,46140,East,David Lee,Sports,Running Shoes,Online,4,134.97,539.88,308.87,231.01
ORD-102737,46140,South,Mike Davis,Sports,Fitness Tracker,Store,6,148.19,889.14,568.83,320.31
ORD-102749,46140,East,Marcus Reed,Home,Air Fryer,Store,4,160.21,640.84,436.42,204.42
ORD-103267,46140,East,Marcus Reed,Home,Air Fryer,Store,3,154.04,462.12,314.04,148.08
ORD-103377,46140,East,Marcus Reed,Electronics,Webcam,Online,5,114.48,572.4,345.73,226.67
ORD-103739,46140,South,Chris Brown,Sports,Dumbbells,Online,5,77.36,386.8,244.49,142.31
ORD-103854,46140,West,Jordan Smith,Clothing,Jacket,Store,2,101.24,202.48,112.62,89.86
ORD-103886,46140,North,Nina Patel,Home,Coffee Maker,Online,6,123.05,738.3,482.87,255.43
ORD-103964,46140,East,David Lee,Sports,Running Shoes,Online,6,120.24,721.44,417.21,304.23
ORD-103999,46140,South,Ana Lopez,Sports,Fitness Tracker,Store,5,147.63,738.15,469.08,269.07
ORD-104266,46140,West,Jordan Smith,Home,Coffee Maker,Online,5,108.43,542.15,352.8,189.35
ORD-104324,46140,West,Tom Nguyen,Electronics,Webcam,Online,4,105.65,422.6,260.68,161.92
ORD-104658,46140,South,Chris Brown,Electronics,Webcam,Store,5,120.93,604.65,350.45,254.2
ORD-104804,46140,South,Chris Brown,Electronics,Webcam,Online,1,112.92,112.92,69.89,43.03
ORD-104833,46140,North,James Wilson,Clothing,Hoodie,Store,5,54.75,273.75,141.95,131.8
ORD-104981,46140,West,Rachel Green,Electronics,Monitor,Online,2,226.02,452.04,324.29,127.75
ORD-100124,46141,West,Jordan Smith,Clothing,Sneakers,Marketplace,1,118.04,118.04,72.51,45.53
ORD-100188,46141,North,Nina Patel,Sports,Fitness Tracker,Online,4,127.08,508.32,340.33,167.99
ORD-100284,46141,West,Tom Nguyen,Electronics,Keyboard,Marketplace,4,61.85,247.4,145.71,101.69
ORD-100424,46141,East,Marcus Reed,Clothing,Jacket,Store,2,91.59,183.18,99,84.18
ORD-100599,46141,East,Sarah Kim,Electronics,Webcam,Online,3,114.92,344.76,207.72,137.04
ORD-100684,46141,West,Jordan Smith,Clothing,Sneakers,Marketplace,6,106.02,636.12,389.29,246.83
ORD-100708,46141,East,Marcus Reed,Clothing,Jeans,Marketplace,2,66.19,132.38,67.39,64.99
ORD-100716,46141,West,Tom Nguyen,Clothing,Hoodie,Online,5,56.82,284.1,142.41,141.69
ORD-100754,46141,West,Jordan Smith,Sports,Dumbbells,Store,3,76.16,228.48,141.82,86.66
ORD-100929,46141,North,James Wilson,Home,Blender,Marketplace,4,82.06,328.24,224.62,103.62
ORD-101288,46141,North,Emily Chen,Clothing,Jacket,Online,6,104.01,624.06,352.69,271.37
ORD-101500,46141,West,Tom Nguyen,Sports,Dumbbells,Store,3,77.41,232.23,144.73,87.5
ORD-101576,46141,East,Marcus Reed,Sports,Dumbbells,Marketplace,3,73.17,219.51,131.36,88.15
ORD-101765,46141,East,Marcus Reed,Sports,Fitness Tracker,Store,4,143.35,573.4,369.82,203.58
ORD-101863,46141,South,Mike Davis,Sports,Fitness Tracker,Online,4,153.71,614.84,421.23,193.61
ORD-101897,46141,East,Marcus Reed,Clothing,Hoodie,Store,6,65.72,394.32,194.16,200.16
ORD-102530,46141,West,Rachel Green,Home,Air Fryer,Online,4,160.25,641,437.07,203.93
ORD-102741,46141,South,Ana Lopez,Electronics,Monitor,Marketplace,3,259.03,777.09,565.4,211.69
ORD-102938,46141,West,Rachel Green,Sports,Running Shoes,Marketplace,4,133.25,533,305.36,227.64
ORD-103058,46141,South,Mike Davis,Clothing,Hoodie,Store,4,54.21,216.84,104.49,112.35
ORD-103091,46141,East,Sarah Kim,Clothing,Sneakers,Online,4,102.57,410.28,238.75,171.53
ORD-103354,46141,West,Rachel Green,Sports,Yoga Mat,Online,1,36.85,36.85,17.27,19.58
ORD-103611,46141,North,Nina Patel,Clothing,Sneakers,Online,3,115.27,345.81,212.95,132.86
ORD-103948,46141,North,Emily Chen,Home,Blender,Marketplace,4,81.91,327.64,230.67,96.97
ORD-104214,46141,South,Mike Davis,Sports,Dumbbells,Online,5,69.57,347.85,209.75,138.1
ORD-104388,46141,East,Sarah Kim,Home,Blender,Store,5,77.77,388.85,255.33,133.52
ORD-104470,46141,West,Rachel Green,Clothing,Jeans,Online,2,72.95,145.9,78.4,67.5
ORD-104616,46141,West,Tom Nguyen,Electronics,Keyboard,Store,6,67.98,407.88,243.59,164.29
ORD-104692,46141,South,Ana Lopez,Clothing,Hoodie,Store,5,62.8,314,156.62,157.38
ORD-104812,46141,West,Rachel Green,Clothing,Sneakers,Online,6,111.23,667.38,390.45,276.93
ORD-104898,46141,West,Tom Nguyen,Electronics,Monitor,Store,1,254.48,254.48,183.92,70.56
ORD-104960,46141,East,Marcus Reed,Home,Coffee Maker,Marketplace,6,123.73,742.38,461.79,280.59
ORD-100115,46142,South,Chris Brown,Clothing,Hoodie,Marketplace,2,61.13,122.26,59.3,62.96
ORD-100454,46142,South,Chris Brown,Sports,Dumbbells,Online,5,80.51,402.55,242.9,159.65
ORD-100540,46142,West,Jordan Smith,Home,Coffee Maker,Online,5,126.19,630.95,418.73,212.22
ORD-100541,46142,West,Rachel Green,Sports,Dumbbells,Store,2,81.42,162.84,102.99,59.85
ORD-100579,46142,East,Sarah Kim,Home,Blender,Marketplace,5,87.87,439.35,299.89,139.46
ORD-100704,46142,North,Emily Chen,Sports,Running Shoes,Online,3,117.9,353.7,208.43,145.27
ORD-100829,46142,West,Tom Nguyen,Clothing,Jeans,Online,3,71.47,214.41,113.81,100.6
ORD-100870,46142,East,Sarah Kim,Sports,Running Shoes,Online,3,121.22,363.66,218.49,145.17
ORD-100938,46142,North,Emily Chen,Home,Blender,Marketplace,1,83.95,83.95,57.96,25.99
ORD-100988,46142,South,Ana Lopez,Clothing,Jeans,Store,4,73.5,294,157.6,136.4
ORD-101082,46142,West,Tom Nguyen,Sports,Yoga Mat,Marketplace,4,36.61,146.44,69.5,76.94
ORD-101142,46142,South,Chris Brown,Sports,Yoga Mat,Marketplace,4,36.75,147,72.61,74.39
ORD-102153,46142,South,Ana Lopez,Sports,Fitness Tracker,Online,5,138.7,693.5,440.15,253.35
ORD-102337,46142,West,Rachel Green,Clothing,Jeans,Store,3,67.78,203.34,105.92,97.42
ORD-102783,46142,West,Rachel Green,Clothing,Sneakers,Online,4,109.44,437.76,268.73,169.03
ORD-103348,46142,West,Rachel Green,Electronics,Keyboard,Store,6,67.55,405.3,228.13,177.17
ORD-103644,46142,North,Nina Patel,Sports,Yoga Mat,Online,3,40.39,121.17,60.1,61.07
ORD-103820,46142,South,Chris Brown,Clothing,Hoodie,Store,5,65.94,329.7,158.99,170.71
ORD-103913,46142,East,Marcus Reed,Sports,Yoga Mat,Marketplace,3,37.5,112.5,55.27,57.23
ORD-103933,46142,South,Chris Brown,Home,Air Fryer,Online,6,163.73,982.38,668.71,313.67
ORD-104063,46142,South,Mike Davis,Sports,Running Shoes,Marketplace,1,124.05,124.05,74.46,49.59
ORD-104858,46142,South,Mike Davis,Sports,Fitness Tracker,Store,2,137.97,275.94,184.49,91.45
ORD-100184,46143,North,James Wilson,Clothing,Sneakers,Marketplace,6,107.61,645.66,382.1,263.56
ORD-100268,46143,North,Nina Patel,Home,Blender,Marketplace,6,91.9,551.4,383.9,167.5
ORD-100390,46143,East,David Lee,Clothing,Hoodie,Online,5,58.72,293.6,151.41,142.19
ORD-100416,46143,West,Tom Nguyen,Electronics,Monitor,Store,6,260.22,1561.32,1062.25,499.07
ORD-100815,46143,East,Marcus Reed,Sports,Yoga Mat,Online,1,42.07,42.07,20.25,21.82
ORD-100889,46143,South,Ana Lopez,Electronics,Keyboard,Online,3,61.31,183.93,107.23,76.7
ORD-101005,46143,West,Tom Nguyen,Electronics,Keyboard,Online,2,60.11,120.22,67.87,52.35
ORD-101102,46143,North,James Wilson,Clothing,Jacket,Store,3,93.59,280.77,151.16,129.61
ORD-101516,46143,North,Emily Chen,Sports,Fitness Tracker,Store,6,131.72,790.32,508.86,281.46
ORD-101872,46143,West,Rachel Green,Home,Vacuum,Online,1,186.64,186.64,131.03,55.61
ORD-102228,46143,South,Chris Brown,Electronics,Keyboard,Store,4,66.86,267.44,149.34,118.1
ORD-102259,46143,East,Marcus Reed,Electronics,Monitor,Store,2,256.2,512.4,353.66,158.74
ORD-102298,46143,East,Sarah Kim,Clothing,Sneakers,Marketplace,5,115.64,578.2,347.91,230.29
ORD-102411,46143,South,Chris Brown,Home,Coffee Maker,Store,6,109.37,656.22,425.69,230.53
ORD-102786,46143,East,David Lee,Sports,Running Shoes,Marketplace,2,135.41,270.82,154.32,116.5
ORD-102787,46143,West,Tom Nguyen,Sports,Yoga Mat,Store,4,40.83,163.32,76.53,86.79
ORD-102804,46143,West,Jordan Smith,Electronics,Monitor,Online,1,260.34,260.34,188.57,71.77
ORD-102963,46143,South,Mike Davis,Clothing,Jeans,Store,3,67.3,201.9,104.86,97.04
ORD-102970,46143,South,Ana Lopez,Home,Air Fryer,Online,2,164.36,328.72,218.34,110.38
ORD-103315,46143,East,Marcus Reed,Home,Air Fryer,Online,5,150.94,754.7,519.69,235.01
ORD-103318,46143,East,Sarah Kim,Sports,Dumbbells,Store,2,68.09,136.18,81.31,54.87
ORD-103881,46143,East,Sarah Kim,Electronics,Headphones,Online,5,82.73,413.65,253.71,159.94
ORD-104058,46143,South,Ana Lopez,Electronics,Keyboard,Online,5,68.97,344.85,196.4,148.45
ORD-104137,46143,East,David Lee,Electronics,Monitor,Marketplace,1,249.81,249.81,167.91,81.9
ORD-104469,46143,West,Tom Nguyen,Sports,Fitness Tracker,Store,1,146.1,146.1,97.09,49.01
ORD-104723,46143,East,Marcus Reed,Sports,Running Shoes,Online,4,136.12,544.48,311.81,232.67
ORD-100229,46144,East,Sarah Kim,Sports,Fitness Tracker,Marketplace,2,129.92,259.84,173.93,85.91
ORD-100242,46144,South,Ana Lopez,Home,Vacuum,Marketplace,5,180.38,901.9,634.09,267.81
ORD-100262,46144,West,Tom Nguyen,Home,Air Fryer,Marketplace,3,148.52,445.56,290.9,154.66
ORD-100644,46144,South,Ana Lopez,Home,Blender,Online,1,83.5,83.5,55.36,28.14
ORD-100912,46144,North,Nina Patel,Home,Air Fryer,Marketplace,5,154.76,773.8,528.94,244.86
ORD-101412,46144,East,Marcus Reed,Home,Vacuum,Online,2,195.57,391.14,266.56,124.58
ORD-101638,46144,South,Mike Davis,Home,Vacuum,Online,4,204.2,816.8,574.16,242.64
ORD-101858,46144,North,James Wilson,Clothing,Hoodie,Store,5,59.11,295.55,148.69,146.86
ORD-101990,46144,South,Chris Brown,Home,Vacuum,Online,3,197.81,593.43,412.35,181.08
ORD-102094,46144,North,Emily Chen,Clothing,Hoodie,Online,1,65.92,65.92,32.52,33.4
ORD-102138,46144,East,Sarah Kim,Electronics,Webcam,Marketplace,1,110.81,110.81,67.71,43.1
ORD-102304,46144,East,Marcus Reed,Electronics,Headphones,Store,4,96.91,387.64,236.5,151.14
ORD-102803,46144,North,Emily Chen,Sports,Yoga Mat,Online,3,41.68,125.04,60.67,64.37
ORD-102894,46144,North,Nina Patel,Electronics,Keyboard,Online,1,68.26,68.26,39.42,28.84
ORD-102982,46144,North,Emily Chen,Sports,Running Shoes,Online,3,124.89,374.67,216.27,158.4
ORD-103116,46144,East,Marcus Reed,Home,Vacuum,Online,4,201.26,805.04,535.72,269.32
ORD-103119,46144,East,Sarah Kim,Clothing,Jacket,Online,3,103.34,310.02,172.77,137.25
ORD-103624,46144,East,David Lee,Home,Vacuum,Store,3,206.61,619.83,436.75,183.08
ORD-103767,46144,North,Emily Chen,Clothing,Hoodie,Store,3,59.95,179.85,86.5,93.35
ORD-103809,46144,West,Jordan Smith,Sports,Dumbbells,Online,6,71.57,429.42,258.16,171.26
ORD-103872,46144,West,Tom Nguyen,Home,Air Fryer,Online,1,159.66,159.66,110.03,49.63
ORD-103880,46144,North,Emily Chen,Sports,Fitness Tracker,Online,5,149.48,747.4,490.58,256.82
ORD-104053,46144,South,Chris Brown,Clothing,Sneakers,Store,6,102.97,617.82,377.02,240.8
ORD-104113,46144,East,Sarah Kim,Electronics,Monitor,Online,4,227.02,908.08,651.54,256.54
ORD-104138,46144,East,David Lee,Home,Coffee Maker,Store,5,124.81,624.05,412.05,212
ORD-104495,46144,South,Mike Davis,Home,Vacuum,Store,1,179.09,179.09,124.38,54.71
ORD-104498,46144,South,Ana Lopez,Electronics,Keyboard,Online,6,70.37,422.22,250.36,171.86
ORD-104535,46144,South,Chris Brown,Electronics,Webcam,Online,6,114.09,684.54,416.65,267.89
ORD-104544,46144,West,Tom Nguyen,Electronics,Headphones,Online,3,98.03,294.09,186.74,107.35
ORD-104639,46144,East,Marcus Reed,Electronics,Keyboard,Store,4,62.62,250.48,150.63,99.85
ORD-104649,46144,South,Chris Brown,Clothing,Jeans,Store,6,63.66,381.96,194.14,187.82
ORD-104998,46144,North,James Wilson,Sports,Yoga Mat,Online,6,43.11,258.66,126.3,132.36
ORD-100270,46145,North,Nina Patel,Home,Air Fryer,Online,1,160.52,160.52,107.09,53.43
ORD-100301,46145,East,Marcus Reed,Sports,Fitness Tracker,Store,6,145.89,875.34,587.6,287.74
ORD-100358,46145,East,David Lee,Clothing,Hoodie,Store,6,57.33,343.98,165.84,178.14
ORD-100404,46145,East,Marcus Reed,Sports,Fitness Tracker,Store,6,139.03,834.18,538.23,295.95
ORD-100595,46145,East,David Lee,Home,Air Fryer,Marketplace,2,146.89,293.78,199.02,94.76
ORD-100598,46145,South,Chris Brown,Electronics,Webcam,Store,5,119.21,596.05,366.41,229.64
ORD-100856,46145,East,David Lee,Home,Air Fryer,Store,6,138.25,829.5,564.12,265.38
ORD-101090,46145,North,Emily Chen,Electronics,Headphones,Marketplace,6,81.88,491.28,312.84,178.44
ORD-101110,46145,South,Mike Davis,Electronics,Webcam,Online,5,120.51,602.55,367.07,235.48
ORD-101139,46145,West,Tom Nguyen,Electronics,Monitor,Store,1,232.5,232.5,163.07,69.43
ORD-101297,46145,South,Ana Lopez,Clothing,Jeans,Store,1,72.63,72.63,36.35,36.28
ORD-101671,46145,South,Mike Davis,Electronics,Keyboard,Online,2,69.5,139,82.12,56.88
ORD-101865,46145,East,Marcus Reed,Electronics,Monitor,Online,5,244.16,1220.8,839.62,381.18
ORD-102131,46145,North,Emily Chen,Clothing,Sneakers,Online,3,103.9,311.7,191.15,120.55
ORD-102274,46145,East,David Lee,Clothing,Sneakers,Online,6,116.95,701.7,411.48,290.22
ORD-102435,46145,South,Mike Davis,Home,Vacuum,Online,5,172.51,862.55,604.58,257.97
ORD-102521,46145,West,Jordan Smith,Home,Blender,Online,6,79.61,477.66,325.13,152.53
ORD-102911,46145,East,David Lee,Electronics,Headphones,Store,3,86.28,258.84,165.42,93.42
ORD-103198,46145,North,James Wilson,Electronics,Webcam,Store,3,119.96,359.88,208.02,151.86
ORD-103264,46145,South,Chris Brown,Clothing,Jacket,Store,5,99.7,498.5,277.9,220.6
ORD-103336,46145,East,Marcus Reed,Sports,Dumbbells,Online,1,77.85,77.85,46.11,31.74
ORD-103462,46145,East,David Lee,Clothing,Sneakers,Online,1,110.14,110.14,66.88,43.26
ORD-103875,46145,South,Chris Brown,Home,Blender,Store,5,82.17,410.85,274.25,136.6
ORD-103895,46145,West,Jordan Smith,Clothing,Hoodie,Store,2,56.61,113.22,57.15,56.07
ORD-103972,46145,South,Mike Davis,Clothing,Jacket,Store,2,94.29,188.58,103.57,85.01
ORD-103975,46145,North,James Wilson,Clothing,Hoodie,Marketplace,6,65.7,394.2,204.21,189.99
ORD-104174,46145,North,Nina Patel,Home,Vacuum,Store,1,203.69,203.69,136.43,67.26
ORD-104362,46145,West,Jordan Smith,Electronics,Keyboard,Marketplace,6,71.1,426.6,249.68,176.92
ORD-104454,46145,East,Sarah Kim,Electronics,Webcam,Online,5,111.7,558.5,346.68,211.82
ORD-104656,46145,South,Mike Davis,Home,Blender,Online,1,83.44,83.44,56.85,26.59
ORD-104710,46145,East,Marcus Reed,Electronics,Keyboard,Store,3,60.51,181.53,107.85,73.68
ORD-104987,46145,North,Emily Chen,Electronics,Monitor,Store,5,264.98,1324.9,922.19,402.71
ORD-100059,46146,West,Rachel Green,Electronics,Keyboard,Store,6,66.95,401.7,225.35,176.35
ORD-100060,46146,East,Marcus Reed,Electronics,Monitor,Store,1,234.91,234.91,169.84,65.07
ORD-100601,46146,West,Rachel Green,Electronics,Headphones,Store,4,94.52,378.08,228.6,149.48
ORD-100602,46146,North,Emily Chen,Electronics,Webcam,Online,5,108.89,544.45,316.57,227.88
ORD-100650,46146,North,James Wilson,Electronics,Keyboard,Online,6,67.93,407.58,232.31,175.27
ORD-100857,46146,West,Jordan Smith,Clothing,Jacket,Store,3,101,303,171.47,131.53
ORD-100871,46146,East,Sarah Kim,Clothing,Jacket,Marketplace,4,92.62,370.48,196.67,173.81
ORD-101084,46146,East,Marcus Reed,Sports,Dumbbells,Online,4,69.69,278.76,176.81,101.95
ORD-101118,46146,South,Ana Lopez,Clothing,Hoodie,Online,2,65.85,131.7,64.31,67.39
ORD-101646,46146,West,Tom Nguyen,Home,Coffee Maker,Store,2,117.71,235.42,145.3,90.12
ORD-101714,46146,West,Rachel Green,Home,Blender,Store,1,77.51,77.51,52.31,25.2
ORD-102101,46146,South,Chris Brown,Clothing,Jacket,Online,1,86,86,46.67,39.33
ORD-102186,46146,East,Sarah Kim,Electronics,Keyboard,Marketplace,1,60.1,60.1,34.02,26.08
ORD-102273,46146,East,Marcus Reed,Clothing,Jacket,Online,1,93.63,93.63,53.32,40.31
ORD-102863,46146,North,Nina Patel,Home,Vacuum,Online,3,183.64,550.92,391.67,159.25
ORD-103143,46146,North,Nina Patel,Home,Air Fryer,Store,3,147.6,442.8,296.35,146.45
ORD-103211,46146,North,Emily Chen,Home,Coffee Maker,Store,1,119.88,119.88,77.58,42.3
ORD-103213,46146,East,David Lee,Electronics,Webcam,Store,4,115.91,463.64,282.5,181.14
ORD-103258,46146,East,David Lee,Clothing,Hoodie,Marketplace,3,56.49,169.47,83.72,85.75
ORD-103407,46146,West,Tom Nguyen,Electronics,Monitor,Online,4,226.84,907.36,631.97,275.39
ORD-103456,46146,West,Rachel Green,Clothing,Hoodie,Online,6,63.22,379.32,185.64,193.68
ORD-103715,46146,East,David Lee,Electronics,Keyboard,Online,6,68.35,410.1,240.47,169.63
ORD-104026,46146,South,Mike Davis,Clothing,Hoodie,Marketplace,1,61.95,61.95,30.12,31.83
ORD-104065,46146,South,Ana Lopez,Home,Vacuum,Online,2,180.11,360.22,241.2,119.02
ORD-104428,46146,North,Nina Patel,Electronics,Monitor,Online,3,232.56,697.68,487.25,210.43
ORD-104603,46146,North,Nina Patel,Clothing,Jacket,Store,3,89.3,267.9,151.27,116.63
ORD-104837,46146,East,Sarah Kim,Clothing,Jeans,Online,1,67.6,67.6,34.39,33.21
ORD-104992,46146,North,Emily Chen,Home,Air Fryer,Online,4,152.5,610,416.02,193.98
ORD-100083,46147,South,Chris Brown,Sports,Dumbbells,Marketplace,4,72.61,290.44,177.15,113.29
ORD-100302,46147,North,Nina Patel,Electronics,Headphones,Store,4,84.2,336.8,210.71,126.09
ORD-100797,46147,West,Tom Nguyen,Home,Blender,Marketplace,1,88,88,61.52,26.48
ORD-101117,46147,East,Marcus Reed,Home,Air Fryer,Store,2,154.78,309.56,215.25,94.31
ORD-101141,46147,West,Tom Nguyen,Sports,Dumbbells,Store,6,70.53,423.18,267.33,155.85
ORD-101169,46147,South,Ana Lopez,Home,Coffee Maker,Online,3,126.13,378.39,242.35,136.04
ORD-101233,46147,East,David Lee,Electronics,Keyboard,Online,6,69.74,418.44,242.86,175.58
ORD-101377,46147,North,Emily Chen,Clothing,Sneakers,Store,1,116.79,116.79,70.69,46.1
ORD-101494,46147,West,Jordan Smith,Electronics,Headphones,Store,3,90.49,271.47,163.93,107.54
ORD-102243,46147,West,Jordan Smith,Sports,Running Shoes,Store,1,115.41,115.41,70.33,45.08
ORD-102740,46147,West,Rachel Green,Electronics,Headphones,Online,5,94.59,472.95,286.74,186.21
ORD-102978,46147,North,Nina Patel,Electronics,Keyboard,Store,2,63.78,127.56,75.08,52.48
ORD-102989,46147,East,Marcus Reed,Electronics,Keyboard,Store,3,58.57,175.71,102.52,73.19
ORD-103026,46147,East,Marcus Reed,Sports,Running Shoes,Store,1,127.1,127.1,72.1,55
ORD-103239,46147,West,Tom Nguyen,Home,Vacuum,Online,4,186.56,746.24,500.38,245.86
ORD-103512,46147,North,Emily Chen,Sports,Running Shoes,Online,4,130.2,520.8,312.77,208.03
ORD-103527,46147,South,Ana Lopez,Home,Vacuum,Store,4,180.05,720.2,512.22,207.98
ORD-103605,46147,East,Marcus Reed,Sports,Yoga Mat,Store,3,40.32,120.96,56.87,64.09
ORD-103830,46147,North,Nina Patel,Electronics,Headphones,Online,3,87.51,262.53,164.77,97.76
ORD-104426,46147,East,David Lee,Electronics,Monitor,Online,3,226.61,679.83,484.3,195.53
ORD-104634,46147,South,Mike Davis,Home,Coffee Maker,Marketplace,5,109.57,547.85,364.09,183.76
ORD-104897,46147,West,Jordan Smith,Home,Air Fryer,Store,3,151.14,453.42,301.61,151.81
ORD-104901,46147,West,Rachel Green,Sports,Dumbbells,Store,3,78.54,235.62,139.13,96.49
ORD-104999,46147,East,David Lee,Home,Coffee Maker,Store,6,122.2,733.2,451.82,281.38
ORD-100350,46148,North,James Wilson,Clothing,Jacket,Online,1,96.58,96.58,53.48,43.1
ORD-100477,46148,East,Sarah Kim,Home,Blender,Store,3,91.51,274.53,183.58,90.95
ORD-100668,46148,East,Sarah Kim,Electronics,Webcam,Online,1,113.52,113.52,66.16,47.36
ORD-100744,46148,East,Sarah Kim,Home,Coffee Maker,Online,2,109.25,218.5,144.65,73.85
ORD-101246,46148,East,Sarah Kim,Electronics,Headphones,Online,4,95.45,381.8,236.58,145.22
ORD-101337,46148,South,Ana Lopez,Clothing,Jacket,Marketplace,2,97.83,195.66,108.52,87.14
ORD-101436,46148,South,Ana Lopez,Home,Vacuum,Store,6,171.05,1026.3,681.14,345.16
ORD-101519,46148,East,Sarah Kim,Sports,Running Shoes,Online,4,119.95,479.8,294.18,185.62
ORD-101613,46148,North,Nina Patel,Sports,Fitness Tracker,Online,6,132.4,794.4,538.35,256.05
ORD-101790,46148,South,Mike Davis,Electronics,Headphones,Online,5,92.81,464.05,279.96,184.09
ORD-101973,46148,East,David Lee,Electronics,Monitor,Store,2,273.13,546.26,369.86,176.4
ORD-102057,46148,West,Tom Nguyen,Clothing,Hoodie,Store,2,55.59,111.18,54.23,56.95
ORD-102209,46148,North,Nina Patel,Home,Vacuum,Store,3,192.32,576.96,406.9,170.06
ORD-102279,46148,North,Emily Chen,Electronics,Monitor,Store,5,233.89,1169.45,823.08,346.37
ORD-102433,46148,East,Sarah Kim,Sports,Yoga Mat,Store,2,42.71,85.42,41.81,43.61
ORD-102761,46148,North,Emily Chen,Clothing,Jacket,Marketplace,3,85.61,256.83,145.92,110.91
ORD-102880,46148,South,Chris Brown,Sports,Fitness Tracker,Store,1,135.18,135.18,91.84,43.34
ORD-103041,46148,North,James Wilson,Sports,Fitness Tracker,Store,1,129.56,129.56,87.1,42.46
ORD-103408,46148,East,Sarah Kim,Home,Air Fryer,Online,2,135.35,270.7,179.94,90.76
ORD-103465,46148,East,David Lee,Home,Air Fryer,Store,5,148.26,741.3,497.83,243.47
ORD-103608,46148,West,Jordan Smith,Clothing,Jeans,Online,6,67.39,404.34,204.44,199.9
ORD-103678,46148,East,Sarah Kim,Electronics,Headphones,Store,1,86.05,86.05,54.57,31.48
ORD-104088,46148,East,Marcus Reed,Clothing,Jacket,Online,3,103.43,310.29,175.63,134.66
ORD-104274,46148,East,David Lee,Electronics,Headphones,Online,5,91.34,456.7,276.72,179.98
ORD-104341,46148,West,Rachel Green,Sports,Dumbbells,Marketplace,5,81.92,409.6,258.35,151.25
ORD-104343,46148,East,Sarah Kim,Electronics,Monitor,Online,1,254.38,254.38,175.06,79.32
ORD-104389,46148,South,Chris Brown,Electronics,Headphones,Online,5,82.23,411.15,251.52,159.63
ORD-104476,46148,South,Chris Brown,Sports,Running Shoes,Store,5,122.84,614.2,371.93,242.27
ORD-104734,46148,East,Marcus Reed,Sports,Running Shoes,Online,4,122.63,490.52,289.23,201.29
ORD-104862,46148,West,Tom Nguyen,Home,Air Fryer,Online,2,146.55,293.1,189.34,103.76
ORD-100004,46149,West,Tom Nguyen,Sports,Running Shoes,Online,5,124.17,620.85,352.93,267.92
ORD-100094,46149,South,Chris Brown,Electronics,Monitor,Online,6,267.67,1606.02,1106.13,499.89
ORD-100231,46149,West,Rachel Green,Clothing,Jeans,Marketplace,3,65.98,197.94,98.85,99.09
ORD-100455,46149,South,Mike Davis,Sports,Fitness Tracker,Store,2,130.87,261.74,166.64,95.1
ORD-100764,46149,West,Rachel Green,Clothing,Hoodie,Online,2,62.68,125.36,63.93,61.43
ORD-100982,46149,South,Mike Davis,Clothing,Jeans,Store,5,69.13,345.65,177.58,168.07
ORD-100991,46149,South,Mike Davis,Clothing,Sneakers,Store,5,114.55,572.75,354.8,217.95
ORD-101036,46149,West,Jordan Smith,Electronics,Webcam,Store,5,110.77,553.85,332.68,221.17
ORD-101074,46149,East,David Lee,Clothing,Sneakers,Store,5,118.15,590.75,359.34,231.41
ORD-101477,46149,East,David Lee,Electronics,Keyboard,Store,6,70.58,423.48,241.89,181.59
ORD-101773,46149,South,Chris Brown,Home,Vacuum,Store,2,193.49,386.98,270.93,116.05
ORD-101795,46149,East,David Lee,Electronics,Monitor,Store,3,272.01,816.03,564.38,251.65
ORD-101968,46149,West,Tom Nguyen,Home,Coffee Maker,Store,4,129.03,516.12,326.86,189.26
ORD-102070,46149,South,Mike Davis,Clothing,Sneakers,Store,2,105.85,211.7,122.89,88.81
ORD-102697,46149,South,Chris Brown,Electronics,Monitor,Online,4,228.53,914.12,639.14,274.98
ORD-103158,46149,West,Rachel Green,Electronics,Headphones,Store,6,84,504,320.41,183.59
ORD-103749,46149,South,Mike Davis,Home,Coffee Maker,Store,4,130.29,521.16,338.08,183.08
ORD-103789,46149,East,Marcus Reed,Sports,Running Shoes,Store,3,130.73,392.19,236.44,155.75
ORD-103836,46149,East,David Lee,Sports,Dumbbells,Online,2,73.95,147.9,87.19,60.71
ORD-104170,46149,South,Ana Lopez,Electronics,Headphones,Online,3,86.11,258.33,161.69,96.64
ORD-104365,46149,North,Nina Patel,Home,Vacuum,Marketplace,4,187.07,748.28,530.68,217.6
ORD-104493,46149,North,Emily Chen,Clothing,Jeans,Online,2,72.58,145.16,76.33,68.83
ORD-104608,46149,East,Marcus Reed,Clothing,Jacket,Store,2,99.3,198.6,106.81,91.79
ORD-104742,46149,East,Marcus Reed,Electronics,Monitor,Online,4,234.88,939.52,635.18,304.34
ORD-104813,46149,South,Mike Davis,Clothing,Sneakers,Store,5,116.6,583,348.95,234.05
ORD-104849,46149,South,Chris Brown,Home,Coffee Maker,Online,6,118.15,708.9,462.32,246.58
ORD-104892,46149,South,Mike Davis,Electronics,Headphones,Store,6,89.43,536.58,340.97,195.61
ORD-104940,46149,South,Ana Lopez,Clothing,Jacket,Online,3,90.89,272.67,151.45,121.22
ORD-104971,46149,South,Mike Davis,Sports,Fitness Tracker,Online,5,139.03,695.15,461.18,233.97
ORD-100255,46150,North,James Wilson,Electronics,Monitor,Online,5,232.68,1163.4,797.85,365.55
ORD-100638,46150,North,Nina Patel,Home,Coffee Maker,Marketplace,2,112.2,224.4,139.61,84.79
ORD-100663,46150,East,David Lee,Home,Blender,Online,5,80.26,401.3,266.35,134.95
ORD-100809,46150,West,Jordan Smith,Electronics,Webcam,Online,5,99.34,496.7,298.7,198
ORD-100869,46150,North,James Wilson,Electronics,Headphones,Online,6,81.6,489.6,305.32,184.28
ORD-100997,46150,West,Rachel Green,Clothing,Hoodie,Store,1,56.36,56.36,28.82,27.54
ORD-101017,46150,South,Chris Brown,Sports,Running Shoes,Online,6,129.75,778.5,449.39,329.11
ORD-101307,46150,South,Mike Davis,Electronics,Webcam,Online,5,108.93,544.65,323.33,221.32
ORD-101317,46150,East,Sarah Kim,Electronics,Webcam,Marketplace,5,120.84,604.2,370.76,233.44
ORD-101391,46150,North,Emily Chen,Sports,Dumbbells,Online,2,76.35,152.7,89.6,63.1
ORD-101435,46150,South,Ana Lopez,Electronics,Headphones,Store,3,92.86,278.58,170.4,108.18
ORD-101470,46150,East,Marcus Reed,Electronics,Monitor,Marketplace,6,249.95,1499.7,1018.36,481.34
ORD-101569,46150,East,David Lee,Home,Vacuum,Online,4,181.34,725.36,486.53,238.83
ORD-101974,46150,South,Chris Brown,Clothing,Hoodie,Marketplace,4,60.02,240.08,123.29,116.79
ORD-102111,46150,South,Mike Davis,Home,Blender,Marketplace,2,77.96,155.92,108.28,47.64
ORD-102380,46150,East,David Lee,Clothing,Jacket,Online,3,97.41,292.23,159.92,132.31
ORD-102438,46150,West,Tom Nguyen,Electronics,Headphones,Store,5,96.85,484.25,295.25,189
ORD-102631,46150,South,Chris Brown,Sports,Yoga Mat,Online,1,40,40,18.84,21.16
ORD-102951,46150,North,Emily Chen,Sports,Fitness Tracker,Store,4,139.68,558.72,377.01,181.71
ORD-103102,46150,East,Marcus Reed,Sports,Fitness Tracker,Store,5,142.29,711.45,463.99,247.46
ORD-103174,46150,East,Marcus Reed,Sports,Fitness Tracker,Store,1,147.82,147.82,96.67,51.15
ORD-103571,46150,South,Chris Brown,Home,Vacuum,Online,1,171.37,171.37,117.27,54.1
ORD-103703,46150,East,Sarah Kim,Home,Blender,Marketplace,2,80.51,161.02,110.13,50.89
ORD-103818,46150,West,Jordan Smith,Electronics,Monitor,Online,3,243.7,731.1,506.03,225.07
ORD-103877,46150,South,Chris Brown,Clothing,Jeans,Online,6,65.09,390.54,196.24,194.3
ORD-103988,46150,North,Emily Chen,Home,Blender,Store,6,85.23,511.38,355.08,156.3
ORD-104136,46150,East,Sarah Kim,Home,Blender,Store,5,88.13,440.65,297.85,142.8
ORD-104186,46150,South,Mike Davis,Electronics,Keyboard,Store,6,58.83,352.98,196.9,156.08
ORD-104393,46150,North,Emily Chen,Electronics,Webcam,Marketplace,6,108.29,649.74,380.52,269.22
ORD-104463,46150,North,James Wilson,Home,Vacuum,Store,2,188.06,376.12,269.38,106.74
ORD-104537,46150,South,Mike Davis,Electronics,Headphones,Online,5,88.58,442.9,278.6,164.3
ORD-104780,46150,East,Sarah Kim,Home,Vacuum,Online,1,171.98,171.98,122.71,49.27
ORD-100095,46151,North,James Wilson,Electronics,Keyboard,Online,6,59.6,357.6,204.79,152.81
ORD-100549,46151,East,Marcus Reed,Sports,Dumbbells,Store,2,77.14,154.28,95.26,59.02
ORD-100701,46151,North,James Wilson,Electronics,Webcam,Store,6,111.59,669.54,413.92,255.62
ORD-100885,46151,South,Ana Lopez,Sports,Yoga Mat,Online,1,39.89,39.89,18.45,21.44
ORD-100994,46151,East,Marcus Reed,Clothing,Sneakers,Store,5,105.34,526.7,317.29,209.41
ORD-101485,46151,East,Sarah Kim,Clothing,Hoodie,Store,6,60.81,364.86,184.57,180.29
ORD-101650,46151,North,Nina Patel,Clothing,Hoodie,Online,4,57.32,229.28,116.04,113.24
ORD-101698,46151,South,Ana Lopez,Sports,Dumbbells,Marketplace,4,72.22,288.88,174.78,114.1
ORD-101728,46151,South,Ana Lopez,Electronics,Keyboard,Online,2,64.94,129.88,74.67,55.21
ORD-101888,46151,South,Chris Brown,Home,Air Fryer,Online,3,159.86,479.58,313.29,166.29
ORD-102202,46151,North,Emily Chen,Electronics,Headphones,Store,6,95.33,571.98,361.66,210.32
ORD-102246,46151,East,Sarah Kim,Sports,Yoga Mat,Store,3,42.88,128.64,59.36,69.28
ORD-102289,46151,South,Mike Davis,Clothing,Sneakers,Online,6,115.27,691.62,429.84,261.78
ORD-102660,46151,South,Chris Brown,Home,Coffee Maker,Store,1,120.61,120.61,79.12,41.49
ORD-103096,46151,South,Mike Davis,Clothing,Jeans,Store,2,67.99,135.98,70.36,65.62
ORD-103219,46151,South,Chris Brown,Electronics,Keyboard,Store,2,68.31,136.62,80.85,55.77
ORD-103252,46151,South,Chris Brown,Home,Coffee Maker,Marketplace,5,127.62,638.1,408.22,229.88
ORD-103308,46151,East,David Lee,Sports,Fitness Tracker,Marketplace,3,147.78,443.34,301.07,142.27
ORD-103402,46151,East,David Lee,Sports,Yoga Mat,Store,1,36.11,36.11,17.14,18.97
ORD-103566,46151,East,David Lee,Home,Vacuum,Online,4,178.16,712.64,487.26,225.38
ORD-103815,46151,West,Rachel Green,Electronics,Keyboard,Store,2,63.11,126.22,74.27,51.95
ORD-103903,46151,East,Marcus Reed,Home,Coffee Maker,Store,6,115.17,691.02,454.07,236.95
ORD-104526,46151,East,David Lee,Clothing,Sneakers,Store,2,120.53,241.06,141.34,99.72
ORD-104679,46151,South,Ana Lopez,Sports,Fitness Tracker,Online,6,149.77,898.62,591.76,306.86
ORD-100002,46152,East,Marcus Reed,Home,Air Fryer,Marketplace,3,154.32,462.96,318.19,144.77
ORD-100169,46152,North,James Wilson,Electronics,Keyboard,Store,2,60.05,120.1,67.35,52.75
ORD-100211,46152,East,Marcus Reed,Electronics,Keyboard,Store,3,65.11,195.33,112.72,82.61
ORD-100226,46152,West,Rachel Green,Sports,Fitness Tracker,Marketplace,6,150.92,905.52,588.77,316.75
ORD-100280,46152,West,Jordan Smith,Sports,Yoga Mat,Online,4,42.8,171.2,82.92,88.28
ORD-100420,46152,South,Chris Brown,Home,Air Fryer,Online,2,142.34,284.68,183.28,101.4
ORD-100531,46152,West,Jordan Smith,Sports,Running Shoes,Marketplace,5,133.31,666.55,400.51,266.04
ORD-100939,46152,South,Ana Lopez,Clothing,Hoodie,Store,6,60.39,362.34,183.27,179.07
ORD-100987,46152,North,Nina Patel,Home,Air Fryer,Store,5,159.25,796.25,554.29,241.96
ORD-101014,46152,West,Tom Nguyen,Clothing,Hoodie,Online,5,59.75,298.75,147.41,151.34
ORD-101140,46152,West,Rachel Green,Sports,Fitness Tracker,Marketplace,6,151.29,907.74,596.43,311.31
ORD-101510,46152,South,Mike Davis,Home,Vacuum,Marketplace,2,183.34,366.68,261.8,104.88
ORD-101644,46152,North,James Wilson,Clothing,Hoodie,Online,6,59.84,359.04,172.39,186.65
ORD-102003,46152,North,Nina Patel,Home,Air Fryer,Online,2,159.62,319.24,217.34,101.9
ORD-102194,46152,West,Tom Nguyen,Clothing,Jacket,Online,1,85.6,85.6,46.36,39.24
ORD-102225,46152,East,David Lee,Electronics,Webcam,Online,6,115.54,693.24,416.23,277.01
ORD-102831,46152,West,Tom Nguyen,Clothing,Jeans,Store,1,65.72,65.72,33.59,32.13
ORD-102867,46152,East,Sarah Kim,Home,Air Fryer,Store,4,155.31,621.24,414.55,206.69
ORD-103157,46152,North,Nina Patel,Clothing,Jacket,Online,4,104.03,416.12,236.71,179.41
ORD-103256,46152,North,James Wilson,Home,Blender,Store,5,85.31,426.55,299.02,127.53
ORD-103499,46152,South,Chris Brown,Sports,Running Shoes,Store,1,114.9,114.9,67.57,47.33
ORD-103575,46152,West,Rachel Green,Sports,Running Shoes,Store,3,120.49,361.47,216.73,144.74
ORD-103579,46152,North,Emily Chen,Sports,Dumbbells,Online,4,82.06,328.24,200.24,128
ORD-103937,46152,South,Ana Lopez,Home,Air Fryer,Online,3,143.79,431.37,293.35,138.02
ORD-104188,46152,West,Rachel Green,Electronics,Monitor,Online,3,274.04,822.12,556.06,266.06
ORD-104275,46152,North,James Wilson,Electronics,Monitor,Store,5,271.37,1356.85,973.19,383.66
ORD-104421,46152,North,James Wilson,Home,Air Fryer,Store,2,136.13,272.26,183.98,88.28
ORD-104485,46152,South,Ana Lopez,Clothing,Jacket,Store,5,95.14,475.7,265.49,210.21
ORD-104706,46152,East,Marcus Reed,Home,Blender,Store,4,92,368,258.07,109.93
ORD-100017,46153,South,Mike Davis,Electronics,Monitor,Store,6,260.97,1565.82,1090.12,475.7
ORD-100213,46153,East,David Lee,Sports,Yoga Mat,Marketplace,3,39.8,119.4,55.3,64.1
ORD-100261,46153,South,Chris Brown,Home,Air Fryer,Store,4,137.16,548.64,368.05,180.59
ORD-100370,46153,East,Sarah Kim,Home,Vacuum,Online,3,188.14,564.42,386.41,178.01
ORD-100408,46153,North,James Wilson,Home,Coffee Maker,Online,5,126.19,630.95,418.01,212.94
ORD-100488,46153,South,Mike Davis,Electronics,Keyboard,Online,4,62.39,249.56,141.64,107.92
ORD-100533,46153,West,Jordan Smith,Sports,Running Shoes,Store,2,131.42,262.84,160.49,102.35
ORD-100660,46153,North,James Wilson,Electronics,Keyboard,Store,1,64.31,64.31,37.34,26.97
ORD-100798,46153,South,Chris Brown,Home,Air Fryer,Store,2,156.5,313,217.27,95.73
ORD-100873,46153,West,Tom Nguyen,Sports,Yoga Mat,Online,1,40.8,40.8,18.93,21.87
ORD-100946,46153,North,Emily Chen,Sports,Fitness Tracker,Online,2,148.64,297.28,192.65,104.63
ORD-101072,46153,South,Ana Lopez,Electronics,Headphones,Store,4,84.39,337.56,208.35,129.21
ORD-101318,46153,West,Rachel Green,Home,Blender,Store,3,77.33,231.99,161.86,70.13
ORD-101521,46153,West,Jordan Smith,Clothing,Jeans,Store,6,67.5,405,210.57,194.43
ORD-101570,46153,South,Mike Davis,Electronics,Monitor,Marketplace,1,238,238,171.88,66.12
ORD-102038,46153,South,Chris Brown,Clothing,Sneakers,Online,2,114.23,228.46,138.4,90.06
ORD-102079,46153,East,David Lee,Electronics,Monitor,Online,1,227.68,227.68,158.4,69.28
ORD-102256,46153,West,Rachel Green,Home,Air Fryer,Store,3,156.38,469.14,324.09,145.05
ORD-102305,46153,North,James Wilson,Electronics,Keyboard,Online,6,61.09,366.54,211.05,155.49
ORD-102542,46153,West,Rachel Green,Electronics,Webcam,Online,6,105.59,633.54,369.17,264.37
ORD-102554,46153,North,Nina Patel,Clothing,Jacket,Online,1,86.86,86.86,49.41,37.45
ORD-102664,46153,South,Mike Davis,Electronics,Headphones,Online,4,87,348,222.55,125.45
ORD-102686,46153,East,Marcus Reed,Home,Blender,Online,6,80.07,480.42,315.17,165.25
ORD-103006,46153,South,Mike Davis,Clothing,Sneakers,Online,2,110.93,221.86,132.19,89.67
ORD-103089,46153,North,Emily Chen,Clothing,Jeans,Store,3,65.04,195.12,98.14,96.98
ORD-103166,46153,East,Sarah Kim,Electronics,Webcam,Store,1,102.19,102.19,61.73,40.46
ORD-103229,46153,West,Rachel Green,Home,Coffee Maker,Store,4,123.04,492.16,312.79,179.37
ORD-103409,46153,North,James Wilson,Clothing,Jeans,Online,6,68.54,411.24,219.95,191.29
ORD-103416,46153,West,Rachel Green,Sports,Fitness Tracker,Marketplace,3,153.68,461.04,315.67,145.37
ORD-103503,46153,North,Nina Patel,Sports,Yoga Mat,Store,4,42.87,171.48,79.83,91.65
ORD-103619,46153,South,Mike Davis,Electronics,Headphones,Marketplace,5,90.39,451.95,290.34,161.61
ORD-103797,46153,North,Emily Chen,Home,Coffee Maker,Online,5,125.68,628.4,409.76,218.64
ORD-104148,46153,North,James Wilson,Home,Coffee Maker,Store,5,122.57,612.85,390.42,222.43
ORD-104564,46153,East,Marcus Reed,Electronics,Monitor,Store,3,250.29,750.87,524.57,226.3
ORD-104888,46153,North,James Wilson,Electronics,Headphones,Store,4,87.72,350.88,212.52,138.36
ORD-100491,46154,South,Ana Lopez,Sports,Dumbbells,Online,2,75.93,151.86,91.37,60.49
ORD-100724,46154,North,Emily Chen,Electronics,Headphones,Store,6,92.22,553.32,339.15,214.17
ORD-100742,46154,West,Tom Nguyen,Clothing,Jeans,Store,4,64.71,258.84,136.48,122.36
ORD-100749,46154,East,Sarah Kim,Home,Air Fryer,Online,4,143.8,575.2,379.4,195.8
ORD-100862,46154,West,Rachel Green,Electronics,Monitor,Store,3,231.22,693.66,466.94,226.72
ORD-101593,46154,South,Mike Davis,Electronics,Keyboard,Online,1,67.48,67.48,38.01,29.47
ORD-101681,46154,North,James Wilson,Electronics,Webcam,Marketplace,1,100.5,100.5,60.73,39.77
ORD-101696,46154,North,James Wilson,Clothing,Hoodie,Online,2,54.46,108.92,54.93,53.99
ORD-101829,46154,East,Marcus Reed,Home,Coffee Maker,Marketplace,4,123.72,494.88,306.66,188.22
ORD-102077,46154,North,James Wilson,Sports,Yoga Mat,Online,4,43.88,175.52,87.3,88.22
ORD-102257,46154,East,Marcus Reed,Home,Vacuum,Online,5,198.24,991.2,656.84,334.36
ORD-102860,46154,East,David Lee,Electronics,Webcam,Online,3,114.72,344.16,208.34,135.82
ORD-102865,46154,South,Mike Davis,Electronics,Webcam,Store,4,100.69,402.76,248.32,154.44
ORD-103136,46154,West,Jordan Smith,Home,Blender,Store,3,79.78,239.34,160.42,78.92
ORD-103285,46154,North,James Wilson,Home,Air Fryer,Store,2,135.22,270.44,185.42,85.02
ORD-103526,46154,East,Sarah Kim,Clothing,Sneakers,Marketplace,1,112.16,112.16,68.93,43.23
ORD-103549,46154,West,Rachel Green,Clothing,Jeans,Store,2,66.67,133.34,69.52,63.82
ORD-103650,46154,East,Sarah Kim,Clothing,Sneakers,Store,3,101.92,305.76,184.97,120.79
ORD-103837,46154,West,Rachel Green,Electronics,Monitor,Online,2,236.75,473.5,343.5,130
ORD-104047,46154,West,Rachel Green,Clothing,Sneakers,Marketplace,2,118.77,237.54,147.82,89.72
ORD-104585,46154,East,Marcus Reed,Sports,Fitness Tracker,Marketplace,5,134.38,671.9,441.09,230.81
ORD-104721,46154,South,Ana Lopez,Electronics,Headphones,Online,5,95.64,478.2,285.03,193.17
ORD-104943,46154,North,Emily Chen,Clothing,Jeans,Online,1,66.14,66.14,33.67,32.47
ORD-104983,46154,East,David Lee,Home,Blender,Online,5,88.14,440.7,305.4,135.3
ORD-100073,46155,West,Tom Nguyen,Home,Air Fryer,Store,6,138.48,830.88,537.63,293.25
ORD-100150,46155,East,David Lee,Home,Vacuum,Store,2,203.7,407.4,275.41,131.99
ORD-100249,46155,East,Marcus Reed,Home,Coffee Maker,Online,5,113.54,567.7,349.58,218.12
ORD-100276,46155,North,Emily Chen,Clothing,Sneakers,Online,1,113.17,113.17,68.5,44.67
ORD-100448,46155,North,Nina Patel,Sports,Running Shoes,Online,1,130.53,130.53,78.62,51.91
ORD-100791,46155,West,Tom Nguyen,Home,Vacuum,Marketplace,3,199.58,598.74,406.45,192.29
ORD-101064,46155,South,Chris Brown,Electronics,Keyboard,Store,1,66.85,66.85,38.37,28.48
ORD-101250,46155,South,Chris Brown,Home,Air Fryer,Marketplace,5,158.36,791.8,532.43,259.37
ORD-101419,46155,East,David Lee,Sports,Dumbbells,Online,4,77.71,310.84,189.6,121.24
ORD-101893,46155,West,Rachel Green,Sports,Yoga Mat,Marketplace,2,37.11,74.22,36.37,37.85
ORD-101980,46155,East,David Lee,Clothing,Jacket,Online,6,95.15,570.9,323.09,247.81
ORD-102162,46155,East,Sarah Kim,Home,Coffee Maker,Online,5,127.08,635.4,406.68,228.72
ORD-103137,46155,East,Marcus Reed,Electronics,Webcam,Store,4,112.14,448.56,261.91,186.65
ORD-103168,46155,West,Tom Nguyen,Clothing,Jacket,Online,6,86.13,516.78,274.56,242.22
ORD-103395,46155,West,Rachel Green,Home,Vacuum,Store,2,181.21,362.42,244.89,117.53
ORD-103521,46155,West,Rachel Green,Electronics,Webcam,Online,4,119.93,479.72,280.69,199.03
ORD-103859,46155,South,Mike Davis,Clothing,Jeans,Store,5,64.62,323.1,167.09,156.01
ORD-104276,46155,East,David Lee,Clothing,Jacket,Marketplace,4,96.48,385.92,203.8,182.12
ORD-104448,46155,East,David Lee,Electronics,Keyboard,Store,3,65.41,196.23,111.93,84.3
ORD-104460,46155,South,Ana Lopez,Sports,Fitness Tracker,Store,2,151.18,302.36,206.52,95.84
ORD-104715,46155,West,Rachel Green,Electronics,Monitor,Store,3,246.24,738.72,537.07,201.65
ORD-104913,46155,West,Tom Nguyen,Electronics,Monitor,Store,2,250.96,501.92,354,147.92
ORD-100044,46156,South,Mike Davis,Home,Vacuum,Store,6,185.63,1113.78,777.09,336.69
ORD-100046,46156,North,Emily Chen,Clothing,Jacket,Marketplace,2,102.91,205.82,113.03,92.79
ORD-100055,46156,South,Ana Lopez,Home,Vacuum,Store,6,189.22,1135.32,775.62,359.7
ORD-100337,46156,South,Mike Davis,Home,Coffee Maker,Store,5,120.02,600.1,399.09,201.01
ORD-100582,46156,West,Jordan Smith,Electronics,Webcam,Store,3,108.23,324.69,189.75,134.94
ORD-100830,46156,South,Ana Lopez,Clothing,Hoodie,Marketplace,5,54.75,273.75,139.67,134.08
ORD-100882,46156,North,James Wilson,Clothing,Jeans,Online,6,68.49,410.94,212.46,198.48
ORD-100908,46156,West,Jordan Smith,Sports,Yoga Mat,Online,5,38.19,190.95,91.66,99.29
ORD-101085,46156,North,James Wilson,Home,Air Fryer,Store,6,159.34,956.04,646.5,309.54
ORD-101093,46156,East,Marcus Reed,Electronics,Monitor,Online,3,260.01,780.03,559.99,220.04
ORD-101559,46156,East,Marcus Reed,Sports,Fitness Tracker,Store,6,142.69,856.14,572.15,283.99
ORD-101834,46156,East,David Lee,Electronics,Webcam,Online,2,119.55,239.1,141.03,98.07
ORD-102088,46156,East,Marcus Reed,Home,Air Fryer,Online,3,159.52,478.56,308.97,169.59
ORD-102149,46156,East,Marcus Reed,Home,Vacuum,Online,5,202.25,1011.25,675.45,335.8
ORD-102528,46156,East,Sarah Kim,Electronics,Headphones,Store,6,89.8,538.8,345.22,193.58
ORD-102584,46156,West,Tom Nguyen,Clothing,Jacket,Online,6,89.78,538.68,305.4,233.28
ORD-102856,46156,West,Tom Nguyen,Clothing,Sneakers,Online,4,110.79,443.16,256.35,186.81
ORD-103358,46156,North,Nina Patel,Home,Blender,Online,1,92.56,92.56,64.32,28.24
ORD-104054,46156,North,Nina Patel,Clothing,Hoodie,Online,3,62.07,186.21,91.22,94.99
ORD-104070,46156,North,Emily Chen,Home,Blender,Store,2,87.73,175.46,122.37,53.09
ORD-104203,46156,South,Ana Lopez,Clothing,Jacket,Online,6,100.98,605.88,324.76,281.12
ORD-104248,46156,South,Mike Davis,Electronics,Keyboard,Marketplace,3,58.83,176.49,100.5,75.99
ORD-100109,46157,West,Rachel Green,Electronics,Monitor,Store,3,232.52,697.56,470.61,226.95
ORD-100152,46157,South,Mike Davis,Clothing,Hoodie,Store,6,57.06,342.36,172.9,169.46
ORD-100234,46157,South,Chris Brown,Clothing,Jacket,Online,6,93.16,558.96,317.84,241.12
ORD-100427,46157,South,Mike Davis,Electronics,Keyboard,Online,2,65.64,131.28,74.07,57.21
ORD-100755,46157,South,Mike Davis,Sports,Dumbbells,Marketplace,2,73.18,146.36,87.13,59.23
ORD-100951,46157,West,Tom Nguyen,Clothing,Jeans,Store,4,68.28,273.12,143.16,129.96
ORD-101067,46157,West,Rachel Green,Sports,Dumbbells,Online,1,70.2,70.2,43.79,26.41
ORD-101099,46157,South,Ana Lopez,Home,Coffee Maker,Online,3,118.17,354.51,225.22,129.29
ORD-101309,46157,East,David Lee,Electronics,Headphones,Online,3,96.58,289.74,182.21,107.53
ORD-101393,46157,West,Jordan Smith,Clothing,Hoodie,Marketplace,6,55.6,333.6,172.89,160.71
ORD-101557,46157,North,Nina Patel,Clothing,Hoodie,Online,6,63.13,378.78,182.16,196.62
ORD-102214,46157,West,Rachel Green,Home,Blender,Store,2,88.71,177.42,118.75,58.67
ORD-102352,46157,West,Jordan Smith,Home,Coffee Maker,Marketplace,2,111.5,223,137.69,85.31
ORD-102393,46157,South,Mike Davis,Electronics,Headphones,Store,6,91,546,330.34,215.66
ORD-102490,46157,West,Rachel Green,Sports,Yoga Mat,Online,3,40.65,121.95,57.67,64.28
ORD-102698,46157,North,James Wilson,Clothing,Jacket,Store,3,92.15,276.45,154.66,121.79
ORD-102770,46157,East,Marcus Reed,Sports,Running Shoes,Store,4,120.09,480.36,279.13,201.23
ORD-102883,46157,West,Tom Nguyen,Clothing,Jeans,Online,5,73.42,367.1,185.39,181.71
ORD-103149,46157,West,Tom Nguyen,Home,Air Fryer,Online,6,144.74,868.44,572.31,296.13
ORD-103771,46157,West,Jordan Smith,Sports,Yoga Mat,Store,4,40.44,161.76,79.36,82.4
ORD-103870,46157,North,Emily Chen,Clothing,Jeans,Online,6,63.23,379.38,198.74,180.64
ORD-104176,46157,North,Nina Patel,Home,Air Fryer,Store,6,153.02,918.12,622.25,295.87
ORD-104321,46157,East,Sarah Kim,Home,Coffee Maker,Marketplace,5,111.71,558.55,357.12,201.43
ORD-104663,46157,North,Emily Chen,Sports,Yoga Mat,Online,4,43.14,172.56,79.62,92.94
ORD-104749,46157,South,Mike Davis,Sports,Running Shoes,Store,2,125.62,251.24,145.71,105.53
ORD-100034,46158,West,Tom Nguyen,Clothing,Jacket,Store,6,94.38,566.28,318.55,247.73
ORD-100167,46158,East,Marcus Reed,Electronics,Headphones,Store,6,90.7,544.2,346.02,198.18
ORD-100219,46158,North,James Wilson,Electronics,Monitor,Online,2,231.36,462.72,325.21,137.51
ORD-100347,46158,East,Marcus Reed,Sports,Fitness Tracker,Online,5,145.37,726.85,484.77,242.08
ORD-100411,46158,North,James Wilson,Electronics,Monitor,Online,2,235.84,471.68,324.22,147.46
ORD-100562,46158,East,Marcus Reed,Sports,Running Shoes,Store,4,125.25,501,284.62,216.38
ORD-100665,46158,North,Emily Chen,Sports,Running Shoes,Online,5,115.61,578.05,338.78,239.27
ORD-100921,46158,West,Tom Nguyen,Sports,Fitness Tracker,Online,5,130.29,651.45,436.5,214.95
ORD-100950,46158,South,Ana Lopez,Electronics,Headphones,Online,1,97.5,97.5,59.54,37.96
ORD-101003,46158,West,Rachel Green,Home,Air Fryer,Online,1,151.6,151.6,105.53,46.07
ORD-101044,46158,West,Tom Nguyen,Home,Coffee Maker,Store,4,109.74,438.96,287.39,151.57
ORD-101116,46158,West,Jordan Smith,Home,Coffee Maker,Online,6,111.19,667.14,430,237.14
ORD-101178,46158,East,David Lee,Sports,Yoga Mat,Online,6,43.55,261.3,122.09,139.21
ORD-101456,46158,South,Mike Davis,Home,Coffee Maker,Online,2,130.77,261.54,162.28,99.26
ORD-101717,46158,East,Marcus Reed,Home,Coffee Maker,Marketplace,1,129.95,129.95,83.73,46.22
ORD-101719,46158,North,Nina Patel,Home,Vacuum,Online,4,194.77,779.08,549.18,229.9
ORD-101722,46158,South,Ana Lopez,Clothing,Sneakers,Online,4,100.97,403.88,241.14,162.74
ORD-101835,46158,West,Tom Nguyen,Clothing,Jacket,Marketplace,3,89.73,269.19,144.26,124.93
ORD-102007,46158,West,Jordan Smith,Sports,Dumbbells,Marketplace,2,81.55,163.1,98.94,64.16
ORD-102404,46158,South,Chris Brown,Sports,Fitness Tracker,Store,1,145.95,145.95,92.58,53.37
ORD-102424,46158,North,Nina Patel,Sports,Running Shoes,Store,4,122.14,488.56,285.8,202.76
ORD-102509,46158,West,Jordan Smith,Electronics,Headphones,Online,4,95.58,382.32,244.24,138.08
ORD-102927,46158,North,Emily Chen,Sports,Yoga Mat,Marketplace,6,37.65,225.9,109.05,116.85
ORD-103208,46158,East,Marcus Reed,Home,Coffee Maker,Store,1,111.08,111.08,73.14,37.94
ORD-103305,46158,North,Emily Chen,Sports,Fitness Tracker,Store,5,145.23,726.15,480.1,246.05
ORD-103633,46158,East,Sarah Kim,Clothing,Hoodie,Online,3,57.96,173.88,86.01,87.87
ORD-103730,46158,East,David Lee,Sports,Yoga Mat,Online,3,40.86,122.58,57.45,65.13
ORD-103757,46158,East,Sarah Kim,Sports,Fitness Tracker,Marketplace,5,137.35,686.75,443.84,242.91
ORD-104303,46158,East,David Lee,Electronics,Monitor,Online,1,272.41,272.41,197.79,74.62
ORD-104383,46158,South,Ana Lopez,Sports,Fitness Tracker,Store,6,138.95,833.7,530.9,302.8
ORD-104533,46158,South,Ana Lopez,Electronics,Keyboard,Online,5,61.45,307.25,179.52,127.73
ORD-104690,46158,East,David Lee,Clothing,Jacket,Store,5,93.74,468.7,254,214.7
ORD-104908,46158,South,Mike Davis,Clothing,Sneakers,Store,3,120.23,360.69,213.41,147.28
ORD-100077,46159,South,Ana Lopez,Electronics,Keyboard,Store,2,60.63,121.26,68.45,52.81
ORD-100120,46159,South,Chris Brown,Clothing,Sneakers,Marketplace,5,108.22,541.1,325.04,216.06
ORD-100257,46159,South,Mike Davis,Sports,Yoga Mat,Store,2,38.32,76.64,36.95,39.69
ORD-100286,46159,North,Nina Patel,Home,Blender,Store,6,90.83,544.98,369,175.98
ORD-100618,46159,West,Tom Nguyen,Home,Blender,Online,4,79.93,319.72,218.3,101.42
ORD-100624,46159,South,Ana Lopez,Sports,Fitness Tracker,Online,5,139.31,696.55,462.99,233.56
ORD-100796,46159,South,Mike Davis,Electronics,Keyboard,Marketplace,2,60.42,120.84,67.39,53.45
ORD-101249,46159,North,James Wilson,Clothing,Hoodie,Online,4,61.92,247.68,120.57,127.11
ORD-101371,46159,East,Marcus Reed,Sports,Dumbbells,Store,4,74.77,299.08,177.79,121.29
ORD-101414,46159,East,David Lee,Sports,Dumbbells,Store,4,77.33,309.32,193.16,116.16
ORD-101676,46159,North,Emily Chen,Clothing,Sneakers,Online,5,117.88,589.4,350.16,239.24
ORD-101870,46159,North,James Wilson,Clothing,Sneakers,Online,3,117.97,353.91,217.92,135.99
ORD-101891,46159,South,Ana Lopez,Clothing,Sneakers,Store,4,103.55,414.2,240.77,173.43
ORD-101989,46159,South,Mike Davis,Home,Blender,Store,6,85.12,510.72,345.34,165.38
ORD-102044,46159,South,Ana Lopez,Electronics,Monitor,Store,6,238.35,1430.1,1040.13,389.97
ORD-102047,46159,North,Nina Patel,Home,Air Fryer,Online,4,140.36,561.44,390.19,171.25
ORD-102135,46159,East,Marcus Reed,Clothing,Jacket,Store,6,88.89,533.34,300.3,233.04
ORD-102287,46159,East,Sarah Kim,Electronics,Webcam,Store,6,104.39,626.34,376.68,249.66
ORD-102400,46159,South,Ana Lopez,Clothing,Jeans,Online,4,69.02,276.08,143.46,132.62
ORD-102463,46159,East,David Lee,Clothing,Jacket,Online,4,85.69,342.76,184.46,158.3
ORD-102638,46159,North,James Wilson,Home,Coffee Maker,Store,2,126.75,253.5,162.04,91.46
ORD-102645,46159,West,Tom Nguyen,Clothing,Sneakers,Marketplace,4,104.05,416.2,247.68,168.52
ORD-102745,46159,West,Rachel Green,Clothing,Jacket,Marketplace,2,94.99,189.98,104.68,85.3
ORD-103313,46159,North,Nina Patel,Electronics,Keyboard,Store,5,71.02,355.1,204.42,150.68
ORD-103314,46159,North,James Wilson,Home,Vacuum,Online,2,182.86,365.72,246.67,119.05
ORD-103319,46159,North,Emily Chen,Sports,Running Shoes,Online,2,129.79,259.58,158.69,100.89
ORD-103458,46159,West,Rachel Green,Clothing,Hoodie,Online,3,54.3,162.9,84.4,78.5
ORD-103483,46159,East,Marcus Reed,Electronics,Headphones,Online,5,88.39,441.95,274.35,167.6
ORD-103658,46159,West,Jordan Smith,Electronics,Webcam,Store,5,106.7,533.5,317.79,215.71
ORD-103721,46159,North,Emily Chen,Sports,Fitness Tracker,Store,6,141.12,846.72,538.84,307.88
ORD-103745,46159,West,Tom Nguyen,Clothing,Jacket,Store,1,93.55,93.55,51.85,41.7
ORD-104338,46159,North,Nina Patel,Electronics,Webcam,Store,3,115.55,346.65,206.56,140.09
ORD-104399,46159,West,Rachel Green,Sports,Running Shoes,Marketplace,4,122.76,491.04,294.33,196.71
ORD-104494,46159,South,Ana Lopez,Sports,Running Shoes,Marketplace,5,136.29,681.45,413.62,267.83
ORD-104632,46159,West,Jordan Smith,Sports,Yoga Mat,Online,2,42.04,84.08,40.68,43.4
ORD-100187,46160,East,Marcus Reed,Sports,Fitness Tracker,Store,6,144.73,868.38,552.62,315.76
ORD-100523,46160,East,Sarah Kim,Electronics,Webcam,Marketplace,3,100.26,300.78,176.32,124.46
ORD-100537,46160,West,Tom Nguyen,Home,Coffee Maker,Online,3,114.68,344.04,227.72,116.32
ORD-100778,46160,East,Sarah Kim,Sports,Yoga Mat,Store,5,43.68,218.4,102.91,115.49
ORD-100931,46160,East,Marcus Reed,Electronics,Headphones,Online,5,89.45,447.25,282.43,164.82
ORD-101159,46160,West,Rachel Green,Clothing,Sneakers,Online,4,104.72,418.88,260.31,158.57
ORD-101331,46160,South,Mike Davis,Electronics,Webcam,Online,4,119.71,478.84,296.2,182.64
ORD-101699,46160,East,Marcus Reed,Sports,Yoga Mat,Store,1,37.23,37.23,18.01,19.22
ORD-101988,46160,South,Ana Lopez,Electronics,Headphones,Online,6,98.99,593.94,372.02,221.92
ORD-102461,46160,North,Nina Patel,Electronics,Monitor,Store,2,239.34,478.68,332.47,146.21
ORD-102824,46160,South,Ana Lopez,Sports,Fitness Tracker,Marketplace,3,136.42,409.26,266.41,142.85
ORD-102836,46160,West,Tom Nguyen,Clothing,Sneakers,Store,5,112.99,564.95,348.52,216.43
ORD-102841,46160,North,Emily Chen,Electronics,Headphones,Online,3,82.76,248.28,151.58,96.7
ORD-102842,46160,North,James Wilson,Electronics,Headphones,Store,4,95.94,383.76,237.4,146.36
ORD-102878,46160,North,James Wilson,Electronics,Webcam,Store,4,100.51,402.04,245.79,156.25
ORD-103056,46160,West,Rachel Green,Clothing,Hoodie,Online,6,57.72,346.32,176.88,169.44
ORD-103428,46160,South,Chris Brown,Clothing,Sneakers,Store,5,119.42,597.1,348.08,249.02
ORD-103649,46160,North,James Wilson,Home,Coffee Maker,Online,6,126.99,761.94,478.43,283.51
ORD-104252,46160,West,Rachel Green,Sports,Fitness Tracker,Online,1,142.48,142.48,90.92,51.56
ORD-104356,46160,North,Emily Chen,Sports,Fitness Tracker,Online,3,139.16,417.48,280.37,137.11
ORD-104686,46160,West,Rachel Green,Home,Coffee Maker,Store,5,126.98,634.9,404.29,230.61
ORD-104845,46160,South,Ana Lopez,Electronics,Monitor,Store,3,269.28,807.84,561.82,246.02
ORD-104915,46160,South,Chris Brown,Electronics,Monitor,Online,2,271.24,542.48,388.71,153.77
ORD-104922,46160,South,Ana Lopez,Electronics,Headphones,Store,2,81.13,162.26,98.57,63.69
ORD-104972,46160,East,Marcus Reed,Home,Coffee Maker,Online,6,125.46,752.76,496.43,256.33
ORD-100092,46161,West,Jordan Smith,Sports,Running Shoes,Store,5,113.72,568.6,328.35,240.25
ORD-100204,46161,North,James Wilson,Home,Coffee Maker,Online,3,110.15,330.45,204.34,126.11
ORD-100339,46161,North,Emily Chen,Home,Coffee Maker,Store,4,115.85,463.4,291.96,171.44
ORD-100340,46161,North,Emily Chen,Electronics,Webcam,Store,6,101.94,611.64,372.68,238.96
ORD-100676,46161,West,Tom Nguyen,Electronics,Headphones,Online,4,86.7,346.8,222.17,124.63
ORD-100820,46161,East,Marcus Reed,Sports,Fitness Tracker,Store,4,151.59,606.36,396.38,209.98
ORD-101265,46161,West,Jordan Smith,Home,Blender,Online,1,86.66,86.66,59.15,27.51
ORD-101320,46161,East,Marcus Reed,Electronics,Monitor,Store,3,264.39,793.17,575.7,217.47
ORD-101329,46161,West,Rachel Green,Clothing,Jeans,Store,1,68.16,68.16,34.72,33.44
ORD-101444,46161,West,Jordan Smith,Sports,Fitness Tracker,Online,4,135.15,540.6,369.56,171.04
ORD-101658,46161,West,Rachel Green,Electronics,Webcam,Marketplace,2,103.18,206.36,119.87,86.49
ORD-102360,46161,East,Marcus Reed,Clothing,Jeans,Store,4,69.78,279.12,147.05,132.07
ORD-102398,46161,South,Mike Davis,Sports,Running Shoes,Online,1,125.45,125.45,74.38,51.07
ORD-102407,46161,South,Mike Davis,Sports,Dumbbells,Online,1,69.06,69.06,40.98,28.08
ORD-102453,46161,South,Chris Brown,Electronics,Webcam,Store,2,102.29,204.58,124.62,79.96
ORD-102573,46161,West,Jordan Smith,Sports,Yoga Mat,Online,3,36.95,110.85,54.33,56.52
ORD-103076,46161,North,James Wilson,Sports,Dumbbells,Store,5,82.46,412.3,246.46,165.84
ORD-103220,46161,West,Rachel Green,Home,Blender,Online,5,89.58,447.9,316.32,131.58
ORD-103423,46161,North,James Wilson,Home,Coffee Maker,Store,4,114.43,457.72,285.85,171.87
ORD-103588,46161,West,Tom Nguyen,Home,Vacuum,Store,4,179.98,719.92,487.99,231.93
ORD-103770,46161,South,Chris Brown,Sports,Fitness Tracker,Marketplace,5,140.03,700.15,478.73,221.42
ORD-104231,46161,East,Sarah Kim,Home,Air Fryer,Store,3,154.51,463.53,301.77,161.76
ORD-104497,46161,West,Rachel Green,Electronics,Monitor,Online,1,261.89,261.89,189.18,72.71
ORD-104554,46161,East,David Lee,Electronics,Headphones,Online,1,98.56,98.56,63.41,35.15
ORD-104740,46161,North,Nina Patel,Home,Vacuum,Store,5,171.18,855.9,576.71,279.19
ORD-104878,46161,East,Sarah Kim,Electronics,Keyboard,Store,4,69.3,277.2,161.06,116.14
ORD-104951,46161,North,Nina Patel,Electronics,Webcam,Store,2,101.88,203.76,121.08,82.68
ORD-100047,46162,South,Mike Davis,Sports,Dumbbells,Store,4,75.49,301.96,186.15,115.81
ORD-100066,46162,West,Rachel Green,Home,Air Fryer,Store,5,152.17,760.85,495.3,265.55
ORD-100260,46162,West,Rachel Green,Home,Blender,Store,5,84.99,424.95,291.73,133.22
ORD-100516,46162,East,Sarah Kim,Electronics,Keyboard,Online,2,67.03,134.06,76.68,57.38
ORD-100577,46162,South,Ana Lopez,Electronics,Headphones,Online,3,96.24,288.72,177.27,111.45
ORD-100819,46162,North,James Wilson,Sports,Dumbbells,Online,2,80.8,161.6,100,61.6
ORD-100965,46162,South,Ana Lopez,Electronics,Monitor,Store,2,270.5,541,376.83,164.17
ORD-101045,46162,North,Emily Chen,Home,Air Fryer,Online,2,153.54,307.08,202.64,104.44
ORD-101242,46162,East,Sarah Kim,Sports,Fitness Tracker,Online,4,126.32,505.28,321.09,184.19
ORD-101550,46162,East,Marcus Reed,Sports,Running Shoes,Online,5,132.48,662.4,391.02,271.38
ORD-101579,46162,North,Nina Patel,Home,Air Fryer,Online,2,145.95,291.9,201.39,90.51
ORD-101776,46162,South,Mike Davis,Sports,Dumbbells,Online,6,71.4,428.4,268.71,159.69
ORD-101826,46162,North,Emily Chen,Electronics,Monitor,Store,3,230.01,690.03,492.11,197.92
ORD-101832,46162,North,Nina Patel,Home,Coffee Maker,Online,2,109.56,219.12,141.84,77.28
ORD-101972,46162,East,David Lee,Clothing,Jacket,Store,2,87.68,175.36,96.88,78.48
ORD-102155,46162,East,David Lee,Home,Air Fryer,Online,4,157.81,631.24,416.77,214.47
ORD-102437,46162,North,Nina Patel,Home,Blender,Store,2,92.23,184.46,124.46,60
ORD-102733,46162,West,Rachel Green,Electronics,Webcam,Online,2,114.33,228.66,136.22,92.44
ORD-102798,46162,East,Sarah Kim,Home,Vacuum,Online,2,182.25,364.5,253.51,110.99
ORD-102821,46162,West,Tom Nguyen,Electronics,Keyboard,Online,2,66.77,133.54,78.33,55.21
ORD-102940,46162,North,Nina Patel,Electronics,Webcam,Store,2,100.89,201.78,119.87,81.91
ORD-102962,46162,West,Tom Nguyen,Home,Air Fryer,Online,5,159.91,799.55,549.57,249.98
ORD-103016,46162,West,Rachel Green,Home,Blender,Online,3,77.96,233.88,160.16,73.72
ORD-103018,46162,East,Marcus Reed,Electronics,Keyboard,Store,4,70.72,282.88,168.58,114.3
ORD-103344,46162,East,Marcus Reed,Sports,Running Shoes,Online,3,130.65,391.95,229.18,162.77
ORD-103765,46162,East,Sarah Kim,Electronics,Headphones,Online,2,96.68,193.36,118.56,74.8
ORD-104152,46162,East,Sarah Kim,Electronics,Keyboard,Online,6,59.39,356.34,201.48,154.86
ORD-104293,46162,West,Rachel Green,Electronics,Webcam,Online,6,117.97,707.82,427.23,280.59
ORD-104337,46162,North,James Wilson,Home,Blender,Online,4,76.9,307.6,204.41,103.19
ORD-104479,46162,West,Tom Nguyen,Sports,Fitness Tracker,Store,1,142.73,142.73,92.7,50.03
ORD-104510,46162,South,Ana Lopez,Sports,Dumbbells,Online,1,69.84,69.84,44.16,25.68
ORD-104597,46162,North,Emily Chen,Electronics,Webcam,Marketplace,5,99.64,498.2,291.65,206.55
ORD-104737,46162,South,Mike Davis,Electronics,Headphones,Online,1,89.46,89.46,54.05,35.41
ORD-100116,46163,South,Mike Davis,Electronics,Webcam,Marketplace,4,99.09,396.36,228.62,167.74
ORD-100352,46163,North,Emily Chen,Home,Vacuum,Store,6,174.44,1046.64,727.51,319.13
ORD-100519,46163,South,Chris Brown,Clothing,Jacket,Online,2,103.84,207.68,115.13,92.55
ORD-100520,46163,South,Ana Lopez,Electronics,Keyboard,Online,5,68.96,344.8,200.53,144.27
ORD-101149,46163,South,Ana Lopez,Electronics,Headphones,Online,6,88.39,530.34,337.76,192.58
ORD-101162,46163,South,Chris Brown,Home,Vacuum,Marketplace,4,201.41,805.64,570.31,235.33
ORD-101172,46163,North,Emily Chen,Electronics,Monitor,Marketplace,1,237.96,237.96,167.81,70.15
ORD-101190,46163,West,Jordan Smith,Electronics,Webcam,Store,5,116.63,583.15,349.21,233.94
ORD-101316,46163,South,Chris Brown,Home,Coffee Maker,Store,2,130.69,261.38,165.69,95.69
ORD-101346,46163,North,James Wilson,Clothing,Jeans,Marketplace,4,63.77,255.08,127.7,127.38
ORD-101424,46163,East,David Lee,Sports,Running Shoes,Online,1,121.84,121.84,72.58,49.26
ORD-101609,46163,North,Emily Chen,Home,Blender,Store,2,91.43,182.86,124.78,58.08
ORD-101965,46163,South,Mike Davis,Clothing,Jeans,Marketplace,4,64.3,257.2,131.47,125.73
ORD-102015,46163,South,Chris Brown,Electronics,Monitor,Marketplace,2,274.57,549.14,395.56,153.58
ORD-102249,46163,West,Tom Nguyen,Electronics,Headphones,Store,3,90.66,271.98,172.11,99.87
ORD-102264,46163,North,James Wilson,Electronics,Keyboard,Online,6,62.57,375.42,212.37,163.05
ORD-102616,46163,South,Chris Brown,Electronics,Webcam,Online,3,105.09,315.27,186.49,128.78
ORD-102756,46163,South,Chris Brown,Home,Vacuum,Online,2,172.42,344.84,244.65,100.19
ORD-102814,46163,South,Chris Brown,Home,Coffee Maker,Online,5,124.05,620.25,381.24,239.01
ORD-103022,46163,South,Ana Lopez,Electronics,Keyboard,Marketplace,4,69.66,278.64,158.15,120.49
ORD-103125,46163,South,Mike Davis,Sports,Yoga Mat,Online,6,42.32,253.92,118.9,135.02
ORD-103648,46163,East,Sarah Kim,Electronics,Monitor,Store,1,238.19,238.19,165.19,73
ORD-103657,46163,South,Ana Lopez,Electronics,Webcam,Store,1,118.37,118.37,72.13,46.24
ORD-103685,46163,South,Chris Brown,Sports,Fitness Tracker,Store,5,127.99,639.95,436.2,203.75
ORD-103701,46163,East,David Lee,Clothing,Sneakers,Store,3,111.79,335.37,195.34,140.03
ORD-103963,46163,West,Jordan Smith,Clothing,Jacket,Marketplace,3,99.7,299.1,163.41,135.69
ORD-103989,46163,East,Marcus Reed,Clothing,Sneakers,Online,1,115.77,115.77,71.08,44.69
ORD-104056,46163,East,David Lee,Home,Coffee Maker,Online,5,129.65,648.25,412.13,236.12
ORD-104164,46163,South,Chris Brown,Electronics,Keyboard,Store,4,63.85,255.4,142.63,112.77
ORD-104237,46163,East,Marcus Reed,Sports,Yoga Mat,Store,5,39.78,198.9,94.36,104.54
ORD-104335,46163,South,Chris Brown,Sports,Yoga Mat,Online,4,37.57,150.28,73.94,76.34
ORD-104516,46163,East,David Lee,Electronics,Headphones,Online,3,91.04,273.12,172.43,100.69
ORD-104580,46163,East,Marcus Reed,Electronics,Monitor,Online,2,249.93,499.86,347.68,152.18
ORD-104614,46163,North,Emily Chen,Electronics,Webcam,Online,1,110.6,110.6,65.08,45.52
ORD-104738,46163,South,Mike Davis,Home,Air Fryer,Online,3,146.14,438.42,286.32,152.1
ORD-104877,46163,South,Ana Lopez,Home,Air Fryer,Store,4,138.32,553.28,370.37,182.91
ORD-100526,46164,North,Nina Patel,Clothing,Sneakers,Online,2,115.23,230.46,134.64,95.82
ORD-100720,46164,South,Ana Lopez,Electronics,Monitor,Online,6,269.23,1615.38,1154.56,460.82
ORD-100756,46164,West,Rachel Green,Home,Vacuum,Store,2,183.62,367.24,252.35,114.89
ORD-100883,46164,West,Tom Nguyen,Clothing,Jeans,Online,3,69.03,207.09,103.7,103.39
ORD-100899,46164,West,Tom Nguyen,Home,Coffee Maker,Store,6,130.28,781.68,516.6,265.08
ORD-101088,46164,West,Jordan Smith,Clothing,Jacket,Online,5,93.16,465.8,262.52,203.28
ORD-101217,46164,West,Tom Nguyen,Home,Blender,Marketplace,4,79.27,317.08,216.49,100.59
ORD-101637,46164,East,David Lee,Clothing,Sneakers,Online,1,100.17,100.17,62.02,38.15
ORD-101710,46164,East,Sarah Kim,Electronics,Webcam,Online,5,110.4,552,326.76,225.24
ORD-101804,46164,West,Jordan Smith,Clothing,Sneakers,Store,6,110.44,662.64,390.39,272.25
ORD-102105,46164,South,Chris Brown,Clothing,Hoodie,Online,2,62.9,125.8,63.77,62.03
ORD-102775,46164,West,Tom Nguyen,Sports,Running Shoes,Marketplace,5,136.31,681.55,401.85,279.7
ORD-103065,46164,South,Chris Brown,Electronics,Monitor,Store,1,249.88,249.88,180.93,68.95
ORD-103173,46164,West,Rachel Green,Home,Blender,Online,5,89.72,448.6,298.45,150.15
ORD-103280,46164,South,Chris Brown,Clothing,Hoodie,Online,5,58.33,291.65,150.64,141.01
ORD-104035,46164,South,Chris Brown,Electronics,Webcam,Online,1,112.23,112.23,66.73,45.5
ORD-104068,46164,North,Emily Chen,Clothing,Sneakers,Online,6,106.12,636.72,381.59,255.13
ORD-104132,46164,West,Tom Nguyen,Home,Coffee Maker,Online,1,118.32,118.32,73.74,44.58
ORD-104403,46164,West,Jordan Smith,Clothing,Jacket,Store,2,101.9,203.8,116,87.8
ORD-104444,46164,North,Emily Chen,Electronics,Keyboard,Online,6,68.69,412.14,230.42,181.72
ORD-104638,46164,West,Tom Nguyen,Sports,Running Shoes,Online,3,132.52,397.56,235.4,162.16
ORD-104834,46164,East,David Lee,Electronics,Keyboard,Store,1,59.04,59.04,33.31,25.73
ORD-100719,46165,North,James Wilson,Clothing,Jeans,Online,1,74.92,74.92,37.54,37.38
ORD-100952,46165,West,Jordan Smith,Home,Coffee Maker,Marketplace,2,111.26,222.52,146.4,76.12
ORD-101092,46165,South,Chris Brown,Home,Blender,Marketplace,1,82.06,82.06,56.71,25.35
ORD-101259,46165,West,Rachel Green,Sports,Fitness Tracker,Store,6,153.78,922.68,613.18,309.5
ORD-101338,46165,North,Emily Chen,Home,Blender,Store,4,89.47,357.88,238.74,119.14
ORD-101418,46165,East,Marcus Reed,Home,Air Fryer,Online,4,137.87,551.48,383.43,168.05
ORD-101688,46165,West,Jordan Smith,Home,Vacuum,Marketplace,6,189.48,1136.88,798.53,338.35
ORD-101731,46165,North,James Wilson,Clothing,Sneakers,Store,2,105.75,211.5,125.7,85.8
ORD-101962,46165,East,Marcus Reed,Sports,Fitness Tracker,Online,4,138.16,552.64,372.27,180.37
ORD-101976,46165,North,Nina Patel,Clothing,Sneakers,Online,3,104.09,312.27,180.5,131.77
ORD-102059,46165,South,Mike Davis,Home,Blender,Online,5,76.52,382.6,251.72,130.88
ORD-102080,46165,South,Chris Brown,Clothing,Jeans,Marketplace,1,65.05,65.05,33.29,31.76
ORD-102229,46165,North,Emily Chen,Clothing,Jeans,Online,4,66.02,264.08,139.33,124.75
ORD-102483,46165,South,Ana Lopez,Sports,Yoga Mat,Store,5,39.9,199.5,98.83,100.67
ORD-102551,46165,South,Ana Lopez,Electronics,Keyboard,Store,2,62.29,124.58,73.57,51.01
ORD-102553,46165,South,Chris Brown,Electronics,Headphones,Store,2,94.88,189.76,121.53,68.23
ORD-102596,46165,West,Rachel Green,Clothing,Sneakers,Store,5,115.19,575.95,352.52,223.43
ORD-102943,46165,South,Ana Lopez,Sports,Running Shoes,Store,3,126.22,378.66,225.86,152.8
ORD-103585,46165,East,Sarah Kim,Home,Coffee Maker,Online,1,112.7,112.7,73.56,39.14
ORD-103671,46165,North,James Wilson,Home,Blender,Online,6,80.28,481.68,339.61,142.07
ORD-103725,46165,West,Rachel Green,Sports,Running Shoes,Online,4,126.53,506.12,306.57,199.55
ORD-103754,46165,North,James Wilson,Sports,Yoga Mat,Marketplace,5,41.08,205.4,97.62,107.78
ORD-103843,46165,South,Chris Brown,Clothing,Sneakers,Store,1,117.38,117.38,69.94,47.44
ORD-103925,46165,South,Ana Lopez,Electronics,Headphones,Store,1,83.63,83.63,51.59,32.04
ORD-103942,46165,South,Ana Lopez,Electronics,Keyboard,Store,5,61.54,307.7,185.46,122.24
ORD-104005,46165,West,Tom Nguyen,Home,Vacuum,Store,1,206.32,206.32,137.99,68.33
ORD-104080,46165,East,Marcus Reed,Electronics,Webcam,Store,5,118.66,593.3,365.58,227.72
ORD-104301,46165,South,Ana Lopez,Clothing,Hoodie,Marketplace,6,57.69,346.14,168.67,177.47
ORD-104525,46165,West,Jordan Smith,Clothing,Hoodie,Online,2,60.36,120.72,59.67,61.05
ORD-104665,46165,North,James Wilson,Clothing,Hoodie,Online,3,61.68,185.04,91.41,93.63
ORD-104722,46165,North,Nina Patel,Clothing,Hoodie,Store,2,57.59,115.18,55.3,59.88
ORD-104785,46165,South,Mike Davis,Electronics,Headphones,Online,1,93.21,93.21,57.46,35.75
ORD-100201,46166,East,David Lee,Sports,Dumbbells,Online,2,71.79,143.58,90.84,52.74
ORD-100497,46166,North,James Wilson,Home,Air Fryer,Store,3,162.27,486.81,337.44,149.37
ORD-100666,46166,West,Jordan Smith,Electronics,Webcam,Online,4,114.09,456.36,282.94,173.42
ORD-100985,46166,South,Ana Lopez,Clothing,Sneakers,Online,2,103.62,207.24,120.91,86.33
ORD-101186,46166,South,Ana Lopez,Electronics,Webcam,Online,1,114.51,114.51,68.12,46.39
ORD-101378,46166,South,Mike Davis,Electronics,Webcam,Online,6,118,708,424.73,283.27
ORD-101425,46166,South,Mike Davis,Clothing,Jeans,Marketplace,1,67.71,67.71,35.61,32.1
ORD-101811,46166,West,Rachel Green,Electronics,Monitor,Online,4,234.09,936.36,634.16,302.2
ORD-102166,46166,North,Nina Patel,Home,Blender,Online,4,78.51,314.04,209.27,104.77
ORD-102232,46166,East,Sarah Kim,Electronics,Monitor,Online,6,240.09,1440.54,1027.83,412.71
ORD-102704,46166,West,Rachel Green,Electronics,Keyboard,Online,2,70.61,141.22,82.59,58.63
ORD-103214,46166,West,Rachel Green,Clothing,Jacket,Store,6,93.67,562.02,313.47,248.55
ORD-103241,46166,North,Nina Patel,Home,Air Fryer,Store,1,161.31,161.31,107.74,53.57
ORD-103480,46166,West,Tom Nguyen,Electronics,Monitor,Store,6,270.21,1621.26,1100.19,521.07
ORD-103776,46166,South,Ana Lopez,Home,Vacuum,Store,3,194.81,584.43,416.85,167.58
ORD-103796,46166,East,Sarah Kim,Sports,Yoga Mat,Online,2,38.87,77.74,36.3,41.44
ORD-104051,46166,North,James Wilson,Home,Blender,Online,5,82.46,412.3,269.15,143.15
ORD-104259,46166,North,Emily Chen,Electronics,Headphones,Store,5,86.16,430.8,277.61,153.19
ORD-104623,46166,West,Rachel Green,Electronics,Monitor,Online,3,244.32,732.96,533,199.96
ORD-104762,46166,West,Jordan Smith,Sports,Running Shoes,Store,4,125.13,500.52,299.5,201.02
ORD-104784,46166,North,Nina Patel,Sports,Running Shoes,Online,2,116.6,233.2,134.7,98.5
ORD-104820,46166,North,James Wilson,Clothing,Jacket,Store,3,100.29,300.87,164.09,136.78
ORD-104949,46166,East,Sarah Kim,Sports,Dumbbells,Store,5,80.15,400.75,236.16,164.59
ORD-100006,46167,East,Sarah Kim,Home,Coffee Maker,Store,2,118.49,236.98,155.7,81.28
ORD-100208,46167,West,Rachel Green,Clothing,Jeans,Marketplace,6,67.87,407.22,204.82,202.4
ORD-100214,46167,South,Chris Brown,Clothing,Hoodie,Store,3,64.27,192.81,97.42,95.39
ORD-100256,46167,North,Nina Patel,Clothing,Jeans,Online,6,73.71,442.26,226.44,215.82
ORD-100287,46167,South,Chris Brown,Electronics,Monitor,Store,6,232.08,1392.48,947.65,444.83
ORD-100306,46167,North,James Wilson,Clothing,Jacket,Marketplace,5,102.51,512.55,280.42,232.13
ORD-100320,46167,South,Chris Brown,Sports,Dumbbells,Online,1,73.03,73.03,44.68,28.35
ORD-100423,46167,North,James Wilson,Electronics,Keyboard,Online,1,70.38,70.38,41.79,28.59
ORD-100733,46167,East,David Lee,Home,Blender,Marketplace,2,93.1,186.2,124.59,61.61
ORD-100864,46167,West,Rachel Green,Sports,Fitness Tracker,Online,4,137,548,349.99,198.01
ORD-101097,46167,North,Nina Patel,Home,Blender,Online,4,92.88,371.52,260.95,110.57
ORD-101573,46167,East,Marcus Reed,Sports,Running Shoes,Online,4,134.6,538.4,319.32,219.08
ORD-101800,46167,South,Ana Lopez,Clothing,Hoodie,Online,6,61.78,370.68,183.75,186.93
ORD-102334,46167,West,Tom Nguyen,Clothing,Hoodie,Online,5,55.34,276.7,142.69,134.01
ORD-102474,46167,East,Sarah Kim,Sports,Yoga Mat,Marketplace,4,41.76,167.04,78.34,88.7
ORD-102478,46167,South,Mike Davis,Home,Vacuum,Store,2,171.05,342.1,231.83,110.27
ORD-102819,46167,North,James Wilson,Electronics,Monitor,Store,5,235.95,1179.75,813.58,366.17
ORD-102884,46167,West,Jordan Smith,Sports,Dumbbells,Store,1,69.15,69.15,42.11,27.04
ORD-103070,46167,South,Mike Davis,Clothing,Jeans,Store,5,65.44,327.2,175.92,151.28
ORD-103798,46167,West,Jordan Smith,Home,Vacuum,Online,1,178.1,178.1,126.13,51.97
ORD-104323,46167,West,Rachel Green,Sports,Fitness Tracker,Store,1,148.33,148.33,97.62,50.71
ORD-104610,46167,East,David Lee,Electronics,Headphones,Online,4,81.81,327.24,195.58,131.66
ORD-104755,46167,South,Chris Brown,Electronics,Keyboard,Store,3,61.75,185.25,110.35,74.9
ORD-104931,46167,South,Chris Brown,Electronics,Webcam,Online,6,102.1,612.6,381.24,231.36
ORD-100182,46168,South,Chris Brown,Home,Coffee Maker,Online,6,117.54,705.24,454.41,250.83
ORD-100447,46168,North,Emily Chen,Electronics,Keyboard,Store,2,60.18,120.36,70.86,49.5
ORD-100474,46168,South,Chris Brown,Clothing,Sneakers,Online,2,115.22,230.44,133.86,96.58
ORD-100634,46168,West,Jordan Smith,Home,Air Fryer,Store,4,159.86,639.44,419.39,220.05
ORD-101544,46168,South,Mike Davis,Electronics,Monitor,Store,4,239.55,958.2,659.64,298.56
ORD-101633,46168,South,Mike Davis,Sports,Fitness Tracker,Online,1,150.82,150.82,96.61,54.21
ORD-101762,46168,East,Sarah Kim,Clothing,Jeans,Store,2,72.67,145.34,74.38,70.96
ORD-101901,46168,West,Tom Nguyen,Sports,Yoga Mat,Store,6,37.65,225.9,112.28,113.62
ORD-102045,46168,North,James Wilson,Electronics,Keyboard,Store,2,64.78,129.56,77.88,51.68
ORD-102119,46168,East,Marcus Reed,Home,Blender,Online,6,86.11,516.66,361.82,154.84
ORD-102184,46168,West,Rachel Green,Sports,Dumbbells,Online,2,81.55,163.1,96.75,66.35
ORD-102329,46168,West,Rachel Green,Electronics,Webcam,Online,3,114.47,343.41,204.99,138.42
ORD-102371,46168,South,Chris Brown,Electronics,Webcam,Store,2,107.21,214.42,126.9,87.52
ORD-102540,46168,West,Rachel Green,Electronics,Headphones,Online,4,82.21,328.84,200.94,127.9
ORD-102543,46168,South,Chris Brown,Sports,Dumbbells,Online,3,78.92,236.76,145.34,91.42
ORD-102557,46168,East,Marcus Reed,Electronics,Monitor,Marketplace,6,232.46,1394.76,997.38,397.38
ORD-102619,46168,South,Ana Lopez,Electronics,Headphones,Online,2,95.06,190.12,116.45,73.67
ORD-102854,46168,West,Jordan Smith,Clothing,Sneakers,Online,1,114.6,114.6,67.79,46.81
ORD-103189,46168,South,Chris Brown,Electronics,Keyboard,Store,4,62.01,248.04,146.95,101.09
ORD-103190,46168,South,Mike Davis,Sports,Yoga Mat,Marketplace,6,41.44,248.64,118.98,129.66
ORD-103200,46168,South,Mike Davis,Electronics,Keyboard,Store,5,65.98,329.9,187.84,142.06
ORD-103510,46168,South,Chris Brown,Electronics,Webcam,Store,4,103.42,413.68,253.41,160.27
ORD-103546,46168,North,Emily Chen,Home,Coffee Maker,Marketplace,3,125.3,375.9,235.88,140.02
ORD-103827,46168,South,Ana Lopez,Home,Air Fryer,Online,5,148.1,740.5,479.85,260.65
ORD-103958,46168,West,Jordan Smith,Electronics,Monitor,Online,4,241.04,964.16,676,288.16
ORD-104041,46168,East,David Lee,Electronics,Keyboard,Online,2,63.19,126.38,74.29,52.09
ORD-104376,46168,East,David Lee,Clothing,Sneakers,Store,3,116.3,348.9,217.47,131.43
ORD-104769,46168,South,Ana Lopez,Electronics,Monitor,Online,3,262.74,788.22,540.52,247.7
ORD-100088,46169,South,Ana Lopez,Clothing,Sneakers,Marketplace,6,105.34,632.04,386.32,245.72
ORD-100722,46169,East,Marcus Reed,Sports,Fitness Tracker,Online,2,141.64,283.28,181.29,101.99
ORD-100777,46169,North,James Wilson,Clothing,Sneakers,Store,1,103.49,103.49,64.3,39.19
ORD-101163,46169,North,Emily Chen,Home,Blender,Store,1,82,82,54.79,27.21
ORD-101332,46169,West,Tom Nguyen,Electronics,Headphones,Online,5,83.44,417.2,262.35,154.85
ORD-101372,46169,South,Ana Lopez,Home,Blender,Online,4,88.24,352.96,237.94,115.02
ORD-101465,46169,West,Rachel Green,Sports,Yoga Mat,Marketplace,6,38.53,231.18,112.67,118.51
ORD-101711,46169,East,Marcus Reed,Sports,Yoga Mat,Online,2,37.92,75.84,35.16,40.68
ORD-101821,46169,East,Marcus Reed,Electronics,Keyboard,Marketplace,4,59.53,238.12,141.99,96.13
ORD-101886,46169,West,Tom Nguyen,Sports,Dumbbells,Online,1,79.92,79.92,46.8,33.12
ORD-102157,46169,West,Rachel Green,Clothing,Jacket,Store,6,97.04,582.24,328.66,253.58
ORD-102451,46169,East,Marcus Reed,Clothing,Sneakers,Marketplace,3,110.19,330.57,199.12,131.45
ORD-102466,46169,South,Ana Lopez,Home,Vacuum,Store,3,194.59,583.77,396.95,186.82
ORD-102476,46169,West,Tom Nguyen,Home,Vacuum,Online,1,185.29,185.29,126.04,59.25
ORD-102613,46169,North,Nina Patel,Home,Coffee Maker,Online,5,128.76,643.8,411.54,232.26
ORD-102695,46169,West,Rachel Green,Clothing,Jacket,Marketplace,1,101.75,101.75,57.21,44.54
ORD-103388,46169,West,Jordan Smith,Home,Air Fryer,Marketplace,4,143.48,573.92,371.27,202.65
ORD-103405,46169,East,David Lee,Electronics,Headphones,Online,3,81.8,245.4,152.71,92.69
ORD-103440,46169,East,Marcus Reed,Clothing,Jeans,Online,5,69.77,348.85,181.7,167.15
ORD-103520,46169,North,Nina Patel,Electronics,Headphones,Online,3,96.58,289.74,177.26,112.48
ORD-104154,46169,West,Jordan Smith,Electronics,Monitor,Store,6,226.91,1361.46,972.36,389.1
ORD-104370,46169,West,Tom Nguyen,Electronics,Webcam,Online,4,103.81,415.24,256.63,158.61
ORD-104587,46169,South,Ana Lopez,Clothing,Jacket,Online,4,96.39,385.56,214.19,171.37
ORD-104653,46169,East,Marcus Reed,Clothing,Hoodie,Online,4,61.98,247.92,122.85,125.07
ORD-104680,46169,East,David Lee,Sports,Yoga Mat,Online,4,41.3,165.2,81.59,83.61
ORD-104743,46169,South,Chris Brown,Home,Air Fryer,Store,6,142.89,857.34,573.14,284.2
ORD-104760,46169,West,Rachel Green,Electronics,Webcam,Marketplace,6,110.23,661.38,393.19,268.19
ORD-104826,46169,East,Sarah Kim,Clothing,Jeans,Store,5,64.46,322.3,165.67,156.63
ORD-100494,46170,East,David Lee,Electronics,Headphones,Store,6,97.88,587.28,375.83,211.45
ORD-100732,46170,East,Marcus Reed,Home,Air Fryer,Online,4,147.95,591.8,398.23,193.57
ORD-100831,46170,East,David Lee,Clothing,Jeans,Store,5,74.11,370.55,189.61,180.94
ORD-100901,46170,South,Mike Davis,Home,Air Fryer,Store,1,137.67,137.67,93.66,44.01
ORD-101411,46170,West,Rachel Green,Clothing,Sneakers,Online,2,106.87,213.74,131.61,82.13
ORD-101507,46170,West,Rachel Green,Electronics,Webcam,Store,6,107.67,646.02,389.36,256.66
ORD-101618,46170,North,Emily Chen,Home,Vacuum,Marketplace,4,176.68,706.72,481.42,225.3
ORD-101626,46170,West,Rachel Green,Electronics,Headphones,Online,4,92.68,370.72,224.19,146.53
ORD-101927,46170,East,Sarah Kim,Home,Air Fryer,Online,6,139.46,836.76,561.64,275.12
ORD-102140,46170,East,Marcus Reed,Clothing,Hoodie,Store,3,64.72,194.16,97.9,96.26
ORD-102282,46170,East,Sarah Kim,Clothing,Jeans,Store,2,72.81,145.62,75.45,70.17
ORD-102288,46170,North,Nina Patel,Home,Air Fryer,Online,5,150.79,753.95,493.43,260.52
ORD-102891,46170,West,Rachel Green,Clothing,Jacket,Online,4,97.19,388.76,213.04,175.72
ORD-102988,46170,East,Marcus Reed,Clothing,Jacket,Store,3,92.97,278.91,151.57,127.34
ORD-103007,46170,East,Marcus Reed,Clothing,Sneakers,Online,5,110.87,554.35,323.39,230.96
ORD-103014,46170,South,Chris Brown,Clothing,Jacket,Online,4,103.6,414.4,227.13,187.27
ORD-103500,46170,South,Ana Lopez,Clothing,Jacket,Online,2,93.47,186.94,100.69,86.25
ORD-103603,46170,East,Sarah Kim,Clothing,Jacket,Online,4,88.58,354.32,195.31,159.01
ORD-103731,46170,South,Mike Davis,Sports,Yoga Mat,Online,5,38.5,192.5,94.59,97.91
ORD-103799,46170,East,David Lee,Electronics,Keyboard,Store,6,60.73,364.38,218.05,146.33
ORD-104430,46170,South,Ana Lopez,Clothing,Jeans,Store,5,75.63,378.15,196.21,181.94
ORD-104659,46170,West,Tom Nguyen,Home,Air Fryer,Store,2,154.93,309.86,200.84,109.02
ORD-104753,46170,South,Mike Davis,Electronics,Keyboard,Store,2,63.73,127.46,76.86,50.6
ORD-104792,46170,West,Tom Nguyen,Electronics,Webcam,Online,6,102.19,613.14,375,238.14
ORD-104871,46170,South,Chris Brown,Clothing,Hoodie,Store,3,54.74,164.22,80.47,83.75
ORD-104977,46170,East,Sarah Kim,Sports,Yoga Mat,Store,4,38.3,153.2,70.92,82.28
ORD-101035,46171,West,Tom Nguyen,Clothing,Jacket,Store,2,101.08,202.16,110.88,91.28
ORD-101286,46171,West,Jordan Smith,Home,Blender,Store,6,91.35,548.1,365.14,182.96
ORD-102078,46171,West,Jordan Smith,Sports,Fitness Tracker,Marketplace,4,127.82,511.28,338.9,172.38
ORD-102646,46171,South,Chris Brown,Sports,Running Shoes,Online,4,122.44,489.76,279.47,210.29
ORD-102691,46171,West,Jordan Smith,Sports,Dumbbells,Online,4,78.37,313.48,184.63,128.85
ORD-102725,46171,South,Chris Brown,Home,Air Fryer,Marketplace,6,164.91,989.46,644.72,344.74
ORD-102801,46171,West,Tom Nguyen,Sports,Dumbbells,Online,4,76,304,192.15,111.85
ORD-102847,46171,South,Chris Brown,Electronics,Headphones,Store,4,91.03,364.12,228.13,135.99
ORD-102885,46171,North,Nina Patel,Home,Vacuum,Store,5,193.15,965.75,667.88,297.87
ORD-102889,46171,South,Chris Brown,Sports,Running Shoes,Online,6,131.86,791.16,462.54,328.62
ORD-102933,46171,West,Tom Nguyen,Sports,Yoga Mat,Online,1,43.95,43.95,21.25,22.7
ORD-103142,46171,South,Mike Davis,Electronics,Webcam,Online,1,113.73,113.73,65.61,48.12
ORD-103764,46171,North,Nina Patel,Clothing,Sneakers,Marketplace,4,108.84,435.36,254.74,180.62
ORD-104182,46171,West,Jordan Smith,Sports,Fitness Tracker,Marketplace,6,127.81,766.86,522.67,244.19
ORD-104390,46171,South,Chris Brown,Home,Air Fryer,Online,2,146.45,292.9,194.52,98.38
ORD-104496,46171,North,Nina Patel,Sports,Yoga Mat,Store,5,36.9,184.5,91.69,92.81
ORD-104502,46171,West,Tom Nguyen,Home,Blender,Online,2,86.13,172.26,115.18,57.08
ORD-104532,46171,South,Mike Davis,Clothing,Jacket,Online,1,103.89,103.89,56.11,47.78
ORD-104766,46171,West,Jordan Smith,Sports,Yoga Mat,Online,4,38.22,152.88,73.24,79.64
ORD-104827,46171,West,Rachel Green,Home,Blender,Store,3,76.51,229.53,154.26,75.27
ORD-104832,46171,North,James Wilson,Clothing,Jeans,Marketplace,4,75.5,302,157.42,144.58
ORD-104842,46171,South,Ana Lopez,Electronics,Headphones,Online,1,94.59,94.59,60.64,33.95
ORD-100304,46172,North,Emily Chen,Electronics,Webcam,Online,3,106.46,319.38,188.99,130.39
ORD-100429,46172,East,David Lee,Sports,Fitness Tracker,Store,1,142.63,142.63,92.21,50.42
ORD-100437,46172,West,Tom Nguyen,Clothing,Hoodie,Store,3,55.82,167.46,81.82,85.64
ORD-100479,46172,South,Chris Brown,Clothing,Sneakers,Online,3,101.55,304.65,176.04,128.61
ORD-100892,46172,West,Jordan Smith,Clothing,Hoodie,Online,4,54.45,217.8,111.44,106.36
ORD-101225,46172,West,Jordan Smith,Clothing,Jeans,Store,6,68.6,411.6,221.75,189.85
ORD-101373,46172,West,Rachel Green,Home,Blender,Marketplace,4,82.73,330.92,233,97.92
ORD-101687,46172,South,Chris Brown,Clothing,Sneakers,Store,5,110.41,552.05,323.22,228.83
ORD-101803,46172,West,Rachel Green,Home,Vacuum,Online,3,208.39,625.17,439.03,186.14
ORD-101805,46172,South,Mike Davis,Home,Air Fryer,Marketplace,5,148.18,740.9,480.41,260.49
ORD-102019,46172,South,Mike Davis,Sports,Dumbbells,Marketplace,2,81.86,163.72,102.65,61.07
ORD-102197,46172,North,Nina Patel,Clothing,Sneakers,Marketplace,2,99.8,199.6,118.35,81.25
ORD-102242,46172,East,Sarah Kim,Sports,Running Shoes,Online,1,123.46,123.46,74.52,48.94
ORD-102386,46172,East,David Lee,Electronics,Webcam,Marketplace,5,107.32,536.6,311.11,225.49
ORD-102493,46172,North,Nina Patel,Home,Coffee Maker,Store,2,116.37,232.74,146.91,85.83
ORD-102507,46172,North,Emily Chen,Clothing,Jacket,Online,1,100.33,100.33,55.37,44.96
ORD-102768,46172,South,Ana Lopez,Sports,Dumbbells,Store,5,74.04,370.2,225.53,144.67
ORD-102937,46172,South,Ana Lopez,Electronics,Monitor,Online,4,262.06,1048.24,743.35,304.89
ORD-103008,46172,South,Mike Davis,Electronics,Monitor,Store,5,227.83,1139.15,788.34,350.81
ORD-103025,46172,South,Chris Brown,Home,Blender,Online,5,91.59,457.95,300.17,157.78
ORD-103071,46172,South,Mike Davis,Sports,Running Shoes,Online,6,118.47,710.82,422.8,288.02
ORD-103277,46172,South,Chris Brown,Home,Air Fryer,Online,3,137.05,411.15,279.59,131.56
ORD-103290,46172,North,James Wilson,Electronics,Webcam,Store,2,113.12,226.24,133.37,92.87
ORD-103469,46172,South,Chris Brown,Sports,Running Shoes,Online,2,120.16,240.32,145.05,95.27
ORD-103545,46172,East,Sarah Kim,Sports,Fitness Tracker,Marketplace,2,133.4,266.8,180.3,86.5
ORD-103578,46172,East,Sarah Kim,Electronics,Monitor,Online,4,230.91,923.64,671.46,252.18
ORD-103584,46172,South,Mike Davis,Clothing,Jacket,Store,4,88.44,353.76,201.91,151.85
ORD-103722,46172,South,Chris Brown,Home,Air Fryer,Online,2,157.06,314.12,203.4,110.72
ORD-103775,46172,East,Marcus Reed,Electronics,Keyboard,Store,6,61.96,371.76,215.28,156.48
ORD-104364,46172,West,Tom Nguyen,Home,Air Fryer,Store,3,150.35,451.05,305.63,145.42
ORD-104441,46172,South,Chris Brown,Clothing,Jeans,Online,1,68.53,68.53,35.21,33.32
ORD-104668,46172,South,Mike Davis,Home,Blender,Store,1,79.13,79.13,52.97,26.16
ORD-104884,46172,West,Rachel Green,Sports,Yoga Mat,Store,4,39.52,158.08,74.09,83.99
ORD-104920,46172,West,Jordan Smith,Home,Coffee Maker,Online,1,115.92,115.92,72.78,43.14
ORD-100220,46173,East,Marcus Reed,Home,Blender,Store,5,90.36,451.8,305.95,145.85
ORD-100377,46173,South,Chris Brown,Home,Blender,Store,3,80.06,240.18,167.54,72.64
ORD-100405,46173,South,Chris Brown,Electronics,Webcam,Store,3,117.18,351.54,214.03,137.51
ORD-100539,46173,North,James Wilson,Clothing,Sneakers,Marketplace,4,120.15,480.6,292.53,188.07
ORD-100655,46173,East,David Lee,Clothing,Jeans,Marketplace,5,76.74,383.7,202.27,181.43
ORD-100699,46173,South,Mike Davis,Home,Air Fryer,Online,6,143.42,860.52,573.88,286.64
ORD-100728,46173,North,Emily Chen,Clothing,Hoodie,Online,3,65.94,197.82,99.35,98.47
ORD-100758,46173,South,Mike Davis,Clothing,Hoodie,Online,5,54.15,270.75,136.81,133.94
ORD-100969,46173,South,Ana Lopez,Home,Air Fryer,Online,5,146.52,732.6,495.44,237.16
ORD-103679,46173,West,Jordan Smith,Electronics,Headphones,Online,4,85.32,341.28,213.54,127.74
ORD-103688,46173,East,David Lee,Electronics,Keyboard,Store,4,64.44,257.76,145.8,111.96
ORD-103885,46173,North,Emily Chen,Electronics,Webcam,Store,5,103.21,516.05,303.5,212.55
ORD-103927,46173,East,Sarah Kim,Electronics,Headphones,Store,6,92.11,552.66,333.13,219.53
ORD-104377,46173,North,James Wilson,Home,Vacuum,Store,3,172.14,516.42,349.13,167.29
ORD-104395,46173,West,Tom Nguyen,Electronics,Webcam,Online,5,99.72,498.6,302.75,195.85
ORD-104415,46173,North,Nina Patel,Home,Blender,Marketplace,5,89.95,449.75,306.7,143.05
ORD-104489,46173,North,Nina Patel,Clothing,Jeans,Online,2,74.85,149.7,79.45,70.25
ORD-104602,46173,East,Sarah Kim,Home,Coffee Maker,Store,6,121.04,726.24,449.22,277.02
ORD-100043,46174,West,Jordan Smith,Sports,Dumbbells,Store,5,77.14,385.7,240.53,145.17
ORD-100139,46174,East,Marcus Reed,Home,Vacuum,Online,2,172.14,344.28,230.31,113.97
ORD-100141,46174,West,Jordan Smith,Clothing,Sneakers,Online,3,119.25,357.75,211.93,145.82
ORD-100354,46174,South,Chris Brown,Home,Coffee Maker,Online,3,111.43,334.29,208.69,125.6
ORD-100461,46174,West,Rachel Green,Clothing,Sneakers,Online,5,116.77,583.85,355.28,228.57
ORD-100753,46174,East,David Lee,Home,Vacuum,Marketplace,6,189.64,1137.84,813.77,324.07
ORD-100855,46174,South,Mike Davis,Home,Blender,Store,4,82.22,328.88,226.63,102.25
ORD-101247,46174,West,Jordan Smith,Home,Coffee Maker,Marketplace,6,116.62,699.72,434.42,265.3
ORD-101253,46174,North,James Wilson,Sports,Fitness Tracker,Store,6,128.21,769.26,491.58,277.68
ORD-101660,46174,West,Jordan Smith,Electronics,Webcam,Online,3,105.31,315.93,185.6,130.33
ORD-101750,46174,West,Jordan Smith,Clothing,Sneakers,Store,4,110.62,442.48,263.74,178.74
ORD-102099,46174,South,Mike Davis,Clothing,Jacket,Marketplace,6,87.11,522.66,292.66,230
ORD-102362,46174,East,Sarah Kim,Electronics,Webcam,Online,4,116.79,467.16,289.24,177.92
ORD-102512,46174,South,Mike Davis,Home,Blender,Marketplace,2,83.36,166.72,111.88,54.84
ORD-102780,46174,South,Mike Davis,Sports,Dumbbells,Marketplace,3,78.13,234.39,140.7,93.69
ORD-102929,46174,South,Chris Brown,Electronics,Keyboard,Marketplace,2,59.49,118.98,66.89,52.09
ORD-102997,46174,North,James Wilson,Sports,Running Shoes,Online,5,127.7,638.5,376.25,262.25
ORD-103031,46174,East,Marcus Reed,Electronics,Headphones,Store,1,94.17,94.17,57.13,37.04
ORD-103184,46174,South,Chris Brown,Clothing,Hoodie,Online,3,63.01,189.03,91.11,97.92
ORD-103234,46174,North,Nina Patel,Home,Blender,Online,4,82.24,328.96,222.84,106.12
ORD-103309,46174,North,Emily Chen,Electronics,Headphones,Online,2,88.01,176.02,108.35,67.67
ORD-103367,46174,East,David Lee,Sports,Dumbbells,Online,1,74.62,74.62,43.95,30.67
ORD-103632,46174,North,James Wilson,Clothing,Jacket,Store,2,95.1,190.2,103.38,86.82
ORD-103752,46174,West,Rachel Green,Home,Coffee Maker,Store,3,119.4,358.2,227.56,130.64
ORD-104159,46174,North,Emily Chen,Electronics,Headphones,Marketplace,2,89.2,178.4,113.86,64.54
ORD-104175,46174,West,Jordan Smith,Electronics,Monitor,Online,6,267.12,1602.72,1127.14,475.58
ORD-104326,46174,South,Ana Lopez,Home,Blender,Online,4,88.36,353.44,241.18,112.26
ORD-104436,46174,East,Sarah Kim,Home,Blender,Store,6,77.09,462.54,318.89,143.65
ORD-104588,46174,East,Sarah Kim,Sports,Dumbbells,Online,1,70.97,70.97,44.65,26.32
ORD-104817,46174,East,David Lee,Clothing,Jacket,Marketplace,6,102.49,614.94,348.55,266.39
ORD-100079,46175,East,David Lee,Clothing,Jacket,Store,3,88.36,265.08,142.07,123.01
ORD-100176,46175,North,Nina Patel,Home,Vacuum,Online,6,179.18,1075.08,746.9,328.18
ORD-100248,46175,West,Tom Nguyen,Electronics,Monitor,Online,5,268.33,1341.65,957.64,384.01
ORD-100554,46175,East,Sarah Kim,Electronics,Keyboard,Online,6,58.53,351.18,211.06,140.12
ORD-100609,46175,North,Emily Chen,Sports,Fitness Tracker,Marketplace,2,150.86,301.72,195.68,106.04
ORD-100961,46175,North,James Wilson,Home,Blender,Online,1,83.12,83.12,54.42,28.7
ORD-100966,46175,West,Rachel Green,Sports,Dumbbells,Online,3,68.16,204.48,125.64,78.84
ORD-101094,46175,South,Mike Davis,Electronics,Monitor,Store,2,264.67,529.34,378.73,150.61
ORD-101125,46175,South,Ana Lopez,Electronics,Webcam,Online,1,100.84,100.84,60.71,40.13
ORD-101238,46175,North,James Wilson,Electronics,Webcam,Marketplace,6,100.67,604.02,366.95,237.07
ORD-101330,46175,East,David Lee,Home,Air Fryer,Marketplace,6,145.28,871.68,590.68,281
ORD-101405,46175,South,Ana Lopez,Sports,Yoga Mat,Store,2,41.69,83.38,41.14,42.24
ORD-101596,46175,East,David Lee,Sports,Yoga Mat,Store,5,36.57,182.85,89.23,93.62
ORD-101984,46175,North,Emily Chen,Home,Air Fryer,Store,4,164.73,658.92,455.6,203.32
ORD-102000,46175,North,James Wilson,Electronics,Keyboard,Store,2,61.73,123.46,71.41,52.05
ORD-102200,46175,East,David Lee,Sports,Yoga Mat,Online,5,43.69,218.45,102.91,115.54
ORD-102501,46175,West,Tom Nguyen,Electronics,Webcam,Online,4,113.22,452.88,274.96,177.92
ORD-102572,46175,West,Tom Nguyen,Home,Air Fryer,Store,1,164.65,164.65,109.08,55.57
ORD-102604,46175,East,Marcus Reed,Sports,Yoga Mat,Store,3,36.41,109.23,51.85,57.38
ORD-102702,46175,East,Sarah Kim,Home,Blender,Online,1,93.27,93.27,64.92,28.35
ORD-103059,46175,West,Tom Nguyen,Home,Vacuum,Marketplace,3,200.61,601.83,424.24,177.59
ORD-103106,46175,East,David Lee,Electronics,Keyboard,Marketplace,1,64.04,64.04,37.78,26.26
ORD-103446,46175,East,Marcus Reed,Clothing,Hoodie,Store,3,56.19,168.57,81.48,87.09
ORD-103724,46175,South,Ana Lopez,Home,Coffee Maker,Online,3,116.29,348.87,228.84,120.03
ORD-103929,46175,South,Mike Davis,Clothing,Hoodie,Store,3,54.61,163.83,81.63,82.2
ORD-104105,46175,South,Chris Brown,Electronics,Webcam,Online,3,107.22,321.66,197.15,124.51
ORD-104258,46175,North,James Wilson,Electronics,Headphones,Store,4,87.45,349.8,213.12,136.68
ORD-104418,46175,North,Nina Patel,Electronics,Webcam,Store,6,114.25,685.5,403.88,281.62
ORD-104793,46175,West,Tom Nguyen,Home,Coffee Maker,Online,4,130.79,523.16,339.23,183.93
ORD-104885,46175,South,Chris Brown,Home,Air Fryer,Store,5,160.83,804.15,526.58,277.57
ORD-104973,46175,West,Jordan Smith,Clothing,Hoodie,Store,4,54.38,217.52,104.57,112.95
ORD-100035,46176,East,Sarah Kim,Sports,Dumbbells,Online,5,75.46,377.3,232.1,145.2
ORD-100084,46176,East,David Lee,Home,Vacuum,Store,6,177.75,1066.5,726.4,340.1
ORD-100134,46176,North,James Wilson,Clothing,Jacket,Online,5,103.39,516.95,275.69,241.26
ORD-100310,46176,West,Tom Nguyen,Electronics,Webcam,Online,6,106.21,637.26,382.43,254.83
ORD-100572,46176,North,James Wilson,Electronics,Keyboard,Online,5,69.57,347.85,197.57,150.28
ORD-100767,46176,West,Rachel Green,Sports,Dumbbells,Online,6,79.26,475.56,297.71,177.85
ORD-100944,46176,North,Emily Chen,Electronics,Webcam,Online,5,118.05,590.25,346.25,244
ORD-101263,46176,East,David Lee,Clothing,Sneakers,Online,5,114.28,571.4,334.04,237.36
ORD-101400,46176,East,Sarah Kim,Clothing,Hoodie,Online,1,54.7,54.7,27.14,27.56
ORD-101541,46176,South,Ana Lopez,Electronics,Webcam,Marketplace,2,118.12,236.24,144.44,91.8
ORD-101598,46176,East,David Lee,Electronics,Monitor,Marketplace,4,228.3,913.2,634,279.2
ORD-101752,46176,North,Emily Chen,Clothing,Jeans,Store,3,69.42,208.26,105.71,102.55
ORD-102331,46176,West,Jordan Smith,Sports,Running Shoes,Online,6,137.43,824.58,494.4,330.18
ORD-102899,46176,West,Jordan Smith,Sports,Running Shoes,Store,3,128.25,384.75,224.8,159.95
ORD-102976,46176,West,Rachel Green,Sports,Running Shoes,Marketplace,3,121.74,365.22,208.71,156.51
ORD-102987,46176,South,Mike Davis,Electronics,Monitor,Store,1,268.26,268.26,183.89,84.37
ORD-104014,46176,North,James Wilson,Home,Blender,Online,3,85.48,256.44,172.02,84.42
ORD-104226,46176,West,Jordan Smith,Sports,Yoga Mat,Store,1,37.6,37.6,18.21,19.39
ORD-104957,46176,East,Sarah Kim,Home,Air Fryer,Store,4,157.68,630.72,434.88,195.84
ORD-104980,46176,West,Rachel Green,Sports,Yoga Mat,Online,1,39.78,39.78,18.39,21.39
ORD-100101,46177,North,Emily Chen,Electronics,Monitor,Online,6,253.07,1518.42,1087.72,430.7
ORD-100356,46177,West,Tom Nguyen,Sports,Running Shoes,Store,1,136.48,136.48,79.89,56.59
ORD-100371,46177,West,Jordan Smith,Clothing,Hoodie,Online,1,64.96,64.96,31.41,33.55
ORD-100452,46177,West,Rachel Green,Home,Vacuum,Marketplace,6,176.42,1058.52,742.94,315.58
ORD-100813,46177,East,David Lee,Electronics,Keyboard,Store,2,70.1,140.2,81.61,58.59
ORD-101284,46177,South,Ana Lopez,Sports,Dumbbells,Store,4,71.71,286.84,181.65,105.19
ORD-101341,46177,North,James Wilson,Home,Coffee Maker,Store,6,120.35,722.1,476.44,245.66
ORD-101361,46177,South,Chris Brown,Electronics,Webcam,Online,4,111.62,446.48,268.08,178.4
ORD-101590,46177,West,Rachel Green,Home,Blender,Online,3,77.94,233.82,162.69,71.13
ORD-102013,46177,North,Nina Patel,Electronics,Headphones,Store,1,84.39,84.39,52.3,32.09
ORD-102107,46177,South,Chris Brown,Sports,Fitness Tracker,Online,5,139.02,695.1,475.55,219.55
ORD-102639,46177,East,Sarah Kim,Sports,Dumbbells,Online,3,78.96,236.88,148.54,88.34
ORD-102711,46177,East,David Lee,Electronics,Headphones,Store,1,84.48,84.48,50.91,33.57
ORD-102721,46177,North,James Wilson,Clothing,Jacket,Online,3,101.48,304.44,168.47,135.97
ORD-102797,46177,South,Chris Brown,Sports,Yoga Mat,Store,1,41.03,41.03,19,22.03
ORD-102809,46177,East,Marcus Reed,Home,Coffee Maker,Online,1,129.29,129.29,82.62,46.67
ORD-102872,46177,East,Sarah Kim,Home,Coffee Maker,Marketplace,1,115.56,115.56,76.52,39.04
ORD-102936,46177,South,Ana Lopez,Home,Air Fryer,Marketplace,5,137.89,689.45,462.51,226.94
ORD-102945,46177,West,Rachel Green,Clothing,Sneakers,Online,6,105.12,630.72,373.46,257.26
ORD-103083,46177,North,Nina Patel,Home,Coffee Maker,Store,5,110.06,550.3,350.69,199.61
ORD-103334,46177,South,Chris Brown,Home,Coffee Maker,Online,2,127.82,255.64,157.82,97.82
ORD-103452,46177,South,Mike Davis,Clothing,Hoodie,Online,2,54.74,109.48,53.95,55.53
ORD-103803,46177,East,David Lee,Clothing,Hoodie,Store,6,61.24,367.44,182.17,185.27
ORD-103953,46177,West,Tom Nguyen,Clothing,Jacket,Store,6,90.18,541.08,294.99,246.09
ORD-103982,46177,West,Jordan Smith,Home,Blender,Store,1,83.6,83.6,56.81,26.79
ORD-104381,46177,East,David Lee,Sports,Running Shoes,Online,4,130.79,523.16,301.44,221.72
ORD-100090,46178,West,Tom Nguyen,Home,Blender,Online,5,85.94,429.7,299.26,130.44
ORD-100393,46178,West,Tom Nguyen,Electronics,Webcam,Store,2,99.72,199.44,117.03,82.41
ORD-100735,46178,West,Rachel Green,Clothing,Jacket,Online,4,103.16,412.64,223.89,188.75
ORD-101395,46178,East,Sarah Kim,Sports,Dumbbells,Store,1,71.88,71.88,43.68,28.2
ORD-101472,46178,South,Ana Lopez,Sports,Fitness Tracker,Store,2,143.11,286.22,189.65,96.57
ORD-101480,46178,North,Nina Patel,Clothing,Hoodie,Store,3,62.09,186.27,94.7,91.57
ORD-102098,46178,West,Tom Nguyen,Clothing,Jeans,Store,6,68.52,411.12,220.97,190.15
ORD-102144,46178,North,Emily Chen,Sports,Running Shoes,Online,3,120.32,360.96,220.69,140.27
ORD-102527,46178,West,Tom Nguyen,Clothing,Jacket,Online,3,90.16,270.48,152.35,118.13
ORD-102956,46178,West,Tom Nguyen,Home,Blender,Store,4,92.42,369.68,244.6,125.08
ORD-103591,46178,West,Rachel Green,Electronics,Keyboard,Marketplace,4,65.3,261.2,154.57,106.63
ORD-103839,46178,South,Chris Brown,Home,Blender,Online,5,85.88,429.4,292.44,136.96
ORD-103992,46178,East,David Lee,Home,Air Fryer,Online,5,140.25,701.25,459.78,241.47
ORD-104092,46178,East,Sarah Kim,Electronics,Headphones,Online,5,95.4,477,306.74,170.26
ORD-104189,46178,North,Nina Patel,Sports,Dumbbells,Marketplace,2,81.76,163.52,97.46,66.06
ORD-104317,46178,South,Ana Lopez,Sports,Fitness Tracker,Store,4,126.52,506.08,325.11,180.97
ORD-104320,46178,West,Tom Nguyen,Electronics,Keyboard,Marketplace,6,65.79,394.74,225.88,168.86
ORD-100481,46179,North,Emily Chen,Clothing,Hoodie,Online,4,57.96,231.84,117.72,114.12
ORD-100486,46179,East,Marcus Reed,Electronics,Headphones,Store,5,82.24,411.2,261.76,149.44
ORD-100565,46179,North,Nina Patel,Home,Coffee Maker,Marketplace,6,125.16,750.96,464.04,286.92
ORD-101148,46179,South,Ana Lopez,Home,Blender,Online,4,76.52,306.08,214.23,91.85
ORD-101237,46179,East,Marcus Reed,Home,Coffee Maker,Online,2,119.78,239.56,154.1,85.46
ORD-101670,46179,West,Jordan Smith,Sports,Fitness Tracker,Online,2,142.69,285.38,190.7,94.68
ORD-101764,46179,East,Marcus Reed,Sports,Running Shoes,Online,5,116.32,581.6,333.7,247.9
ORD-102068,46179,North,Nina Patel,Electronics,Keyboard,Online,1,63.74,63.74,37.85,25.89
ORD-102347,46179,North,James Wilson,Clothing,Jeans,Online,1,64.75,64.75,32.66,32.09
ORD-102445,46179,South,Ana Lopez,Home,Blender,Online,5,89.85,449.25,300.19,149.06
ORD-102728,46179,West,Tom Nguyen,Home,Vacuum,Store,1,177.93,177.93,122.63,55.3
ORD-102875,46179,East,David Lee,Sports,Dumbbells,Marketplace,3,77.77,233.31,145.24,88.07
ORD-102907,46179,East,Marcus Reed,Sports,Running Shoes,Store,6,137.05,822.3,475.31,346.99
ORD-103183,46179,West,Rachel Green,Home,Air Fryer,Online,5,164.45,822.25,562.58,259.67
ORD-103254,46179,East,Sarah Kim,Electronics,Webcam,Online,4,113.92,455.68,275.93,179.75
ORD-103317,46179,North,James Wilson,Home,Coffee Maker,Online,5,129.35,646.75,430.19,216.56
ORD-103567,46179,South,Chris Brown,Clothing,Jeans,Online,5,75.62,378.1,201.71,176.39
ORD-103908,46179,South,Chris Brown,Electronics,Webcam,Store,1,115.18,115.18,69.12,46.06
ORD-104455,46179,East,Marcus Reed,Home,Vacuum,Store,5,205.96,1029.8,723.54,306.26
ORD-104484,46179,East,Marcus Reed,Clothing,Hoodie,Store,2,63.04,126.08,64.26,61.82
ORD-104589,46179,West,Tom Nguyen,Sports,Yoga Mat,Online,5,38.75,193.75,95.38,98.37
ORD-104725,46179,East,Marcus Reed,Electronics,Headphones,Store,1,98.74,98.74,63.52,35.22
ORD-104866,46179,North,Nina Patel,Home,Vacuum,Online,5,205.49,1027.45,688.73,338.72
ORD-100074,46180,East,Marcus Reed,Electronics,Keyboard,Online,3,62.58,187.74,111,76.74
ORD-100345,46180,West,Rachel Green,Clothing,Hoodie,Online,6,60.45,362.7,181.16,181.54
ORD-100415,46180,North,James Wilson,Home,Coffee Maker,Online,6,131.93,791.58,501.71,289.87
ORD-100589,46180,West,Tom Nguyen,Home,Air Fryer,Marketplace,3,158.95,476.85,329.38,147.47
ORD-100662,46180,East,Sarah Kim,Electronics,Monitor,Online,2,241.3,482.6,331.64,150.96
ORD-100703,46180,West,Rachel Green,Clothing,Jacket,Marketplace,5,93.25,466.25,254.17,212.08
ORD-100906,46180,North,James Wilson,Home,Coffee Maker,Store,1,128.95,128.95,85.21,43.74
ORD-101124,46180,East,Sarah Kim,Home,Blender,Store,5,76.79,383.95,254.49,129.46
ORD-101364,46180,North,Nina Patel,Home,Blender,Online,4,87.97,351.88,243.08,108.8
ORD-101540,46180,East,David Lee,Home,Vacuum,Store,6,199.28,1195.68,824.01,371.67
ORD-101566,46180,West,Jordan Smith,Home,Blender,Marketplace,3,80.21,240.63,159.54,81.09
ORD-101785,46180,East,Marcus Reed,Electronics,Webcam,Store,2,117.07,234.14,142.09,92.05
ORD-101904,46180,West,Rachel Green,Sports,Yoga Mat,Store,4,43.26,173.04,81.43,91.61
ORD-101975,46180,West,Rachel Green,Sports,Yoga Mat,Online,6,42.77,256.62,119.19,137.43
ORD-102104,46180,South,Mike Davis,Clothing,Jacket,Store,1,95.61,95.61,50.95,44.66
ORD-102180,46180,East,Sarah Kim,Electronics,Monitor,Online,5,234.88,1174.4,800.36,374.04
ORD-102275,46180,West,Rachel Green,Electronics,Monitor,Online,5,255.9,1279.5,904.31,375.19
ORD-102373,46180,East,David Lee,Sports,Running Shoes,Online,2,133.88,267.76,156.3,111.46
ORD-102389,46180,North,James Wilson,Clothing,Jacket,Online,3,97.97,293.91,160.28,133.63
ORD-102470,46180,West,Rachel Green,Electronics,Webcam,Store,4,106.9,427.6,257.15,170.45
ORD-102571,46180,East,Sarah Kim,Clothing,Jacket,Online,2,87.06,174.12,96.82,77.3
ORD-102689,46180,East,Marcus Reed,Clothing,Jeans,Online,5,71.85,359.25,191.9,167.35
ORD-102839,46180,East,Marcus Reed,Sports,Dumbbells,Online,4,76.22,304.88,190.2,114.68
ORD-102876,46180,East,Marcus Reed,Clothing,Sneakers,Online,1,107.06,107.06,65.17,41.89
ORD-103036,46180,West,Jordan Smith,Home,Vacuum,Store,2,179.42,358.84,247.75,111.09
ORD-103090,46180,West,Jordan Smith,Home,Air Fryer,Marketplace,3,150.92,452.76,294.06,158.7
ORD-103128,46180,East,Marcus Reed,Sports,Yoga Mat,Online,3,43.78,131.34,64.45,66.89
ORD-103589,46180,South,Ana Lopez,Electronics,Webcam,Online,2,116.8,233.6,144.49,89.11
ORD-103612,46180,West,Jordan Smith,Clothing,Jacket,Marketplace,4,89.48,357.92,190.2,167.72
ORD-103675,46180,West,Rachel Green,Electronics,Monitor,Store,5,257.27,1286.35,919.7,366.65
ORD-103712,46180,West,Tom Nguyen,Sports,Fitness Tracker,Store,5,150.66,753.3,499.36,253.94
ORD-103781,46180,South,Ana Lopez,Electronics,Webcam,Store,6,117.81,706.86,432.93,273.93
ORD-103823,46180,West,Rachel Green,Electronics,Monitor,Store,6,229.05,1374.3,972.44,401.86
ORD-103824,46180,West,Jordan Smith,Clothing,Jeans,Store,2,72.33,144.66,75.76,68.9
ORD-103922,46180,East,Sarah Kim,Clothing,Hoodie,Store,5,59.04,295.2,143.73,151.47
ORD-103990,46180,South,Chris Brown,Electronics,Keyboard,Online,1,63.34,63.34,36.82,26.52
ORD-104091,46180,South,Mike Davis,Electronics,Monitor,Store,5,269.03,1345.15,973.14,372.01
ORD-104329,46180,East,David Lee,Sports,Fitness Tracker,Marketplace,2,146.06,292.12,193.68,98.44
ORD-104745,46180,South,Chris Brown,Electronics,Keyboard,Store,4,63.8,255.2,147.79,107.41
ORD-100160,46181,West,Jordan Smith,Electronics,Webcam,Store,1,104.95,104.95,64.91,40.04
ORD-100620,46181,West,Tom Nguyen,Electronics,Monitor,Online,1,250.56,250.56,179.76,70.8
ORD-100730,46181,West,Tom Nguyen,Home,Vacuum,Online,1,190.38,190.38,134.9,55.48
ORD-100747,46181,East,Sarah Kim,Home,Vacuum,Online,3,171.17,513.51,345.62,167.89
ORD-100984,46181,North,James Wilson,Sports,Running Shoes,Marketplace,6,123.14,738.84,427.7,311.14
ORD-101019,46181,North,Emily Chen,Sports,Dumbbells,Store,2,77.48,154.96,91.73,63.23
ORD-101563,46181,East,David Lee,Clothing,Jeans,Online,4,75.86,303.44,159.8,143.64
ORD-101791,46181,South,Mike Davis,Home,Blender,Online,3,92.71,278.13,185.96,92.17
ORD-101817,46181,South,Ana Lopez,Electronics,Webcam,Store,2,115.13,230.26,137.03,93.23
ORD-102108,46181,East,Marcus Reed,Electronics,Keyboard,Marketplace,3,70.56,211.68,125.74,85.94
ORD-102618,46181,West,Rachel Green,Clothing,Sneakers,Online,5,106.79,533.95,324.35,209.6
ORD-103164,46181,West,Jordan Smith,Electronics,Monitor,Online,6,265.24,1591.44,1070.81,520.63
ORD-103227,46181,West,Jordan Smith,Electronics,Monitor,Store,4,252.25,1009,698.39,310.61
ORD-103576,46181,West,Tom Nguyen,Clothing,Hoodie,Online,2,63.69,127.38,61.31,66.07
ORD-103702,46181,East,Sarah Kim,Sports,Dumbbells,Store,5,77.39,386.95,238.87,148.08
ORD-104257,46181,South,Ana Lopez,Home,Vacuum,Store,6,187.82,1126.92,771.6,355.32
ORD-104824,46181,North,Nina Patel,Clothing,Jeans,Store,5,65.26,326.3,171.18,155.12
ORD-104939,46181,North,Nina Patel,Electronics,Keyboard,Store,2,62.29,124.58,69.49,55.09
ORD-100414,46182,South,Chris Brown,Clothing,Jeans,Online,6,76.64,459.84,233.45,226.39
ORD-100571,46182,North,Nina Patel,Electronics,Webcam,Online,2,99.31,198.62,115.31,83.31
ORD-100834,46182,North,Emily Chen,Clothing,Jeans,Online,4,75.24,300.96,156.66,144.3
ORD-100992,46182,East,David Lee,Electronics,Monitor,Store,5,252.43,1262.15,890.33,371.82
ORD-101063,46182,North,Emily Chen,Electronics,Monitor,Online,3,270.82,812.46,586.01,226.45
ORD-101081,46182,North,Nina Patel,Electronics,Headphones,Online,3,96.91,290.73,173.57,117.16
ORD-101150,46182,West,Tom Nguyen,Electronics,Keyboard,Marketplace,5,65.64,328.2,193.28,134.92
ORD-101463,46182,East,Marcus Reed,Sports,Yoga Mat,Online,2,39.21,78.42,37.04,41.38
ORD-101639,46182,North,James Wilson,Sports,Dumbbells,Online,5,72.62,363.1,213.32,149.78
ORD-101853,46182,South,Ana Lopez,Clothing,Sneakers,Online,2,107.13,214.26,124.05,90.21
ORD-102217,46182,North,Nina Patel,Electronics,Monitor,Store,2,253.45,506.9,347.16,159.74
ORD-102260,46182,East,Marcus Reed,Clothing,Sneakers,Online,3,99.56,298.68,182.47,116.21
ORD-102365,46182,North,Emily Chen,Electronics,Monitor,Store,4,273.47,1093.88,786.7,307.18
ORD-102942,46182,East,David Lee,Electronics,Headphones,Online,3,90.8,272.4,175.56,96.84
ORD-102984,46182,West,Rachel Green,Electronics,Headphones,Online,4,89.66,358.64,219.21,139.43
ORD-103034,46182,North,Emily Chen,Home,Air Fryer,Store,3,146.1,438.3,293.62,144.68
ORD-103094,46182,East,David Lee,Sports,Yoga Mat,Online,1,36.99,36.99,17.7,19.29
ORD-103590,46182,West,Jordan Smith,Electronics,Headphones,Store,1,90.39,90.39,57.09,33.3
ORD-103932,46182,West,Tom Nguyen,Sports,Fitness Tracker,Online,4,126.93,507.72,331.11,176.61
ORD-104007,46182,South,Ana Lopez,Electronics,Webcam,Marketplace,4,99.85,399.4,237.25,162.15
ORD-104033,46182,North,Emily Chen,Sports,Running Shoes,Online,2,119.4,238.8,141.31,97.49
ORD-104150,46182,North,James Wilson,Sports,Running Shoes,Store,3,132.76,398.28,237.95,160.33
ORD-104270,46182,North,Emily Chen,Sports,Fitness Tracker,Online,1,147.27,147.27,100.02,47.25
ORD-104500,46182,South,Mike Davis,Clothing,Jeans,Store,2,66.66,133.32,70.47,62.85
ORD-104909,46182,West,Rachel Green,Sports,Fitness Tracker,Marketplace,2,133.06,266.12,180.24,85.88
ORD-100510,46183,West,Rachel Green,Sports,Fitness Tracker,Store,6,149.44,896.64,582.63,314.01
ORD-100698,46183,East,David Lee,Clothing,Hoodie,Online,4,64.32,257.28,132.2,125.08
ORD-100835,46183,East,David Lee,Home,Vacuum,Online,2,192.56,385.12,264.93,120.19
ORD-101450,46183,South,Mike Davis,Sports,Fitness Tracker,Online,1,137.68,137.68,92.15,45.53
ORD-101556,46183,South,Mike Davis,Sports,Yoga Mat,Online,3,38.33,114.99,54.06,60.93
ORD-101587,46183,South,Chris Brown,Sports,Yoga Mat,Store,2,39.6,79.2,37.8,41.4
ORD-101601,46183,East,Marcus Reed,Clothing,Hoodie,Online,2,55.95,111.9,55.99,55.91
ORD-101775,46183,East,David Lee,Electronics,Monitor,Store,2,225.54,451.08,309.08,142
ORD-101778,46183,West,Tom Nguyen,Clothing,Sneakers,Online,3,109.57,328.71,191.91,136.8
ORD-101889,46183,South,Chris Brown,Clothing,Jeans,Store,4,72.35,289.4,152.35,137.05
ORD-102154,46183,East,Marcus Reed,Clothing,Jacket,Store,4,96.2,384.8,215.29,169.51
ORD-102662,46183,East,Sarah Kim,Sports,Fitness Tracker,Store,2,145.92,291.84,185.42,106.42
ORD-102719,46183,East,Sarah Kim,Electronics,Keyboard,Store,5,68.37,341.85,201.68,140.17
ORD-103039,46183,North,Nina Patel,Sports,Fitness Tracker,Online,2,152.58,305.16,206.89,98.27
ORD-103103,46183,North,Nina Patel,Electronics,Headphones,Store,3,90.1,270.3,172.92,97.38
ORD-103375,46183,South,Ana Lopez,Electronics,Headphones,Online,1,90.2,90.2,55.55,34.65
ORD-103529,46183,West,Jordan Smith,Electronics,Headphones,Online,5,87.14,435.7,264.52,171.18
ORD-103540,46183,West,Rachel Green,Electronics,Monitor,Marketplace,2,255.58,511.16,351.67,159.49
ORD-103556,46183,South,Mike Davis,Sports,Running Shoes,Online,2,116.96,233.92,140.68,93.24
ORD-103788,46183,West,Jordan Smith,Home,Coffee Maker,Online,3,129.79,389.37,242.62,146.75
ORD-104061,46183,East,Marcus Reed,Electronics,Monitor,Store,4,233.06,932.24,658.5,273.74
ORD-104292,46183,North,James Wilson,Clothing,Jeans,Store,5,64.05,320.25,163.02,157.23
ORD-104313,46183,North,Emily Chen,Electronics,Webcam,Store,3,120.19,360.57,220.5,140.07
ORD-104761,46183,East,Marcus Reed,Home,Coffee Maker,Online,3,110.7,332.1,208.32,123.78
ORD-104890,46183,West,Rachel Green,Electronics,Headphones,Online,5,91.06,455.3,287.74,167.56
ORD-100272,46184,East,Sarah Kim,Electronics,Webcam,Online,4,117.67,470.68,274.62,196.06
ORD-100621,46184,East,Sarah Kim,Clothing,Jacket,Store,2,103.54,207.08,116.32,90.76
ORD-100780,46184,West,Rachel Green,Home,Blender,Store,2,79.76,159.52,104.69,54.83
ORD-100978,46184,South,Chris Brown,Sports,Yoga Mat,Online,5,40.81,204.05,94.65,109.4
ORD-101442,46184,East,Marcus Reed,Home,Air Fryer,Online,5,139.5,697.5,472.33,225.17
ORD-101498,46184,West,Jordan Smith,Electronics,Monitor,Store,5,238.07,1190.35,842.25,348.1
ORD-101582,46184,North,James Wilson,Home,Vacuum,Online,6,204.13,1224.78,833.41,391.37
ORD-101692,46184,South,Chris Brown,Electronics,Keyboard,Marketplace,6,66.76,400.56,232.97,167.59
ORD-101902,46184,East,Sarah Kim,Home,Vacuum,Store,4,171.51,686.04,483.9,202.14
ORD-102054,46184,West,Tom Nguyen,Electronics,Headphones,Online,2,86.11,172.22,107.77,64.45
ORD-102130,46184,North,James Wilson,Clothing,Jeans,Online,4,68.88,275.52,144.9,130.62
ORD-102250,46184,East,David Lee,Electronics,Monitor,Store,4,250.71,1002.84,693.87,308.97
ORD-102301,46184,North,Nina Patel,Electronics,Headphones,Store,3,85.58,256.74,154.75,101.99
ORD-102968,46184,East,Marcus Reed,Electronics,Keyboard,Marketplace,5,68.48,342.4,204.79,137.61
ORD-103092,46184,West,Jordan Smith,Home,Air Fryer,Online,5,152.57,762.85,508.58,254.27
ORD-103391,46184,East,Sarah Kim,Sports,Yoga Mat,Online,3,41.54,124.62,61.96,62.66
ORD-103795,46184,South,Chris Brown,Sports,Yoga Mat,Online,2,38.33,76.66,37.3,39.36
ORD-103909,46184,West,Jordan Smith,Electronics,Headphones,Store,1,86.77,86.77,55.65,31.12
ORD-103996,46184,East,Sarah Kim,Electronics,Keyboard,Online,3,60.82,182.46,107.08,75.38
ORD-104045,46184,West,Rachel Green,Home,Blender,Online,5,89.42,447.1,314.43,132.67
ORD-104089,46184,East,Sarah Kim,Sports,Yoga Mat,Marketplace,2,38.22,76.44,36.43,40.01
ORD-104114,46184,South,Chris Brown,Sports,Dumbbells,Online,3,75.26,225.78,135.66,90.12
ORD-104357,46184,West,Jordan Smith,Home,Coffee Maker,Online,3,126.7,380.1,246.29,133.81
ORD-104459,46184,East,Sarah Kim,Electronics,Keyboard,Marketplace,1,67.06,67.06,39.89,27.17
ORD-104499,46184,North,James Wilson,Clothing,Sneakers,Store,6,117.86,707.16,440.12,267.04
ORD-104693,46184,West,Rachel Green,Home,Air Fryer,Online,1,149.84,149.84,99.8,50.04
ORD-104851,46184,South,Mike Davis,Sports,Fitness Tracker,Online,5,146.73,733.65,479.64,254.01
ORD-100106,46185,East,Marcus Reed,Electronics,Monitor,Online,3,225.08,675.24,458,217.24
ORD-100327,46185,South,Ana Lopez,Electronics,Keyboard,Marketplace,1,68.43,68.43,38.74,29.69
ORD-100391,46185,North,Emily Chen,Home,Blender,Online,3,84.32,252.96,167.63,85.33
ORD-100501,46185,South,Ana Lopez,Electronics,Keyboard,Store,4,65.87,263.48,152.78,110.7
ORD-101032,46185,North,Nina Patel,Electronics,Monitor,Online,2,251.19,502.38,341.41,160.97
ORD-101040,46185,South,Mike Davis,Clothing,Jacket,Store,3,97.13,291.39,163.34,128.05
ORD-101183,46185,North,Emily Chen,Home,Vacuum,Marketplace,5,183.21,916.05,630.68,285.37
ORD-101196,46185,East,Marcus Reed,Clothing,Jeans,Online,3,68.91,206.73,107.92,98.81
ORD-101554,46185,West,Rachel Green,Electronics,Keyboard,Store,6,61.52,369.12,214.02,155.1
ORD-101645,46185,North,Nina Patel,Electronics,Monitor,Store,6,231.15,1386.9,952.62,434.28
ORD-101661,46185,North,Nina Patel,Home,Vacuum,Store,5,182.45,912.25,614.81,297.44
ORD-101672,46185,West,Tom Nguyen,Sports,Fitness Tracker,Store,3,131.77,395.31,260.97,134.34
ORD-101702,46185,North,Nina Patel,Clothing,Sneakers,Marketplace,6,119.24,715.44,421.33,294.11
ORD-101815,46185,South,Chris Brown,Home,Coffee Maker,Store,5,124.08,620.4,393.31,227.09
ORD-102310,46185,East,Sarah Kim,Electronics,Monitor,Store,4,237.94,951.76,689.34,262.42
ORD-102496,46185,East,David Lee,Home,Blender,Online,5,92.87,464.35,310.59,153.76
ORD-102747,46185,South,Ana Lopez,Electronics,Monitor,Online,4,242.7,970.8,693.04,277.76
ORD-102789,46185,East,Sarah Kim,Sports,Running Shoes,Online,3,136.64,409.92,232.7,177.22
ORD-102810,46185,East,David Lee,Home,Coffee Maker,Online,6,125.55,753.3,464.45,288.85
ORD-103481,46185,West,Tom Nguyen,Clothing,Sneakers,Store,1,101.54,101.54,59.23,42.31
ORD-103759,46185,South,Ana Lopez,Home,Blender,Online,5,78.16,390.8,261.7,129.1
ORD-103833,46185,East,David Lee,Sports,Fitness Tracker,Online,6,144.75,868.5,579.21,289.29
ORD-104315,46185,East,David Lee,Sports,Running Shoes,Marketplace,3,116.33,348.99,203.52,145.47
ORD-104401,46185,West,Jordan Smith,Electronics,Monitor,Store,3,264.37,793.11,559,234.11
ORD-104433,46185,West,Rachel Green,Sports,Yoga Mat,Online,3,40.23,120.69,59.62,61.07
ORD-104505,46185,West,Rachel Green,Clothing,Hoodie,Online,1,62.55,62.55,30.19,32.36
ORD-104705,46185,East,David Lee,Clothing,Jeans,Online,6,75.79,454.74,241.14,213.6
ORD-104914,46185,West,Rachel Green,Clothing,Jacket,Marketplace,6,99.41,596.46,315.74,280.72
ORD-100075,46186,West,Rachel Green,Sports,Dumbbells,Online,3,76.51,229.53,135.75,93.78
ORD-100223,46186,West,Rachel Green,Sports,Dumbbells,Store,3,80.51,241.53,153.21,88.32
ORD-100478,46186,North,James Wilson,Sports,Dumbbells,Online,1,75.04,75.04,46.4,28.64
ORD-100636,46186,North,James Wilson,Home,Coffee Maker,Online,4,128.21,512.84,340.65,172.19
ORD-100750,46186,North,Emily Chen,Clothing,Jacket,Online,4,87.46,349.84,197.37,152.47
ORD-100932,46186,East,David Lee,Electronics,Headphones,Online,6,81.8,490.8,297.47,193.33
ORD-101151,46186,West,Tom Nguyen,Sports,Fitness Tracker,Marketplace,5,142.48,712.4,473.09,239.31
ORD-101319,46186,West,Jordan Smith,Clothing,Sneakers,Online,3,116.44,349.32,211.22,138.1
ORD-101349,46186,West,Rachel Green,Home,Air Fryer,Store,2,163.45,326.9,222.62,104.28
ORD-101567,46186,South,Chris Brown,Home,Air Fryer,Store,1,163.33,163.33,110.33,53
ORD-101674,46186,East,Sarah Kim,Home,Air Fryer,Marketplace,6,144.29,865.74,590.2,275.54
ORD-102064,46186,East,David Lee,Electronics,Headphones,Online,4,93.67,374.68,235.74,138.94
ORD-102220,46186,West,Jordan Smith,Electronics,Keyboard,Online,4,66.16,264.64,158.81,105.83
ORD-102582,46186,West,Tom Nguyen,Electronics,Webcam,Marketplace,5,106.93,534.65,317.91,216.74
ORD-102845,46186,North,Nina Patel,Electronics,Webcam,Online,3,117.02,351.06,205.92,145.14
ORD-102853,46186,South,Mike Davis,Clothing,Sneakers,Store,1,103.87,103.87,64.32,39.55
ORD-102874,46186,North,James Wilson,Home,Coffee Maker,Online,5,116.97,584.85,361.23,223.62
ORD-102910,46186,North,Emily Chen,Sports,Dumbbells,Online,1,81.99,81.99,49.63,32.36
ORD-103010,46186,North,James Wilson,Clothing,Hoodie,Online,1,56.27,56.27,28.44,27.83
ORD-103215,46186,North,James Wilson,Home,Vacuum,Online,2,198.85,397.7,271.87,125.83
ORD-103325,46186,West,Tom Nguyen,Electronics,Keyboard,Store,6,68.36,410.16,238.37,171.79
ORD-103733,46186,East,Marcus Reed,Home,Blender,Online,2,83.93,167.86,111.15,56.71
ORD-103997,46186,East,Marcus Reed,Clothing,Jeans,Store,4,72.69,290.76,151.3,139.46
ORD-104036,46186,West,Jordan Smith,Electronics,Monitor,Online,6,238.25,1429.5,1025.85,403.65
ORD-104120,46186,West,Rachel Green,Electronics,Headphones,Online,5,84.07,420.35,265.77,154.58
ORD-104156,46186,South,Chris Brown,Electronics,Headphones,Marketplace,4,97.61,390.44,235.22,155.22
ORD-104205,46186,East,Marcus Reed,Electronics,Keyboard,Marketplace,3,62.6,187.8,108.97,78.83
ORD-104232,46186,West,Rachel Green,Electronics,Headphones,Online,2,94.93,189.86,119.96,69.9
ORD-104594,46186,South,Ana Lopez,Electronics,Headphones,Store,5,82.52,412.6,248.12,164.48
ORD-104698,46186,North,Nina Patel,Home,Air Fryer,Online,4,150.72,602.88,392.3,210.58
ORD-104757,46186,North,James Wilson,Clothing,Jacket,Online,5,89.95,449.75,250.26,199.49
ORD-104929,46186,East,Sarah Kim,Electronics,Monitor,Store,1,272.04,272.04,184.84,87.2
ORD-104944,46186,East,Marcus Reed,Electronics,Keyboard,Online,1,63.29,63.29,35.82,27.47
ORD-100113,46187,North,Nina Patel,Sports,Yoga Mat,Store,2,40.81,81.62,38.29,43.33
ORD-100222,46187,North,Nina Patel,Electronics,Monitor,Online,1,240.15,240.15,166.35,73.8
ORD-100569,46187,East,Sarah Kim,Home,Vacuum,Online,4,187.76,751.04,521.59,229.45
ORD-100696,46187,North,Emily Chen,Electronics,Headphones,Store,3,88.8,266.4,161.79,104.61
ORD-100851,46187,North,James Wilson,Home,Vacuum,Online,1,195.36,195.36,135.3,60.06
ORD-101023,46187,South,Chris Brown,Sports,Fitness Tracker,Online,6,130.63,783.78,520.87,262.91
ORD-101075,46187,East,David Lee,Electronics,Keyboard,Store,3,60.67,182.01,102.94,79.07
ORD-101173,46187,North,Emily Chen,Home,Air Fryer,Store,3,163.83,491.49,327.42,164.07
ORD-101222,46187,South,Ana Lopez,Clothing,Sneakers,Store,4,116.58,466.32,284.5,181.82
ORD-101407,46187,South,Mike Davis,Electronics,Keyboard,Marketplace,4,63.57,254.28,146.05,108.23
ORD-101629,46187,South,Chris Brown,Electronics,Monitor,Store,6,253.64,1521.84,1036.76,485.08
ORD-102300,46187,West,Rachel Green,Electronics,Headphones,Online,3,88.27,264.81,170.38,94.43
ORD-102623,46187,East,Sarah Kim,Electronics,Webcam,Online,2,101.63,203.26,122.96,80.3
ORD-102659,46187,South,Chris Brown,Sports,Running Shoes,Store,6,129.65,777.9,455.64,322.26
ORD-102838,46187,East,Sarah Kim,Home,Air Fryer,Marketplace,6,160.73,964.38,645.62,318.76
ORD-102935,46187,East,David Lee,Electronics,Headphones,Marketplace,3,95.23,285.69,171.6,114.09
ORD-102969,46187,West,Tom Nguyen,Home,Air Fryer,Store,5,152.24,761.2,530.09,231.11
ORD-103397,46187,East,David Lee,Electronics,Keyboard,Online,1,66.83,66.83,37.82,29.01
ORD-103709,46187,South,Ana Lopez,Electronics,Monitor,Online,1,267.1,267.1,193.11,73.99
ORD-103938,46187,North,James Wilson,Electronics,Keyboard,Store,4,63.79,255.16,149.56,105.6
ORD-104218,46187,South,Chris Brown,Clothing,Sneakers,Online,6,111.03,666.18,404.51,261.67
ORD-104856,46187,West,Rachel Green,Electronics,Webcam,Store,2,111.57,223.14,132.29,90.85
ORD-104924,46187,West,Jordan Smith,Sports,Yoga Mat,Online,5,37.43,187.15,93.06,94.09
ORD-100151,46188,East,Marcus Reed,Electronics,Webcam,Online,1,113.84,113.84,70.55,43.29
ORD-100189,46188,East,David Lee,Clothing,Jacket,Store,6,94.35,566.1,299.04,267.06
ORD-100439,46188,East,David Lee,Clothing,Jacket,Online,3,103.82,311.46,175.63,135.83
ORD-100524,46188,West,Jordan Smith,Clothing,Sneakers,Online,2,103.65,207.3,120.68,86.62
ORD-100783,46188,East,Marcus Reed,Electronics,Headphones,Store,3,98.98,296.94,177.12,119.82
ORD-100863,46188,West,Jordan Smith,Sports,Yoga Mat,Online,2,39.41,78.82,37.69,41.13
ORD-101394,46188,North,Nina Patel,Electronics,Webcam,Online,4,115.49,461.96,277.72,184.24
ORD-101495,46188,South,Ana Lopez,Sports,Running Shoes,Online,4,130.13,520.52,300.99,219.53
ORD-101502,46188,East,Sarah Kim,Clothing,Jacket,Store,4,88.59,354.36,193.45,160.91
ORD-102028,46188,East,Marcus Reed,Sports,Dumbbells,Marketplace,5,81.01,405.05,252.57,152.48
ORD-102495,46188,East,David Lee,Sports,Dumbbells,Marketplace,2,70.97,141.94,87.45,54.49
ORD-102742,46188,South,Chris Brown,Clothing,Jacket,Store,6,93.15,558.9,315.62,243.28
ORD-103088,46188,East,David Lee,Electronics,Monitor,Online,4,247.68,990.72,681.48,309.24
ORD-103625,46188,West,Tom Nguyen,Sports,Fitness Tracker,Online,1,132.1,132.1,84.28,47.82
ORD-103761,46188,North,Nina Patel,Home,Coffee Maker,Store,1,118.76,118.76,73.5,45.26
ORD-104402,46188,West,Jordan Smith,Home,Blender,Store,5,87.14,435.7,295.71,139.99
ORD-104571,46188,East,Marcus Reed,Clothing,Sneakers,Online,4,111.24,444.96,276.69,168.27
ORD-104657,46188,West,Tom Nguyen,Sports,Yoga Mat,Online,6,40.28,241.68,113.37,128.31
ORD-100052,46189,South,Chris Brown,Clothing,Jacket,Online,6,87.72,526.32,279.93,246.39
ORD-100247,46189,South,Chris Brown,Home,Coffee Maker,Online,1,128.76,128.76,79.31,49.45
ORD-100374,46189,South,Chris Brown,Clothing,Jacket,Store,2,89.25,178.5,101.01,77.49
ORD-101119,46189,East,Marcus Reed,Sports,Running Shoes,Marketplace,2,129.65,259.3,147.97,111.33
ORD-101122,46189,East,Sarah Kim,Clothing,Sneakers,Marketplace,4,111.79,447.16,267.94,179.22
ORD-101597,46189,West,Jordan Smith,Clothing,Sneakers,Online,4,114.43,457.72,283.88,173.84
ORD-101608,46189,North,James Wilson,Clothing,Sneakers,Online,2,109.43,218.86,126.59,92.27
ORD-101908,46189,South,Chris Brown,Sports,Running Shoes,Store,5,132.6,663,392.93,270.07
ORD-102414,46189,North,Emily Chen,Electronics,Keyboard,Store,1,68.82,68.82,41.5,27.32
ORD-102688,46189,West,Tom Nguyen,Clothing,Sneakers,Online,6,111.57,669.42,414.8,254.62
ORD-102919,46189,West,Jordan Smith,Clothing,Jeans,Online,1,75.29,75.29,39.55,35.74
ORD-102928,46189,East,David Lee,Clothing,Sneakers,Marketplace,3,104.61,313.83,193.34,120.49
ORD-103082,46189,South,Chris Brown,Sports,Fitness Tracker,Online,4,147.45,589.8,381.77,208.03
ORD-103152,46189,South,Chris Brown,Clothing,Jeans,Online,3,68.34,205.02,103.89,101.13
ORD-103180,46189,South,Chris Brown,Sports,Dumbbells,Online,4,68.12,272.48,160.96,111.52
ORD-103374,46189,West,Rachel Green,Sports,Dumbbells,Store,6,71.52,429.12,269.68,159.44
ORD-103857,46189,West,Tom Nguyen,Electronics,Webcam,Store,6,115.24,691.44,401.15,290.29
ORD-103979,46189,South,Ana Lopez,Sports,Dumbbells,Online,5,80.51,402.55,246.34,156.21
ORD-104288,46189,South,Chris Brown,Home,Air Fryer,Online,6,152.43,914.58,617.92,296.66
ORD-104427,46189,East,David Lee,Clothing,Hoodie,Store,1,61.47,61.47,30.73,30.74
ORD-104704,46189,South,Chris Brown,Clothing,Jacket,Store,6,90.35,542.1,290.61,251.49
ORD-104801,46189,West,Jordan Smith,Home,Coffee Maker,Store,2,120.64,241.28,159.14,82.14
ORD-104930,46189,West,Rachel Green,Home,Vacuum,Store,3,174.84,524.52,353.8,170.72
ORD-100031,46190,South,Chris Brown,Electronics,Webcam,Store,5,115.26,576.3,335.57,240.73
ORD-100313,46190,East,David Lee,Sports,Dumbbells,Online,4,81.44,325.76,192.6,133.16
ORD-100564,46190,East,Sarah Kim,Clothing,Hoodie,Marketplace,2,56.52,113.04,54.67,58.37
ORD-100989,46190,South,Ana Lopez,Electronics,Keyboard,Store,4,68.78,275.12,158.55,116.57
ORD-101105,46190,East,David Lee,Clothing,Hoodie,Online,3,56.89,170.67,87.54,83.13
ORD-101121,46190,East,Marcus Reed,Electronics,Monitor,Online,4,238.83,955.32,669.11,286.21
ORD-101586,46190,East,Marcus Reed,Clothing,Jeans,Online,1,75.03,75.03,37.75,37.28
ORD-101814,46190,West,Tom Nguyen,Electronics,Keyboard,Store,4,67.49,269.96,159.73,110.23
ORD-101930,46190,East,Sarah Kim,Clothing,Jacket,Store,1,90.66,90.66,51.13,39.53
ORD-101945,46190,North,James Wilson,Sports,Yoga Mat,Store,3,41.57,124.71,61.64,63.07
ORD-102170,46190,West,Tom Nguyen,Home,Coffee Maker,Store,1,113.31,113.31,70.64,42.67
ORD-102306,46190,West,Jordan Smith,Electronics,Monitor,Marketplace,2,252.54,505.08,349.76,155.32
ORD-102432,46190,South,Ana Lopez,Home,Coffee Maker,Online,4,109.09,436.36,285.95,150.41
ORD-102455,46190,East,Marcus Reed,Clothing,Sneakers,Marketplace,2,100.67,201.34,121.3,80.04
ORD-102830,46190,East,Marcus Reed,Clothing,Jeans,Store,1,64.74,64.74,33.61,31.13
ORD-102925,46190,East,Marcus Reed,Clothing,Jacket,Online,6,102.84,617.04,348.23,268.81
ORD-102981,46190,West,Rachel Green,Electronics,Webcam,Online,1,104.94,104.94,61.46,43.48
ORD-103038,46190,South,Ana Lopez,Home,Coffee Maker,Online,1,119.84,119.84,76.32,43.52
ORD-103107,46190,West,Rachel Green,Home,Blender,Store,6,89.91,539.46,370.63,168.83
ORD-103238,46190,South,Chris Brown,Home,Coffee Maker,Online,5,109.34,546.7,360.26,186.44
ORD-103762,46190,South,Ana Lopez,Home,Blender,Marketplace,6,85.25,511.5,360.08,151.42
ORD-104085,46190,West,Tom Nguyen,Home,Coffee Maker,Store,4,125.75,503,318.06,184.94
ORD-104306,46190,South,Ana Lopez,Home,Vacuum,Store,3,188.4,565.2,404.03,161.17
ORD-104486,46190,South,Mike Davis,Electronics,Monitor,Online,5,266.98,1334.9,903.66,431.24
ORD-104968,46190,South,Chris Brown,Clothing,Jeans,Store,3,75.72,227.16,122.84,104.32
ORD-100036,46191,South,Chris Brown,Home,Blender,Online,3,87.58,262.74,183.92,78.82
ORD-100126,46191,North,Nina Patel,Home,Coffee Maker,Store,4,117.82,471.28,304.07,167.21
ORD-100179,46191,East,David Lee,Sports,Yoga Mat,Online,6,36.86,221.16,102.89,118.27
ORD-100192,46191,West,Tom Nguyen,Home,Blender,Store,1,84.69,84.69,57.89,26.8
ORD-100734,46191,East,Sarah Kim,Home,Coffee Maker,Store,6,109.33,655.98,404.37,251.61
ORD-100996,46191,South,Ana Lopez,Electronics,Keyboard,Store,4,68.56,274.24,157.3,116.94
ORD-101298,46191,North,James Wilson,Home,Vacuum,Online,1,171.93,171.93,114.77,57.16
ORD-101426,46191,South,Mike Davis,Sports,Yoga Mat,Online,1,38.25,38.25,17.64,20.61
ORD-101548,46191,West,Tom Nguyen,Electronics,Headphones,Store,2,86.93,173.86,104.16,69.7
ORD-101718,46191,North,Emily Chen,Home,Air Fryer,Online,2,154.69,309.38,209.17,100.21
ORD-101971,46191,West,Tom Nguyen,Electronics,Monitor,Online,4,256.82,1027.28,693.11,334.17
ORD-102286,46191,West,Tom Nguyen,Home,Coffee Maker,Online,5,123.86,619.3,392.09,227.21
ORD-102488,46191,South,Chris Brown,Sports,Running Shoes,Online,1,128.95,128.95,75.7,53.25
ORD-102522,46191,North,Emily Chen,Sports,Yoga Mat,Store,1,36.71,36.71,18.11,18.6
ORD-103233,46191,East,Sarah Kim,Home,Blender,Online,3,79.89,239.67,163.28,76.39
ORD-103275,46191,East,Sarah Kim,Sports,Yoga Mat,Store,2,41.14,82.28,39.55,42.73
ORD-103478,46191,West,Tom Nguyen,Electronics,Keyboard,Marketplace,6,60.53,363.18,209.48,153.7
ORD-103604,46191,North,James Wilson,Electronics,Monitor,Marketplace,6,242.78,1456.68,1035.84,420.84
ORD-103790,46191,East,Marcus Reed,Electronics,Webcam,Store,2,114.03,228.06,134.61,93.45
ORD-103814,46191,South,Mike Davis,Clothing,Hoodie,Marketplace,5,55.29,276.45,138.67,137.78
ORD-103902,46191,East,Sarah Kim,Electronics,Monitor,Online,4,267.12,1068.48,774.71,293.77
ORD-104067,46191,South,Mike Davis,Home,Vacuum,Online,3,200.55,601.65,411.81,189.84
ORD-104094,46191,East,Marcus Reed,Electronics,Keyboard,Online,5,69.95,349.75,203.33,146.42
ORD-104143,46191,South,Mike Davis,Electronics,Monitor,Store,6,265.54,1593.24,1134.99,458.25
ORD-104254,46191,North,Emily Chen,Clothing,Hoodie,Store,2,64.05,128.1,62.87,65.23
ORD-104314,46191,West,Rachel Green,Sports,Yoga Mat,Marketplace,2,41.71,83.42,40.95,42.47
ORD-104349,46191,North,Nina Patel,Clothing,Jacket,Store,6,94.8,568.8,303.35,265.45
ORD-104392,46191,East,Marcus Reed,Home,Blender,Online,2,89.65,179.3,118.32,60.98
ORD-104508,46191,West,Tom Nguyen,Electronics,Headphones,Marketplace,6,90.23,541.38,345.33,196.05
ORD-104556,46191,East,Marcus Reed,Home,Blender,Marketplace,5,83.03,415.15,281.93,133.22
ORD-104795,46191,West,Tom Nguyen,Clothing,Jacket,Store,1,95.17,95.17,53.77,41.4
ORD-100104,46192,East,David Lee,Sports,Running Shoes,Online,1,118.65,118.65,67.57,51.08
ORD-100281,46192,North,James Wilson,Clothing,Jeans,Store,1,64.05,64.05,33.92,30.13
ORD-100632,46192,East,Sarah Kim,Home,Coffee Maker,Online,2,122.73,245.46,153.68,91.78
ORD-100659,46192,East,Marcus Reed,Electronics,Headphones,Marketplace,6,86.47,518.82,326.18,192.64
ORD-100822,46192,West,Jordan Smith,Sports,Yoga Mat,Online,1,42.08,42.08,20.61,21.47
ORD-100838,46192,South,Mike Davis,Electronics,Monitor,Store,4,258.65,1034.6,714.49,320.11
ORD-100880,46192,North,Emily Chen,Electronics,Keyboard,Online,3,58.55,175.65,105.39,70.26
ORD-100953,46192,South,Mike Davis,Sports,Fitness Tracker,Online,3,149.65,448.95,293.17,155.78
ORD-101013,46192,West,Tom Nguyen,Clothing,Jacket,Online,2,91.73,183.46,100.74,82.72
ORD-101404,46192,South,Chris Brown,Home,Blender,Online,3,91.96,275.88,187.54,88.34
ORD-101417,46192,East,Marcus Reed,Home,Coffee Maker,Store,2,117.91,235.82,146.19,89.63
ORD-101723,46192,South,Chris Brown,Home,Vacuum,Online,6,190.35,1142.1,763.87,378.23
ORD-101922,46192,West,Rachel Green,Electronics,Headphones,Store,3,87.66,262.98,163.5,99.48
ORD-102023,46192,West,Tom Nguyen,Clothing,Jeans,Store,6,76.26,457.56,237.9,219.66
ORD-102285,46192,North,Emily Chen,Electronics,Keyboard,Online,6,66.27,397.62,230.28,167.34
ORD-102354,46192,East,Marcus Reed,Sports,Fitness Tracker,Store,4,149.16,596.64,393.12,203.52
ORD-102387,46192,South,Mike Davis,Home,Vacuum,Online,3,188.69,566.07,395.07,171
ORD-102511,46192,East,David Lee,Clothing,Jeans,Store,5,70.42,352.1,188.19,163.91
ORD-102657,46192,East,David Lee,Electronics,Monitor,Online,1,240.83,240.83,163.83,77
ORD-102784,46192,West,Rachel Green,Sports,Running Shoes,Marketplace,2,129.54,259.08,154.89,104.19
ORD-102788,46192,North,James Wilson,Home,Vacuum,Marketplace,3,180.06,540.18,365.29,174.89
ORD-102861,46192,West,Jordan Smith,Electronics,Monitor,Marketplace,1,241.46,241.46,166.95,74.51
ORD-102992,46192,South,Chris Brown,Electronics,Keyboard,Store,5,70.85,354.25,209.9,144.35
ORD-103347,46192,South,Chris Brown,Sports,Yoga Mat,Online,2,36.18,72.36,34.58,37.78
ORD-103482,46192,West,Jordan Smith,Clothing,Jacket,Online,1,92.7,92.7,49.46,43.24
ORD-103704,46192,South,Ana Lopez,Sports,Yoga Mat,Online,3,41.29,123.87,57.69,66.18
ORD-103729,46192,North,Nina Patel,Clothing,Jeans,Online,1,75.25,75.25,38.49,36.76
ORD-103831,46192,South,Chris Brown,Electronics,Headphones,Marketplace,1,84.36,84.36,51.88,32.48
ORD-104127,46192,West,Rachel Green,Electronics,Monitor,Online,4,230.06,920.24,650.85,269.39
ORD-104578,46192,East,Marcus Reed,Sports,Yoga Mat,Marketplace,6,42.62,255.72,123.26,132.46
ORD-104859,46192,North,Emily Chen,Electronics,Webcam,Online,3,108.61,325.83,196.15,129.68
ORD-104911,46192,North,James Wilson,Electronics,Keyboard,Online,6,65.24,391.44,228.82,162.62
ORD-100121,46193,West,Rachel Green,Home,Coffee Maker,Online,3,129.35,388.05,246.27,141.78
ORD-100509,46193,West,Tom Nguyen,Clothing,Sneakers,Store,4,110.09,440.36,272.77,167.59
ORD-100612,46193,North,Nina Patel,Clothing,Hoodie,Online,1,61.39,61.39,29.79,31.6
ORD-100740,46193,East,Sarah Kim,Electronics,Headphones,Online,2,90.08,180.16,111.95,68.21
ORD-101042,46193,South,Mike Davis,Electronics,Headphones,Online,3,95.92,287.76,173.34,114.42
ORD-101131,46193,East,Marcus Reed,Home,Coffee Maker,Marketplace,6,131.53,789.18,520.63,268.55
ORD-101187,46193,North,Emily Chen,Clothing,Hoodie,Store,1,62.01,62.01,30.68,31.33
ORD-101279,46193,South,Mike Davis,Home,Coffee Maker,Online,1,120.03,120.03,75.77,44.26
ORD-101409,46193,South,Ana Lopez,Home,Blender,Online,4,85.01,340.04,223.09,116.95
ORD-101591,46193,North,Emily Chen,Electronics,Headphones,Store,6,97.74,586.44,374.11,212.33
ORD-101662,46193,North,Nina Patel,Clothing,Jeans,Store,5,66.2,331,167.18,163.82
ORD-101967,46193,North,Emily Chen,Clothing,Sneakers,Store,4,107.3,429.2,254.15,175.05
ORD-102060,46193,East,Marcus Reed,Clothing,Hoodie,Store,6,58.96,353.76,172.76,181
ORD-102169,46193,East,Sarah Kim,Clothing,Jacket,Store,2,100.74,201.48,113.4,88.08
ORD-102185,46193,North,Nina Patel,Clothing,Hoodie,Store,1,60.14,60.14,31.03,29.11
ORD-102212,46193,East,Marcus Reed,Electronics,Monitor,Online,1,254.33,254.33,172.7,81.63
ORD-102313,46193,East,Sarah Kim,Clothing,Jeans,Marketplace,5,65.46,327.3,167.14,160.16
ORD-102395,46193,West,Tom Nguyen,Sports,Dumbbells,Online,5,68.07,340.35,214.68,125.67
ORD-102694,46193,South,Ana Lopez,Clothing,Jeans,Store,5,70.79,353.95,190.84,163.11
ORD-102909,46193,West,Rachel Green,Electronics,Keyboard,Online,5,62.68,313.4,187.68,125.72
ORD-103099,46193,South,Chris Brown,Sports,Dumbbells,Online,3,74.95,224.85,140.62,84.23
ORD-103474,46193,North,Nina Patel,Home,Vacuum,Marketplace,4,201.29,805.16,536.2,268.96
ORD-104117,46193,East,Sarah Kim,Clothing,Jeans,Online,4,72.52,290.08,154.1,135.98
ORD-104178,46193,East,David Lee,Sports,Yoga Mat,Online,1,42.5,42.5,19.8,22.7
ORD-104294,46193,South,Chris Brown,Clothing,Jeans,Online,5,76.09,380.45,200.11,180.34
ORD-104637,46193,South,Mike Davis,Clothing,Jeans,Store,4,73.23,292.92,152.68,140.24
ORD-104688,46193,East,Marcus Reed,Home,Vacuum,Online,2,186.16,372.32,258.03,114.29
ORD-104703,46193,South,Chris Brown,Sports,Fitness Tracker,Store,2,145.04,290.08,192.42,97.66
ORD-104796,46193,East,Marcus Reed,Electronics,Webcam,Store,2,118.17,236.34,144.08,92.26
ORD-104912,46193,East,Sarah Kim,Electronics,Keyboard,Marketplace,1,60.42,60.42,34.28,26.14
ORD-104942,46193,North,Emily Chen,Electronics,Keyboard,Marketplace,4,66.25,265,156.18,108.82
ORD-100464,46194,West,Tom Nguyen,Electronics,Headphones,Store,1,87.22,87.22,55.38,31.84
ORD-100683,46194,East,Sarah Kim,Home,Coffee Maker,Online,1,123.73,123.73,77.97,45.76
ORD-100895,46194,East,David Lee,Sports,Dumbbells,Online,1,78.07,78.07,47.44,30.63
ORD-100900,46194,East,Marcus Reed,Sports,Dumbbells,Store,5,71.68,358.4,226.76,131.64
ORD-101086,46194,North,Nina Patel,Clothing,Jeans,Store,3,76.97,230.91,124.73,106.18
ORD-101322,46194,South,Ana Lopez,Sports,Yoga Mat,Online,2,41.64,83.28,40.86,42.42
ORD-101493,46194,East,David Lee,Sports,Fitness Tracker,Online,1,133.7,133.7,88.07,45.63
ORD-101549,46194,South,Ana Lopez,Electronics,Webcam,Store,5,112.98,564.9,332,232.9
ORD-101558,46194,East,Sarah Kim,Home,Air Fryer,Store,3,142.36,427.08,276.21,150.87
ORD-101797,46194,East,David Lee,Clothing,Sneakers,Online,3,120.55,361.65,213.15,148.5
ORD-102147,46194,South,Chris Brown,Sports,Dumbbells,Online,5,74.49,372.45,230.12,142.33
ORD-102216,46194,West,Jordan Smith,Clothing,Jacket,Online,1,87.13,87.13,48.31,38.82
ORD-102344,46194,West,Rachel Green,Home,Blender,Online,3,81.67,245.01,165.12,79.89
ORD-102939,46194,South,Ana Lopez,Clothing,Sneakers,Store,6,100.7,604.2,361.92,242.28
ORD-103029,46194,West,Rachel Green,Clothing,Hoodie,Online,4,54.02,216.08,110.54,105.54
ORD-103072,46194,South,Ana Lopez,Home,Blender,Online,2,88.25,176.5,122.76,53.74
ORD-103159,46194,East,David Lee,Sports,Fitness Tracker,Store,5,146.47,732.35,465.57,266.78
ORD-103163,46194,East,Sarah Kim,Sports,Dumbbells,Store,1,72.27,72.27,44.22,28.05
ORD-103497,46194,South,Ana Lopez,Clothing,Sneakers,Store,4,115.38,461.52,283.7,177.82
ORD-103794,46194,West,Tom Nguyen,Home,Air Fryer,Store,2,149.9,299.8,205.41,94.39
ORD-104016,46194,North,Emily Chen,Home,Air Fryer,Store,4,140.71,562.84,373.82,189.02
ORD-104146,46194,South,Ana Lopez,Sports,Yoga Mat,Online,1,41.37,41.37,20.39,20.98
ORD-104582,46194,East,David Lee,Clothing,Sneakers,Store,3,120.64,361.92,210.63,151.29
ORD-104865,46194,East,Sarah Kim,Sports,Yoga Mat,Online,5,43.17,215.85,100.02,115.83
ORD-104904,46194,North,Nina Patel,Clothing,Hoodie,Marketplace,4,63.83,255.32,124.78,130.54
ORD-100770,46195,East,Sarah Kim,Clothing,Jeans,Online,1,69.38,69.38,37.32,32.06
ORD-101100,46195,East,Sarah Kim,Clothing,Sneakers,Marketplace,2,101.45,202.9,122.5,80.4
ORD-101126,46195,South,Mike Davis,Clothing,Jacket,Marketplace,6,90.69,544.14,288.01,256.13
ORD-101248,46195,East,David Lee,Home,Air Fryer,Store,3,157.9,473.7,311.64,162.06
ORD-101300,46195,East,Sarah Kim,Clothing,Hoodie,Online,3,60.68,182.04,94.44,87.6
ORD-101382,46195,West,Jordan Smith,Sports,Running Shoes,Marketplace,2,135.7,271.4,160.57,110.83
ORD-101560,46195,West,Tom Nguyen,Sports,Fitness Tracker,Store,3,148.48,445.44,282.26,163.18
ORD-101617,46195,East,David Lee,Electronics,Webcam,Online,2,99.31,198.62,121.01,77.61
ORD-102041,46195,East,David Lee,Clothing,Jacket,Store,5,88.48,442.4,244.43,197.97
ORD-102401,46195,North,James Wilson,Electronics,Webcam,Online,5,118.99,594.95,360.54,234.41
ORD-102594,46195,East,Sarah Kim,Home,Vacuum,Online,3,199.2,597.6,419.68,177.92
ORD-102630,46195,East,Sarah Kim,Clothing,Hoodie,Store,3,55.22,165.66,83.65,82.01
ORD-102823,46195,South,Ana Lopez,Electronics,Monitor,Store,2,252.52,505.04,361.18,143.86
ORD-102843,46195,West,Jordan Smith,Clothing,Hoodie,Online,4,57.48,229.92,113.3,116.62
ORD-102848,46195,West,Jordan Smith,Home,Blender,Online,1,88.75,88.75,62.68,26.07
ORD-102857,46195,East,Marcus Reed,Sports,Dumbbells,Store,5,80.21,401.05,247.98,153.07
ORD-103105,46195,North,Nina Patel,Home,Blender,Marketplace,5,78.24,391.2,273.85,117.35
ORD-103352,46195,East,Marcus Reed,Sports,Yoga Mat,Marketplace,2,38.28,76.56,37.41,39.15
ORD-103445,46195,East,Marcus Reed,Home,Vacuum,Store,1,175.45,175.45,116.97,58.48
ORD-103504,46195,West,Tom Nguyen,Sports,Dumbbells,Store,5,71.27,356.35,217.81,138.54
ORD-103506,46195,South,Mike Davis,Home,Blender,Store,2,81.06,162.12,110.18,51.94
ORD-103867,46195,West,Tom Nguyen,Sports,Dumbbells,Store,3,79.79,239.37,145.88,93.49
ORD-103986,46195,South,Ana Lopez,Electronics,Monitor,Online,4,260.65,1042.6,727.03,315.57
ORD-104069,46195,East,Marcus Reed,Sports,Yoga Mat,Online,5,42.19,210.95,101.86,109.09
ORD-104107,46195,East,Sarah Kim,Clothing,Jeans,Marketplace,1,68.99,68.99,36.85,32.14
ORD-104197,46195,South,Ana Lopez,Electronics,Webcam,Store,2,111.46,222.92,138.29,84.63
ORD-104243,46195,South,Mike Davis,Electronics,Monitor,Store,5,237.27,1186.35,852.94,333.41
ORD-104250,46195,North,Nina Patel,Home,Blender,Online,6,92.62,555.72,391.44,164.28
ORD-104297,46195,East,Sarah Kim,Home,Air Fryer,Online,6,161.1,966.6,656.33,310.27
ORD-104432,46195,South,Ana Lopez,Electronics,Webcam,Store,4,115.8,463.2,281.49,181.71
ORD-104628,46195,North,Emily Chen,Home,Blender,Online,6,91.62,549.72,375.19,174.53
ORD-100196,46196,East,David Lee,Electronics,Keyboard,Online,2,59.76,119.52,71.8,47.72
ORD-100269,46196,North,Emily Chen,Home,Blender,Store,4,87.32,349.28,235.77,113.51
ORD-100472,46196,North,James Wilson,Electronics,Headphones,Online,6,85.61,513.66,331.19,182.47
ORD-100535,46196,North,Nina Patel,Electronics,Monitor,Marketplace,2,250.54,501.08,339.26,161.82
ORD-100647,46196,West,Jordan Smith,Clothing,Jacket,Store,4,98.45,393.8,211.99,181.81
ORD-100718,46196,West,Tom Nguyen,Sports,Running Shoes,Store,6,128.38,770.28,458.44,311.84
ORD-100993,46196,West,Tom Nguyen,Clothing,Hoodie,Store,5,64.68,323.4,162.93,160.47
ORD-101101,46196,South,Mike Davis,Home,Vacuum,Online,4,190.36,761.44,511.98,249.46
ORD-101454,46196,West,Rachel Green,Electronics,Headphones,Store,2,82.6,165.2,104.33,60.87
ORD-101947,46196,West,Jordan Smith,Electronics,Monitor,Store,4,240.3,961.2,693.99,267.21
ORD-102146,46196,North,Nina Patel,Sports,Dumbbells,Online,1,80.33,80.33,50.57,29.76
ORD-102262,46196,South,Chris Brown,Electronics,Keyboard,Online,5,70.66,353.3,206.61,146.69
ORD-102307,46196,West,Rachel Green,Clothing,Hoodie,Online,2,56.39,112.78,55.25,57.53
ORD-102383,46196,West,Tom Nguyen,Sports,Fitness Tracker,Marketplace,3,136.59,409.77,265.5,144.27
ORD-102546,46196,South,Ana Lopez,Electronics,Webcam,Online,3,113.64,340.92,199.59,141.33
ORD-102808,46196,North,Emily Chen,Electronics,Keyboard,Marketplace,4,65.08,260.32,153.11,107.21
ORD-102813,46196,East,David Lee,Home,Vacuum,Online,3,187.89,563.67,393.27,170.4
ORD-103153,46196,North,Nina Patel,Sports,Fitness Tracker,Online,6,132.13,792.78,519.49,273.29
ORD-103160,46196,South,Mike Davis,Electronics,Monitor,Marketplace,3,266.34,799.02,561.91,237.11
ORD-103294,46196,West,Jordan Smith,Sports,Dumbbells,Store,3,74.26,222.78,135.36,87.42
ORD-103792,46196,South,Chris Brown,Electronics,Monitor,Marketplace,5,250.08,1250.4,860.75,389.65
ORD-103940,46196,South,Ana Lopez,Sports,Dumbbells,Online,3,76.62,229.86,142.78,87.08
ORD-103991,46196,East,David Lee,Electronics,Webcam,Store,2,105.65,211.3,123.4,87.9
ORD-104040,46196,South,Chris Brown,Home,Vacuum,Marketplace,5,207.49,1037.45,744.28,293.17
ORD-104098,46196,West,Rachel Green,Home,Blender,Online,1,87.96,87.96,57.8,30.16
ORD-104142,46196,East,Sarah Kim,Sports,Yoga Mat,Online,3,39.63,118.89,57.75,61.14
ORD-104172,46196,South,Ana Lopez,Sports,Dumbbells,Marketplace,3,77.06,231.18,138.85,92.33
ORD-104196,46196,South,Mike Davis,Electronics,Keyboard,Online,4,66.65,266.6,154.09,112.51
ORD-104225,46196,South,Chris Brown,Home,Air Fryer,Online,3,148.61,445.83,306.39,139.44
ORD-104521,46196,South,Mike Davis,Sports,Yoga Mat,Store,1,37.97,37.97,18.19,19.78
ORD-104559,46196,West,Rachel Green,Electronics,Webcam,Online,3,110.29,330.87,202.29,128.58
ORD-104673,46196,South,Ana Lopez,Electronics,Keyboard,Marketplace,3,61.32,183.96,103.66,80.3
ORD-104823,46196,West,Jordan Smith,Clothing,Jeans,Online,4,75.75,303,152.88,150.12
ORD-100025,46197,West,Rachel Green,Electronics,Keyboard,Online,4,70.67,282.68,159.56,123.12
ORD-100154,46197,North,James Wilson,Sports,Fitness Tracker,Online,6,141.25,847.5,558.89,288.61
ORD-100575,46197,South,Mike Davis,Electronics,Webcam,Online,2,118.85,237.7,146,91.7
ORD-100605,46197,East,David Lee,Sports,Running Shoes,Store,1,131.82,131.82,75.08,56.74
ORD-101228,46197,South,Ana Lopez,Electronics,Monitor,Store,6,228.85,1373.1,982.15,390.95
ORD-101506,46197,South,Ana Lopez,Clothing,Jacket,Marketplace,4,103.08,412.32,226.29,186.03
ORD-101620,46197,East,David Lee,Electronics,Headphones,Store,2,90.14,180.28,109.25,71.03
ORD-101784,46197,East,David Lee,Sports,Running Shoes,Store,4,117.01,468.04,274.76,193.28
ORD-101789,46197,North,James Wilson,Electronics,Headphones,Online,2,90.93,181.86,116.71,65.15
ORD-101851,46197,East,David Lee,Electronics,Webcam,Marketplace,4,105.61,422.44,248.69,173.75
ORD-102048,46197,East,Sarah Kim,Clothing,Hoodie,Online,1,54.77,54.77,26.56,28.21
ORD-102322,46197,North,Emily Chen,Sports,Fitness Tracker,Store,2,138.89,277.78,177.04,100.74
ORD-102359,46197,East,Sarah Kim,Home,Air Fryer,Online,1,139.99,139.99,92.44,47.55
ORD-102460,46197,East,Marcus Reed,Home,Air Fryer,Store,2,137.48,274.96,183.25,91.71
ORD-102605,46197,South,Mike Davis,Electronics,Headphones,Store,3,94.48,283.44,177.71,105.73
ORD-102718,46197,West,Rachel Green,Home,Coffee Maker,Store,4,128.02,512.08,327.95,184.13
ORD-102855,46197,North,Nina Patel,Electronics,Webcam,Store,4,110.38,441.52,267.92,173.6
ORD-102974,46197,East,Marcus Reed,Home,Blender,Marketplace,4,90.09,360.36,253.35,107.01
ORD-103030,46197,West,Tom Nguyen,Home,Blender,Store,2,88.42,176.84,116.07,60.77
ORD-103121,46197,West,Jordan Smith,Home,Coffee Maker,Store,5,126.11,630.55,388.2,242.35
ORD-103331,46197,South,Mike Davis,Electronics,Webcam,Marketplace,4,109.5,438,258.9,179.1
ORD-103420,46197,North,Nina Patel,Home,Blender,Online,5,89.2,446,299.74,146.26
ORD-103515,46197,North,James Wilson,Electronics,Webcam,Store,1,109.4,109.4,63.64,45.76
ORD-103738,46197,North,Emily Chen,Home,Air Fryer,Marketplace,1,155.34,155.34,107.68,47.66
ORD-104020,46197,West,Tom Nguyen,Sports,Dumbbells,Online,2,73.47,146.94,91.82,55.12
ORD-104553,46197,North,Emily Chen,Electronics,Headphones,Store,5,92.45,462.25,287.04,175.21
ORD-104569,46197,West,Tom Nguyen,Home,Vacuum,Store,2,199.44,398.88,275.73,123.15
ORD-104646,46197,West,Tom Nguyen,Sports,Yoga Mat,Marketplace,4,42.74,170.96,84.47,86.49
ORD-100089,46198,North,Nina Patel,Electronics,Monitor,Store,1,249.48,249.48,181.42,68.06
ORD-100283,46198,East,Sarah Kim,Home,Air Fryer,Store,6,141.46,848.76,585.03,263.73
ORD-100341,46198,East,Marcus Reed,Electronics,Keyboard,Online,1,68.41,68.41,41.22,27.19
ORD-100525,46198,South,Ana Lopez,Home,Vacuum,Online,4,184.14,736.56,520.04,216.52
ORD-100657,46198,East,Marcus Reed,Electronics,Headphones,Online,6,84.27,505.62,309.26,196.36
ORD-100794,46198,North,Emily Chen,Electronics,Headphones,Marketplace,4,86.45,345.8,211.53,134.27
ORD-100811,46198,West,Tom Nguyen,Home,Air Fryer,Store,4,162.11,648.44,422.81,225.63
ORD-100853,46198,East,Marcus Reed,Clothing,Jacket,Store,2,100.69,201.38,109.74,91.64
ORD-101039,46198,South,Mike Davis,Sports,Running Shoes,Marketplace,3,135.46,406.38,230.58,175.8
ORD-101236,46198,South,Ana Lopez,Electronics,Monitor,Store,3,241.12,723.36,524.53,198.83
ORD-101267,46198,South,Chris Brown,Electronics,Keyboard,Online,3,63.78,191.34,110.12,81.22
ORD-101333,46198,South,Ana Lopez,Home,Vacuum,Online,1,193.84,193.84,135.07,58.77
ORD-101726,46198,North,Nina Patel,Sports,Yoga Mat,Online,1,43.22,43.22,21.37,21.85
ORD-102222,46198,South,Ana Lopez,Clothing,Hoodie,Online,5,61.19,305.95,154.82,151.13
ORD-102311,46198,East,Marcus Reed,Home,Coffee Maker,Marketplace,1,125.83,125.83,81.73,44.1
ORD-102338,46198,East,Marcus Reed,Home,Coffee Maker,Store,6,115.63,693.78,427.58,266.2
ORD-102340,46198,South,Ana Lopez,Sports,Running Shoes,Online,1,113.76,113.76,66.31,47.45
ORD-102602,46198,East,Marcus Reed,Electronics,Headphones,Store,1,84.69,84.69,51.38,33.31
ORD-102833,46198,South,Mike Davis,Sports,Dumbbells,Online,2,80.51,161.02,99.4,61.62
ORD-103225,46198,North,Nina Patel,Home,Vacuum,Online,3,184.4,553.2,390.23,162.97
ORD-103432,46198,East,Sarah Kim,Electronics,Webcam,Online,6,110.21,661.26,391.99,269.27
ORD-103475,46198,East,Marcus Reed,Electronics,Keyboard,Store,4,60.57,242.28,138.44,103.84
ORD-104039,46198,East,Sarah Kim,Electronics,Monitor,Store,6,257.57,1545.42,1064.28,481.14
ORD-104240,46198,West,Jordan Smith,Home,Vacuum,Store,4,197.62,790.48,547.44,243.04
ORD-104251,46198,East,Marcus Reed,Clothing,Jeans,Online,6,71.27,427.62,218.03,209.59
ORD-104435,46198,East,Sarah Kim,Home,Air Fryer,Online,5,159.11,795.55,551.15,244.4
ORD-100460,46199,East,David Lee,Clothing,Sneakers,Online,3,105.17,315.51,186.74,128.77
ORD-100818,46199,West,Rachel Green,Electronics,Monitor,Marketplace,1,265.02,265.02,191.18,73.84
ORD-100884,46199,West,Tom Nguyen,Clothing,Jeans,Store,2,73.07,146.14,74.55,71.59
ORD-100972,46199,South,Mike Davis,Electronics,Monitor,Store,3,249.65,748.95,519.21,229.74
ORD-101220,46199,South,Chris Brown,Electronics,Webcam,Marketplace,1,101.47,101.47,59.7,41.77
ORD-101356,46199,South,Mike Davis,Home,Blender,Marketplace,6,83.24,499.44,351.76,147.68
ORD-101624,46199,West,Tom Nguyen,Electronics,Monitor,Marketplace,4,233.58,934.32,669.76,264.56
ORD-101647,46199,East,Marcus Reed,Sports,Yoga Mat,Online,5,41.79,208.95,102.47,106.48
ORD-101686,46199,North,Nina Patel,Home,Air Fryer,Online,1,157.91,157.91,105.03,52.88
ORD-101933,46199,East,Sarah Kim,Clothing,Jeans,Store,1,71.36,71.36,37.95,33.41
ORD-101956,46199,South,Mike Davis,Home,Coffee Maker,Online,3,108.1,324.3,210.68,113.62
ORD-102139,46199,North,Nina Patel,Sports,Dumbbells,Store,6,78.18,469.08,284.59,184.49
ORD-102315,46199,North,Emily Chen,Electronics,Keyboard,Online,4,67.98,271.92,158.57,113.35
ORD-102325,46199,West,Jordan Smith,Sports,Yoga Mat,Online,6,41.26,247.56,116.67,130.89
ORD-103049,46199,South,Ana Lopez,Sports,Dumbbells,Marketplace,2,70.51,141.02,88.63,52.39
ORD-103918,46199,East,Sarah Kim,Home,Blender,Store,3,81.54,244.62,165.34,79.28
ORD-104057,46199,North,Nina Patel,Clothing,Hoodie,Online,4,65.1,260.4,131.87,128.53
ORD-104382,46199,East,Sarah Kim,Clothing,Jacket,Online,6,99.94,599.64,317.6,282.04
ORD-104413,46199,South,Ana Lopez,Sports,Dumbbells,Marketplace,1,78.38,78.38,48.87,29.51
ORD-100011,46200,North,Emily Chen,Sports,Yoga Mat,Online,2,38.25,76.5,36.11,40.39
ORD-100293,46200,East,Marcus Reed,Home,Vacuum,Online,4,183.78,735.12,527.02,208.1
ORD-100737,46200,East,David Lee,Electronics,Monitor,Online,1,254.48,254.48,177.5,76.98
ORD-100801,46200,East,David Lee,Sports,Dumbbells,Store,6,75.85,455.1,267.78,187.32
ORD-101182,46200,South,Mike Davis,Home,Vacuum,Online,3,208.04,624.12,438.43,185.69
ORD-101229,46200,South,Ana Lopez,Home,Blender,Store,3,77.36,232.08,155.28,76.8
ORD-101269,46200,South,Chris Brown,Electronics,Monitor,Store,3,271.87,815.61,577.06,238.55
ORD-101602,46200,West,Tom Nguyen,Electronics,Monitor,Store,4,240.62,962.48,651.08,311.4
ORD-101615,46200,South,Chris Brown,Home,Coffee Maker,Marketplace,6,128.37,770.22,503.8,266.42
ORD-101680,46200,South,Ana Lopez,Clothing,Sneakers,Online,6,105.59,633.54,382.59,250.95
ORD-101712,46200,East,David Lee,Sports,Running Shoes,Online,4,123.78,495.12,285.02,210.1
ORD-101822,46200,North,James Wilson,Home,Coffee Maker,Online,6,121.78,730.68,454.47,276.21
ORD-101840,46200,North,Nina Patel,Home,Vacuum,Online,5,195.71,978.55,665.13,313.42
ORD-102039,46200,West,Jordan Smith,Clothing,Jacket,Marketplace,4,100.72,402.88,228.36,174.52
ORD-102183,46200,West,Tom Nguyen,Electronics,Headphones,Marketplace,5,98.58,492.9,313.14,179.76
ORD-102535,46200,South,Ana Lopez,Electronics,Headphones,Online,5,96.94,484.7,299.41,185.29
ORD-102650,46200,West,Tom Nguyen,Clothing,Hoodie,Store,1,57.89,57.89,29.42,28.47
ORD-102671,46200,North,Emily Chen,Clothing,Jeans,Store,3,74.29,222.87,113.84,109.03
ORD-102779,46200,East,Sarah Kim,Sports,Yoga Mat,Store,6,36.44,218.64,106.87,111.77
ORD-102851,46200,South,Chris Brown,Home,Blender,Store,6,92.69,556.14,365.21,190.93
ORD-102985,46200,South,Ana Lopez,Clothing,Jeans,Online,2,74.98,149.96,77.93,72.03
ORD-103002,46200,South,Chris Brown,Clothing,Jeans,Marketplace,4,75.16,300.64,153.35,147.29
ORD-103257,46200,North,Emily Chen,Electronics,Headphones,Marketplace,1,94.21,94.21,57.08,37.13
ORD-103845,46200,West,Jordan Smith,Clothing,Sneakers,Marketplace,6,103.9,623.4,387.63,235.77
ORD-103897,46200,East,David Lee,Clothing,Jeans,Online,2,66.04,132.08,67.57,64.51
ORD-103915,46200,West,Tom Nguyen,Home,Air Fryer,Store,1,156.32,156.32,102.17,54.15
ORD-103931,46200,South,Chris Brown,Sports,Yoga Mat,Store,4,37.08,148.32,70.61,77.71
ORD-103939,46200,East,David Lee,Home,Vacuum,Store,2,181.47,362.94,246.77,116.17
ORD-103945,46200,East,Sarah Kim,Home,Blender,Online,2,79.17,158.34,110.48,47.86
ORD-103947,46200,North,Nina Patel,Electronics,Monitor,Online,5,264.92,1324.6,933.68,390.92
ORD-104027,46200,West,Rachel Green,Home,Air Fryer,Store,2,141.17,282.34,193.58,88.76
ORD-104121,46200,South,Chris Brown,Electronics,Headphones,Online,2,97.83,195.66,120.52,75.14
ORD-104141,46200,West,Tom Nguyen,Home,Blender,Store,4,85.27,341.08,235.43,105.65
ORD-104149,46200,East,Marcus Reed,Electronics,Monitor,Marketplace,3,259.99,779.97,551.06,228.91
ORD-104311,46200,West,Rachel Green,Clothing,Sneakers,Online,3,105.44,316.32,194.81,121.51
ORD-104480,46200,West,Jordan Smith,Home,Coffee Maker,Online,4,112.92,451.68,280.96,170.72
ORD-104542,46200,South,Mike Davis,Electronics,Headphones,Online,4,85.1,340.4,208.7,131.7
ORD-104621,46200,East,David Lee,Electronics,Monitor,Online,6,240.35,1442.1,981.56,460.54
ORD-104933,46200,North,Nina Patel,Sports,Fitness Tracker,Marketplace,6,137.41,824.46,547.94,276.52
ORD-100105,46201,South,Ana Lopez,Home,Blender,Online,1,83.04,83.04,54.48,28.56
ORD-100241,46201,West,Jordan Smith,Clothing,Jeans,Online,2,66.34,132.68,69.01,63.67
ORD-100530,46201,East,Marcus Reed,Electronics,Keyboard,Store,2,64.21,128.42,75.88,52.54
ORD-100812,46201,West,Tom Nguyen,Home,Vacuum,Online,6,177.59,1065.54,740.17,325.37
ORD-100943,46201,North,Nina Patel,Electronics,Webcam,Online,2,107.67,215.34,124.22,91.12
ORD-101020,46201,North,James Wilson,Clothing,Jeans,Online,1,72.96,72.96,36.9,36.06
ORD-101073,46201,South,Ana Lopez,Sports,Running Shoes,Store,6,127.09,762.54,453.61,308.93
ORD-101354,46201,East,Sarah Kim,Electronics,Webcam,Marketplace,3,111.04,333.12,203.95,129.17
ORD-101536,46201,South,Ana Lopez,Sports,Fitness Tracker,Online,3,134.76,404.28,261.81,142.47
ORD-101704,46201,South,Chris Brown,Clothing,Hoodie,Online,2,58.71,117.42,59.87,57.55
ORD-101905,46201,South,Mike Davis,Electronics,Webcam,Store,3,106.01,318.03,190.61,127.42
ORD-101953,46201,North,Nina Patel,Clothing,Jeans,Store,6,72.96,437.76,234.48,203.28
ORD-102037,46201,East,Marcus Reed,Sports,Fitness Tracker,Online,6,138.82,832.92,545.94,286.98
ORD-102071,46201,South,Chris Brown,Sports,Yoga Mat,Online,6,41.13,246.78,123.18,123.6
ORD-102193,46201,West,Tom Nguyen,Home,Blender,Store,3,81.26,243.78,161.29,82.49
ORD-102195,46201,North,Nina Patel,Sports,Fitness Tracker,Store,3,150.75,452.25,302.85,149.4
ORD-102223,46201,South,Chris Brown,Sports,Dumbbells,Online,2,81.94,163.88,96.45,67.43
ORD-102372,46201,West,Rachel Green,Clothing,Jeans,Online,2,64.79,129.58,65.29,64.29
ORD-102471,46201,East,David Lee,Sports,Yoga Mat,Online,2,43.55,87.1,41.57,45.53
ORD-102475,46201,West,Tom Nguyen,Electronics,Headphones,Marketplace,5,82.87,414.35,252.21,162.14
ORD-102732,46201,South,Mike Davis,Electronics,Webcam,Online,2,120.64,241.28,139.16,102.12
ORD-102926,46201,West,Jordan Smith,Clothing,Sneakers,Store,3,108.06,324.18,191.78,132.4
ORD-103139,46201,East,David Lee,Home,Air Fryer,Online,2,139.1,278.2,183.98,94.22
ORD-103351,46201,East,Marcus Reed,Electronics,Headphones,Online,5,86.68,433.4,267.76,165.64
ORD-103436,46201,West,Rachel Green,Electronics,Headphones,Online,2,85.67,171.34,110.43,60.91
ORD-103692,46201,North,James Wilson,Home,Air Fryer,Store,4,159.4,637.6,420.62,216.98
ORD-103800,46201,North,Nina Patel,Home,Blender,Online,5,93.5,467.5,325.14,142.36
ORD-104077,46201,South,Mike Davis,Sports,Yoga Mat,Online,3,43.95,131.85,62.57,69.28
ORD-104200,46201,West,Tom Nguyen,Sports,Yoga Mat,Marketplace,6,43.2,259.2,121.72,137.48
ORD-104483,46201,West,Rachel Green,Sports,Yoga Mat,Store,4,41.26,165.04,76.87,88.17
ORD-104519,46201,North,Nina Patel,Electronics,Webcam,Store,6,100.5,603,349.74,253.26
ORD-104662,46201,West,Tom Nguyen,Sports,Yoga Mat,Store,5,38.14,190.7,92.71,97.99
ORD-104986,46201,South,Chris Brown,Home,Coffee Maker,Online,3,118.87,356.61,227.82,128.79
ORD-100456,46202,South,Mike Davis,Sports,Yoga Mat,Online,1,37.56,37.56,17.35,20.21
ORD-100527,46202,North,James Wilson,Electronics,Webcam,Online,1,119.95,119.95,72.63,47.32
ORD-100648,46202,West,Tom Nguyen,Home,Air Fryer,Store,4,150.09,600.36,389.05,211.31
ORD-100927,46202,South,Chris Brown,Sports,Running Shoes,Online,6,128.98,773.88,439.08,334.8
ORD-101310,46202,South,Ana Lopez,Home,Vacuum,Online,4,177.18,708.72,481.31,227.41
ORD-101584,46202,East,Marcus Reed,Clothing,Jacket,Marketplace,2,99.4,198.8,110.13,88.67
ORD-101642,46202,East,Marcus Reed,Clothing,Hoodie,Online,1,54.34,54.34,26.45,27.89
ORD-101679,46202,East,Sarah Kim,Electronics,Keyboard,Marketplace,5,59.99,299.95,175.66,124.29
ORD-101759,46202,West,Rachel Green,Clothing,Jeans,Marketplace,3,69.98,209.94,106.45,103.49
ORD-101770,46202,South,Mike Davis,Home,Coffee Maker,Store,2,126.02,252.04,164.57,87.47
ORD-101837,46202,East,Sarah Kim,Sports,Dumbbells,Online,4,68.66,274.64,171.36,103.28
ORD-101977,46202,West,Tom Nguyen,Clothing,Sneakers,Store,5,107.18,535.9,321.7,214.2
ORD-102009,46202,North,James Wilson,Electronics,Webcam,Online,1,103.53,103.53,63.38,40.15
ORD-102067,46202,East,David Lee,Clothing,Hoodie,Online,4,56.4,225.6,111,114.6
ORD-102122,46202,East,David Lee,Electronics,Webcam,Store,4,114.08,456.32,268.89,187.43
ORD-102284,46202,South,Mike Davis,Electronics,Keyboard,Online,2,67.91,135.82,79.27,56.55
ORD-102902,46202,West,Rachel Green,Electronics,Webcam,Online,1,109.57,109.57,65.12,44.45
ORD-103055,46202,West,Tom Nguyen,Clothing,Jeans,Online,4,65.62,262.48,135.12,127.36
ORD-103301,46202,South,Mike Davis,Clothing,Sneakers,Online,5,110.28,551.4,318.24,233.16
ORD-103791,46202,North,Nina Patel,Home,Air Fryer,Store,3,135.35,406.05,280.9,125.15
ORD-103832,46202,East,Sarah Kim,Home,Vacuum,Store,2,184.96,369.92,261.14,108.78
ORD-104042,46202,South,Ana Lopez,Sports,Running Shoes,Online,1,129.14,129.14,76.47,52.67
ORD-104244,46202,North,James Wilson,Clothing,Hoodie,Store,5,65.19,325.95,161.07,164.88
ORD-104296,46202,North,Emily Chen,Sports,Yoga Mat,Online,1,36.01,36.01,16.63,19.38
ORD-100230,46203,East,Marcus Reed,Electronics,Monitor,Online,6,246.5,1479,1029.71,449.29
ORD-100574,46203,West,Rachel Green,Electronics,Monitor,Store,4,237.53,950.12,662.57,287.55
ORD-100615,46203,South,Ana Lopez,Home,Coffee Maker,Marketplace,5,116.41,582.05,357.98,224.07
ORD-100715,46203,South,Ana Lopez,Electronics,Keyboard,Store,4,60.67,242.68,135.62,107.06
ORD-100828,46203,West,Tom Nguyen,Clothing,Sneakers,Online,1,115.98,115.98,70.29,45.69
ORD-101489,46203,East,David Lee,Electronics,Monitor,Online,5,234.39,1171.95,815.36,356.59
ORD-101537,46203,East,Marcus Reed,Clothing,Jeans,Marketplace,3,69.79,209.37,112.62,96.75
ORD-101808,46203,East,David Lee,Clothing,Sneakers,Store,1,104.89,104.89,62.79,42.1
ORD-101876,46203,South,Mike Davis,Clothing,Jacket,Online,4,97.93,391.72,220.6,171.12
ORD-101912,46203,West,Jordan Smith,Sports,Yoga Mat,Store,2,37.77,75.54,34.88,40.66
ORD-102230,46203,South,Mike Davis,Home,Vacuum,Store,2,179.25,358.5,248.64,109.86
ORD-102271,46203,South,Ana Lopez,Home,Air Fryer,Store,5,159.86,799.3,521.79,277.51
ORD-102339,46203,South,Ana Lopez,Home,Blender,Online,2,87.42,174.84,122.61,52.23
ORD-102391,46203,South,Mike Davis,Clothing,Jacket,Online,3,103.43,310.29,173.4,136.89
ORD-102457,46203,North,Emily Chen,Electronics,Monitor,Store,6,237.24,1423.44,987.91,435.53
ORD-103218,46203,East,David Lee,Sports,Yoga Mat,Online,4,42.12,168.48,81.53,86.95
ORD-103804,46203,West,Jordan Smith,Sports,Yoga Mat,Online,2,37.42,74.84,35.23,39.61
ORD-104246,46203,East,David Lee,Home,Blender,Store,2,87.88,175.76,123.7,52.06
ORD-104437,46203,North,Nina Patel,Clothing,Jacket,Online,3,102.63,307.89,165.59,142.3
ORD-104457,46203,West,Tom Nguyen,Home,Coffee Maker,Store,5,118.65,593.25,377.08,216.17
ORD-104490,46203,West,Tom Nguyen,Electronics,Headphones,Store,6,96.64,579.84,366.29,213.55
ORD-104572,46203,North,Nina Patel,Home,Air Fryer,Store,1,144.64,144.64,100.24,44.4
ORD-104598,46203,North,Nina Patel,Home,Air Fryer,Online,4,149.78,599.12,414.28,184.84
ORD-104730,46203,East,Sarah Kim,Clothing,Hoodie,Online,1,60.39,60.39,29,31.39
ORD-104781,46203,East,Marcus Reed,Electronics,Headphones,Online,2,94.23,188.46,117.54,70.92
ORD-104847,46203,South,Ana Lopez,Home,Vacuum,Store,2,191.4,382.8,261.68,121.12
